trace,object,discriminator_confidence,survives_box_gates
intento_113431_yellow_trim,yellow_trim,0.0243,0
intento_113431_yellow_trim,yellow_trim,0.255,0
intento_113431_yellow_trim,yellow_trim,0.4416,0
intento_113431_yellow_trim,yellow_trim,0.4069,0
intento_113431_yellow_trim,yellow_trim,0.2249,0
intento_113431_yellow_trim,yellow_trim,0.2352,0
intento_113431_yellow_trim,yellow_trim,0.2002,0
intento_113431_yellow_trim,yellow_trim,0.4335,0
intento_113431_yellow_trim,yellow_trim,0.1393,0
intento_113431_yellow_trim,yellow_trim,0.6773,1
intento_113431_yellow_trim,yellow_trim,0.0185,0
intento_113431_yellow_trim,yellow_trim,0.4346,0
intento_113431_yellow_trim,yellow_trim,0.2587,0
intento_113431_yellow_trim,yellow_trim,0.1347,0
intento_113431_yellow_trim,yellow_trim,0.4091,0
intento_113431_yellow_trim,yellow_trim,0.1087,0
intento_113431_yellow_trim,yellow_trim,0.0746,0
intento_113431_yellow_trim,yellow_trim,0.4071,0
intento_113431_yellow_trim,yellow_trim,0.0376,0
intento_113431_yellow_trim,yellow_trim,0.3143,0
intento_113431_yellow_trim,yellow_trim,0.3916,0
intento_113431_yellow_trim,yellow_trim,0.203,0
intento_113431_yellow_trim,yellow_trim,0.1012,0
intento_113431_yellow_trim,yellow_trim,0.1607,0
intento_113431_yellow_trim,yellow_trim,0.2805,0
intento_113431_yellow_trim,yellow_trim,0.4322,0
intento_113431_yellow_trim,yellow_trim,0.0082,0
intento_113431_yellow_trim,yellow_trim,0.1566,0
intento_113431_yellow_trim,yellow_trim,0.02,0
intento_113431_yellow_trim,yellow_trim,0.5591,0
intento_113431_yellow_trim,yellow_trim,0.2734,0
intento_113431_yellow_trim,yellow_trim,0.4117,0
intento_113431_yellow_trim,yellow_trim,0.6953,1
intento_113431_yellow_trim,yellow_trim,0.3572,0
intento_113431_yellow_trim,yellow_trim,0.081,0
intento_113431_yellow_trim,yellow_trim,0.5064,0
intento_113431_yellow_trim,yellow_trim,0.476,0
intento_113431_yellow_trim,yellow_trim,0.5101,0
intento_113431_yellow_trim,yellow_trim,0.1595,0
intento_113431_yellow_trim,yellow_trim,0.003,0
intento_113431_yellow_trim,yellow_trim,0.2436,0
intento_113431_yellow_trim,yellow_trim,0.1889,0
intento_113431_yellow_trim,yellow_trim,0.6795,0
intento_113431_yellow_trim,yellow_trim,0.175,0
intento_113431_yellow_trim,yellow_trim,0.0208,0
intento_113431_yellow_trim,yellow_trim,0.245,0
intento_113431_yellow_trim,yellow_trim,0.2091,0
intento_113431_yellow_trim,yellow_trim,0.0106,0
intento_113431_yellow_trim,yellow_trim,0.7076,0
intento_113431_yellow_trim,yellow_trim,0.1187,0
intento_113431_yellow_trim,yellow_trim,0.7211,0
intento_113431_yellow_trim,yellow_trim,0.1937,0
intento_113431_yellow_trim,yellow_trim,0.6436,0
intento_113431_yellow_trim,yellow_trim,0.4134,0
intento_113431_yellow_trim,yellow_trim,0.0099,0
intento_113431_yellow_trim,yellow_trim,0.0215,0
intento_113431_yellow_trim,yellow_trim,0.2274,0
intento_113431_yellow_trim,yellow_trim,0.2447,0
intento_113431_yellow_trim,yellow_trim,0.4843,1
intento_113431_yellow_trim,yellow_trim,0.2013,0
intento_113431_yellow_trim,yellow_trim,0.4495,0
intento_113431_yellow_trim,yellow_trim,0.2481,0
intento_113431_yellow_trim,yellow_trim,0.3007,0
intento_113431_yellow_trim,yellow_trim,0.1199,0
intento_113431_yellow_trim,yellow_trim,0.0016,0
intento_113431_yellow_trim,yellow_trim,0.2284,0
intento_113431_yellow_trim,yellow_trim,0.5968,0
intento_113431_yellow_trim,yellow_trim,0.2337,0
intento_113431_yellow_trim,yellow_trim,0.3309,0
intento_113431_yellow_trim,yellow_trim,0.3306,0
intento_113431_yellow_trim,yellow_trim,0.1074,0
intento_113431_yellow_trim,yellow_trim,0.138,0
intento_113431_yellow_trim,yellow_trim,0.0304,0
intento_113431_yellow_trim,yellow_trim,0.1435,0
intento_113431_yellow_trim,yellow_trim,0.0247,1
intento_113431_yellow_trim,yellow_trim,0.0666,0
intento_113431_yellow_trim,yellow_trim,0.0304,1
intento_113431_yellow_trim,yellow_trim,0.1252,0
intento_113431_yellow_trim,yellow_trim,0.1349,0
intento_113431_yellow_trim,yellow_trim,0.3025,0
intento_113431_yellow_trim,yellow_trim,0.0421,0
intento_113431_yellow_trim,yellow_trim,0.2763,0
intento_113431_yellow_trim,yellow_trim,0.4544,0
intento_113431_yellow_trim,yellow_trim,0.3813,0
intento_113431_yellow_trim,yellow_trim,0.1664,0
intento_113431_yellow_trim,yellow_trim,0.2436,0
intento_113431_yellow_trim,yellow_trim,0.0109,0
intento_113431_yellow_trim,yellow_trim,0.1612,0
intento_113431_yellow_trim,yellow_trim,0.0133,0
intento_113431_yellow_trim,yellow_trim,0.0455,0
intento_113431_yellow_trim,yellow_trim,0.0536,0
intento_113431_yellow_trim,yellow_trim,0.0146,0
intento_113431_yellow_trim,yellow_trim,0.0921,0
intento_113431_yellow_trim,yellow_trim,0.1002,0
intento_113431_yellow_trim,yellow_trim,0.0817,0
intento_113431_yellow_trim,yellow_trim,0.1782,0
intento_113431_yellow_trim,yellow_trim,0.3388,0
intento_113431_yellow_trim,yellow_trim,0.0706,0
intento_113431_yellow_trim,yellow_trim,0.2226,0
intento_113431_yellow_trim,yellow_trim,0.2989,0
intento_113431_yellow_trim,yellow_trim,0.1532,0
intento_113431_yellow_trim,yellow_trim,0.014,1
intento_113431_yellow_trim,yellow_trim,0.1747,0
intento_113431_yellow_trim,yellow_trim,0.0022,1
intento_113431_yellow_trim,yellow_trim,0.0745,0
intento_113431_yellow_trim,yellow_trim,0.0007,0
intento_113431_yellow_trim,yellow_trim,0.2722,0
intento_113431_yellow_trim,yellow_trim,0.1439,0
intento_113431_yellow_trim,yellow_trim,0.0534,0
intento_113431_yellow_trim,yellow_trim,0.0983,0
intento_113431_yellow_trim,yellow_trim,0.013,0
intento_113431_yellow_trim,yellow_trim,0.3825,0
intento_113431_yellow_trim,yellow_trim,0.005,0
intento_113431_yellow_trim,yellow_trim,0.1108,1
intento_113431_yellow_trim,yellow_trim,0.0404,0
intento_113431_yellow_trim,yellow_trim,0.0591,0
intento_113431_yellow_trim,yellow_trim,0.1217,0
intento_113431_yellow_trim,yellow_trim,0.0137,1
intento_113431_yellow_trim,yellow_trim,0.2082,0
intento_113431_yellow_trim,yellow_trim,0.0045,1
intento_113431_yellow_trim,yellow_trim,0.0136,0
intento_113431_yellow_trim,yellow_trim,0.1386,0
intento_113431_yellow_trim,yellow_trim,0.0462,1
intento_113431_yellow_trim,yellow_trim,0.181,1
intento_113431_yellow_trim,yellow_trim,0.1161,0
intento_113431_yellow_trim,yellow_trim,0.0036,1
intento_113459_usb_c_cable,usb_c_cable,0.6845,0
intento_113459_usb_c_cable,usb_c_cable,0.6891,0
intento_113459_usb_c_cable,usb_c_cable,0.2483,0
intento_113459_usb_c_cable,usb_c_cable,0.4683,1
intento_113459_usb_c_cable,usb_c_cable,0.4214,0
intento_113459_usb_c_cable,usb_c_cable,0.3622,1
intento_113459_usb_c_cable,usb_c_cable,0.7715,0
intento_113459_usb_c_cable,usb_c_cable,0.0079,1
intento_113459_usb_c_cable,usb_c_cable,0.0521,0
intento_113459_usb_c_cable,usb_c_cable,0.0343,0
intento_113459_usb_c_cable,usb_c_cable,0.4274,0
intento_113459_usb_c_cable,usb_c_cable,0.1199,0
intento_113459_usb_c_cable,usb_c_cable,0.4524,0
intento_113459_usb_c_cable,usb_c_cable,0.0771,0
intento_113459_usb_c_cable,usb_c_cable,0.2073,1
intento_113459_usb_c_cable,usb_c_cable,0.035,1
intento_113459_usb_c_cable,usb_c_cable,0.2628,0
intento_113459_usb_c_cable,usb_c_cable,0.0489,0
intento_113459_usb_c_cable,usb_c_cable,0.038,0
intento_113459_usb_c_cable,usb_c_cable,0.5819,1
intento_113459_usb_c_cable,usb_c_cable,0.1038,0
intento_113459_usb_c_cable,usb_c_cable,0.0556,1
intento_113459_usb_c_cable,usb_c_cable,0.1038,1
intento_113459_usb_c_cable,usb_c_cable,0.3567,0
intento_113459_usb_c_cable,usb_c_cable,0.089,0
intento_113459_usb_c_cable,usb_c_cable,0.832,1
intento_113459_usb_c_cable,usb_c_cable,0.1806,1
intento_113459_usb_c_cable,usb_c_cable,0.6855,1
intento_113459_usb_c_cable,usb_c_cable,0.1149,1
intento_113459_usb_c_cable,usb_c_cable,0.0478,0
intento_113459_usb_c_cable,usb_c_cable,0.0457,0
intento_113459_usb_c_cable,usb_c_cable,0.2651,0
intento_113459_usb_c_cable,usb_c_cable,0.226,1
intento_113459_usb_c_cable,usb_c_cable,0.1996,0
intento_113459_usb_c_cable,usb_c_cable,0.2337,0
intento_113459_usb_c_cable,usb_c_cable,0.1133,1
intento_113459_usb_c_cable,usb_c_cable,0.4683,0
intento_113459_usb_c_cable,usb_c_cable,0.5834,1
intento_113459_usb_c_cable,usb_c_cable,0.3495,1
intento_113459_usb_c_cable,usb_c_cable,0.2053,1
intento_113459_usb_c_cable,usb_c_cable,0.6854,1
intento_113459_usb_c_cable,usb_c_cable,0.1917,1
intento_113459_usb_c_cable,usb_c_cable,0.081,1
intento_113459_usb_c_cable,usb_c_cable,0.4764,0
intento_113459_usb_c_cable,usb_c_cable,0.7745,1
intento_113459_usb_c_cable,usb_c_cable,0.0499,0
intento_113459_usb_c_cable,usb_c_cable,0.1446,1
intento_113459_usb_c_cable,usb_c_cable,0.5279,0
intento_113459_usb_c_cable,usb_c_cable,0.1432,1
intento_113459_usb_c_cable,usb_c_cable,0.0791,0
intento_113459_usb_c_cable,usb_c_cable,0.1327,1
intento_113459_usb_c_cable,usb_c_cable,0.1475,1
intento_113459_usb_c_cable,usb_c_cable,0.2683,1
intento_113459_usb_c_cable,usb_c_cable,0.0302,1
intento_113459_usb_c_cable,usb_c_cable,0.1191,0
intento_113459_usb_c_cable,usb_c_cable,0.0321,0
intento_113459_usb_c_cable,usb_c_cable,0.0735,1
intento_113459_usb_c_cable,usb_c_cable,0.0506,0
intento_113459_usb_c_cable,usb_c_cable,0.4067,1
intento_113459_usb_c_cable,usb_c_cable,0.85,0
intento_113459_usb_c_cable,usb_c_cable,0.3571,1
intento_113459_usb_c_cable,usb_c_cable,0.3928,0
intento_113459_usb_c_cable,usb_c_cable,0.1179,0
intento_113459_usb_c_cable,usb_c_cable,0.7161,0
intento_113459_usb_c_cable,usb_c_cable,0.2277,0
intento_113459_usb_c_cable,usb_c_cable,0.1121,1
intento_113459_usb_c_cable,usb_c_cable,0.3062,0
intento_113459_usb_c_cable,usb_c_cable,0.1399,1
intento_113459_usb_c_cable,usb_c_cable,0.0483,0
intento_113459_usb_c_cable,usb_c_cable,0.2498,1
intento_113459_usb_c_cable,usb_c_cable,0.0401,1
intento_113459_usb_c_cable,usb_c_cable,0.0314,0
intento_113459_usb_c_cable,usb_c_cable,0.3986,1
intento_113459_usb_c_cable,usb_c_cable,0.4942,0
intento_113459_usb_c_cable,usb_c_cable,0.0577,0
intento_113459_usb_c_cable,usb_c_cable,0.7575,1
intento_113459_usb_c_cable,usb_c_cable,0.0505,1
intento_113459_usb_c_cable,usb_c_cable,0.5523,1
intento_113459_usb_c_cable,usb_c_cable,0.6108,0
intento_113459_usb_c_cable,usb_c_cable,0.5147,0
intento_113459_usb_c_cable,usb_c_cable,0.5951,0
intento_113459_usb_c_cable,usb_c_cable,0.0738,1
intento_113459_usb_c_cable,usb_c_cable,0.21,1
intento_113459_usb_c_cable,usb_c_cable,0.5441,1
intento_113459_usb_c_cable,usb_c_cable,0.5163,1
intento_113459_usb_c_cable,usb_c_cable,0.1496,0
intento_113459_usb_c_cable,usb_c_cable,0.6523,1
intento_113459_usb_c_cable,usb_c_cable,0.2568,0
intento_113459_usb_c_cable,usb_c_cable,0.0677,0
intento_113459_usb_c_cable,usb_c_cable,0.0243,0
intento_113459_usb_c_cable,usb_c_cable,0.4644,1
intento_113459_usb_c_cable,usb_c_cable,0.1071,1
intento_113459_usb_c_cable,usb_c_cable,0.0762,1
intento_113459_usb_c_cable,usb_c_cable,0.0294,0
intento_113459_usb_c_cable,usb_c_cable,0.1517,0
intento_113459_usb_c_cable,usb_c_cable,0.3294,0
intento_113459_usb_c_cable,usb_c_cable,0.1128,1
intento_113459_usb_c_cable,usb_c_cable,0.2081,1
intento_113459_usb_c_cable,usb_c_cable,0.4938,0
intento_113459_usb_c_cable,usb_c_cable,0.0387,0
intento_113459_usb_c_cable,usb_c_cable,0.1925,0
intento_113459_usb_c_cable,usb_c_cable,0.5337,0
intento_113459_usb_c_cable,usb_c_cable,0.0084,1
intento_113459_usb_c_cable,usb_c_cable,0.0158,1
intento_113459_usb_c_cable,usb_c_cable,0.4764,1
intento_113459_usb_c_cable,usb_c_cable,0.8405,0
intento_113459_usb_c_cable,usb_c_cable,0.7531,1
intento_113459_usb_c_cable,usb_c_cable,0.0728,1
intento_113459_usb_c_cable,usb_c_cable,0.2934,0
intento_113459_usb_c_cable,usb_c_cable,0.193,1
intento_113459_usb_c_cable,usb_c_cable,0.2067,0
intento_113459_usb_c_cable,usb_c_cable,0.527,1
intento_113459_usb_c_cable,usb_c_cable,0.0548,1
intento_113459_usb_c_cable,usb_c_cable,0.7384,1
intento_113459_usb_c_cable,usb_c_cable,0.0228,0
intento_113459_usb_c_cable,usb_c_cable,0.416,0
intento_113459_usb_c_cable,usb_c_cable,0.0372,1
intento_113459_usb_c_cable,usb_c_cable,0.09,0
intento_113459_usb_c_cable,usb_c_cable,0.5243,0
intento_113459_usb_c_cable,usb_c_cable,0.6675,0
intento_113459_usb_c_cable,usb_c_cable,0.4821,0
intento_113459_usb_c_cable,usb_c_cable,0.4705,0
intento_113459_usb_c_cable,usb_c_cable,0.3032,0
intento_113459_usb_c_cable,usb_c_cable,0.3954,0
intento_113459_usb_c_cable,usb_c_cable,0.0425,0
intento_113459_usb_c_cable,usb_c_cable,0.5483,1
intento_113459_usb_c_cable,usb_c_cable,0.079,1
intento_113459_usb_c_cable,usb_c_cable,0.3821,1
intento_113459_usb_c_cable,usb_c_cable,0.0794,1
intento_113459_usb_c_cable,usb_c_cable,0.051,1
intento_113459_usb_c_cable,usb_c_cable,0.2127,1
intento_113459_usb_c_cable,usb_c_cable,0.0767,1
intento_113459_usb_c_cable,usb_c_cable,0.6782,0
intento_113459_usb_c_cable,usb_c_cable,0.3836,0
intento_113459_usb_c_cable,usb_c_cable,0.6405,0
intento_113459_usb_c_cable,usb_c_cable,0.0346,1
intento_113459_usb_c_cable,usb_c_cable,0.4201,0
intento_113459_usb_c_cable,usb_c_cable,0.1776,1
intento_113459_usb_c_cable,usb_c_cable,0.7363,0
intento_113459_usb_c_cable,usb_c_cable,0.0151,0
intento_113459_usb_c_cable,usb_c_cable,0.6683,1
intento_113459_usb_c_cable,usb_c_cable,0.0816,0
intento_113459_usb_c_cable,usb_c_cable,0.206,1
intento_113459_usb_c_cable,usb_c_cable,0.5759,0
intento_113459_usb_c_cable,usb_c_cable,0.2284,0
intento_113459_usb_c_cable,usb_c_cable,0.0893,0
intento_113459_usb_c_cable,usb_c_cable,0.3586,1
intento_113459_usb_c_cable,usb_c_cable,0.6933,1
intento_113459_usb_c_cable,usb_c_cable,0.133,1
intento_113459_usb_c_cable,usb_c_cable,0.0432,1
intento_113459_usb_c_cable,usb_c_cable,0.1149,1
intento_113459_usb_c_cable,usb_c_cable,0.1537,0
intento_113459_usb_c_cable,usb_c_cable,0.0558,0
intento_113459_usb_c_cable,usb_c_cable,0.4729,0
intento_113459_usb_c_cable,usb_c_cable,0.2279,1
intento_113459_usb_c_cable,usb_c_cable,0.6536,0
intento_113459_usb_c_cable,usb_c_cable,0.0709,0
intento_113459_usb_c_cable,usb_c_cable,0.1125,1
intento_113459_usb_c_cable,usb_c_cable,0.2255,0
intento_113459_usb_c_cable,usb_c_cable,0.1885,1
intento_113459_usb_c_cable,usb_c_cable,0.3086,1
intento_113459_usb_c_cable,usb_c_cable,0.4045,1
intento_113459_usb_c_cable,usb_c_cable,0.3062,0
intento_113459_usb_c_cable,usb_c_cable,0.1351,0
intento_113459_usb_c_cable,usb_c_cable,0.0806,0
intento_113459_usb_c_cable,usb_c_cable,0.1263,1
intento_113459_usb_c_cable,usb_c_cable,0.2472,0
intento_113459_usb_c_cable,usb_c_cable,0.0723,0
intento_113459_usb_c_cable,usb_c_cable,0.0329,1
intento_113459_usb_c_cable,usb_c_cable,0.0719,1
intento_113459_usb_c_cable,usb_c_cable,0.2371,1
intento_113459_usb_c_cable,usb_c_cable,0.013,0
intento_113459_usb_c_cable,usb_c_cable,0.1221,0
intento_113459_usb_c_cable,usb_c_cable,0.0311,1
intento_113459_usb_c_cable,usb_c_cable,0.4132,1
intento_113459_usb_c_cable,usb_c_cable,0.1545,1
intento_113459_usb_c_cable,usb_c_cable,0.1702,0
intento_113459_usb_c_cable,usb_c_cable,0.0881,1
intento_113459_usb_c_cable,usb_c_cable,0.111,1
intento_113459_usb_c_cable,usb_c_cable,0.3916,1
intento_113459_usb_c_cable,usb_c_cable,0.0281,0
intento_113459_usb_c_cable,usb_c_cable,0.0779,1
intento_113459_usb_c_cable,usb_c_cable,0.0699,0
intento_113459_usb_c_cable,usb_c_cable,0.1589,1
intento_113459_usb_c_cable,usb_c_cable,0.7872,1
intento_113459_usb_c_cable,usb_c_cable,0.3228,1
intento_113459_usb_c_cable,usb_c_cable,0.0444,1
intento_113459_usb_c_cable,usb_c_cable,0.7786,1
intento_113459_usb_c_cable,usb_c_cable,0.0758,1
intento_113459_usb_c_cable,usb_c_cable,0.0302,0
intento_113459_usb_c_cable,usb_c_cable,0.0174,1
intento_113459_usb_c_cable,usb_c_cable,0.2161,1
intento_113459_usb_c_cable,usb_c_cable,0.1436,1
intento_113459_usb_c_cable,usb_c_cable,0.0812,1
intento_113459_usb_c_cable,usb_c_cable,0.1517,0
intento_113459_usb_c_cable,usb_c_cable,0.0604,0
intento_113459_usb_c_cable,usb_c_cable,0.1504,0
intento_113459_usb_c_cable,usb_c_cable,0.3676,1
intento_113459_usb_c_cable,usb_c_cable,0.4638,1
intento_113459_usb_c_cable,usb_c_cable,0.0473,1
intento_113459_usb_c_cable,usb_c_cable,0.3086,1
intento_113459_usb_c_cable,usb_c_cable,0.2225,1
intento_113459_usb_c_cable,usb_c_cable,0.0975,0
intento_113459_usb_c_cable,usb_c_cable,0.1577,1
intento_113814_yellow_trim,yellow_trim,0.1417,0
intento_113814_yellow_trim,yellow_trim,0.2538,0
intento_113814_yellow_trim,yellow_trim,0.5181,0
intento_113814_yellow_trim,yellow_trim,0.1043,0
intento_113814_yellow_trim,yellow_trim,0.5469,0
intento_113814_yellow_trim,yellow_trim,0.3575,0
intento_113814_yellow_trim,yellow_trim,0.4848,0
intento_113814_yellow_trim,yellow_trim,0.0694,0
intento_113814_yellow_trim,yellow_trim,0.2077,0
intento_113814_yellow_trim,yellow_trim,0.8835,0
intento_113814_yellow_trim,yellow_trim,0.2978,0
intento_113814_yellow_trim,yellow_trim,0.6167,0
intento_113814_yellow_trim,yellow_trim,0.652,1
intento_113814_yellow_trim,yellow_trim,0.4041,0
intento_113814_yellow_trim,yellow_trim,0.1514,0
intento_113814_yellow_trim,yellow_trim,0.6114,0
intento_113814_yellow_trim,yellow_trim,0.4527,1
intento_113814_yellow_trim,yellow_trim,0.2016,0
intento_113814_yellow_trim,yellow_trim,0.7301,0
intento_113814_yellow_trim,yellow_trim,0.0364,1
intento_113814_yellow_trim,yellow_trim,0.1347,0
intento_113814_yellow_trim,yellow_trim,0.3228,0
intento_113814_yellow_trim,yellow_trim,0.4892,0
intento_113814_yellow_trim,yellow_trim,0.2432,0
intento_113814_yellow_trim,yellow_trim,0.3741,0
intento_113814_yellow_trim,yellow_trim,0.3223,0
intento_113814_yellow_trim,yellow_trim,0.0007,0
intento_113814_yellow_trim,yellow_trim,0.3615,0
intento_113814_yellow_trim,yellow_trim,0.0542,0
intento_113814_yellow_trim,yellow_trim,0.2292,0
intento_113814_yellow_trim,yellow_trim,0.0119,0
intento_113814_yellow_trim,yellow_trim,0.6662,0
intento_113814_yellow_trim,yellow_trim,0.235,0
intento_113814_yellow_trim,yellow_trim,0.4928,0
intento_113814_yellow_trim,yellow_trim,0.4707,0
intento_113814_yellow_trim,yellow_trim,0.3321,0
intento_113814_yellow_trim,yellow_trim,0.5265,0
intento_113814_yellow_trim,yellow_trim,0.4683,0
intento_113814_yellow_trim,yellow_trim,0.1308,0
intento_113814_yellow_trim,yellow_trim,0.4957,0
intento_113814_yellow_trim,yellow_trim,0.1313,0
intento_113814_yellow_trim,yellow_trim,0.5177,0
intento_113814_yellow_trim,yellow_trim,0.3132,1
intento_113814_yellow_trim,yellow_trim,0.1255,0
intento_113814_yellow_trim,yellow_trim,0.4404,0
intento_113814_yellow_trim,yellow_trim,0.7157,0
intento_113814_yellow_trim,yellow_trim,0.4211,0
intento_113814_yellow_trim,yellow_trim,0.1144,0
intento_113814_yellow_trim,yellow_trim,0.7676,0
intento_113814_yellow_trim,yellow_trim,0.0399,0
intento_113814_yellow_trim,yellow_trim,0.073,0
intento_113814_yellow_trim,yellow_trim,0.4704,0
intento_113814_yellow_trim,yellow_trim,0.3637,0
intento_113814_yellow_trim,yellow_trim,0.4538,0
intento_113814_yellow_trim,yellow_trim,0.868,0
intento_113814_yellow_trim,yellow_trim,0.7906,0
intento_113814_yellow_trim,yellow_trim,0.3977,0
intento_113814_yellow_trim,yellow_trim,0.0012,0
intento_113814_yellow_trim,yellow_trim,0.1903,0
intento_113814_yellow_trim,yellow_trim,0.0186,0
intento_113814_yellow_trim,yellow_trim,0.0791,0
intento_113814_yellow_trim,yellow_trim,0.5701,0
intento_113814_yellow_trim,yellow_trim,0.8106,0
intento_113814_yellow_trim,yellow_trim,0.069,0
intento_113814_yellow_trim,yellow_trim,0.2801,0
intento_113814_yellow_trim,yellow_trim,0.4031,0
intento_113814_yellow_trim,yellow_trim,0.2386,0
intento_113814_yellow_trim,yellow_trim,0.2564,0
intento_113814_yellow_trim,yellow_trim,0.0688,0
intento_113814_yellow_trim,yellow_trim,0.4035,0
intento_113814_yellow_trim,yellow_trim,0.1122,0
intento_113814_yellow_trim,yellow_trim,0.0944,0
intento_113814_yellow_trim,yellow_trim,0.054,0
intento_113814_yellow_trim,yellow_trim,0.1421,0
intento_113814_yellow_trim,yellow_trim,0.489,0
intento_113814_yellow_trim,yellow_trim,0.3576,0
intento_113814_yellow_trim,yellow_trim,0.0087,0
intento_113814_yellow_trim,yellow_trim,0.6247,0
intento_113814_yellow_trim,yellow_trim,0.2333,0
intento_113814_yellow_trim,yellow_trim,0.1124,0
intento_113814_yellow_trim,yellow_trim,0.127,0
intento_113814_yellow_trim,yellow_trim,0.0955,0
intento_113814_yellow_trim,yellow_trim,0.2135,0
intento_113814_yellow_trim,yellow_trim,0.0627,0
intento_113814_yellow_trim,yellow_trim,0.233,0
intento_113814_yellow_trim,yellow_trim,0.0879,0
intento_113814_yellow_trim,yellow_trim,0.2307,0
intento_113814_yellow_trim,yellow_trim,0.0804,0
intento_113814_yellow_trim,yellow_trim,0.3554,0
intento_113814_yellow_trim,yellow_trim,0.2403,0
intento_113814_yellow_trim,yellow_trim,0.0247,0
intento_113814_yellow_trim,yellow_trim,0.3043,0
intento_113814_yellow_trim,yellow_trim,0.0598,0
intento_113814_yellow_trim,yellow_trim,0.0011,0
intento_113814_yellow_trim,yellow_trim,0.3808,0
intento_113814_yellow_trim,yellow_trim,0.1499,0
intento_113814_yellow_trim,yellow_trim,0.3224,0
intento_113814_yellow_trim,yellow_trim,0.1009,0
intento_113814_yellow_trim,yellow_trim,0.1699,0
intento_113814_yellow_trim,yellow_trim,0.0419,0
intento_113814_yellow_trim,yellow_trim,0.3784,0
intento_113814_yellow_trim,yellow_trim,0.0176,0
intento_113814_yellow_trim,yellow_trim,0.2232,0
intento_113814_yellow_trim,yellow_trim,0.301,0
intento_113814_yellow_trim,yellow_trim,0.1958,0
intento_113814_yellow_trim,yellow_trim,0.1995,0
intento_113814_yellow_trim,yellow_trim,0.0,0
intento_113814_yellow_trim,yellow_trim,0.0865,0
intento_113814_yellow_trim,yellow_trim,0.0619,0
intento_113814_yellow_trim,yellow_trim,0.0822,0
intento_113814_yellow_trim,yellow_trim,0.0485,0
intento_113814_yellow_trim,yellow_trim,0.0419,0
intento_113814_yellow_trim,yellow_trim,0.0639,0
intento_113814_yellow_trim,yellow_trim,0.0078,0
intento_113814_yellow_trim,yellow_trim,0.0077,0
intento_113814_yellow_trim,yellow_trim,0.0871,0
intento_113814_yellow_trim,yellow_trim,0.05,0
intento_113814_yellow_trim,yellow_trim,0.0231,0
intento_113814_yellow_trim,yellow_trim,0.0161,0
intento_113814_yellow_trim,yellow_trim,0.0378,0
intento_113814_yellow_trim,yellow_trim,0.0129,0
intento_113814_yellow_trim,yellow_trim,0.2532,1
intento_113814_yellow_trim,yellow_trim,0.0948,0
intento_113814_yellow_trim,yellow_trim,0.0414,0
intento_113814_yellow_trim,yellow_trim,0.061,0
intento_113814_yellow_trim,yellow_trim,0.2502,0
intento_113814_yellow_trim,yellow_trim,0.0064,0
intento_113814_yellow_trim,yellow_trim,0.0247,0
intento_113814_yellow_trim,yellow_trim,0.1123,0
intento_113814_yellow_trim,yellow_trim,0.0856,1
intento_113814_yellow_trim,yellow_trim,0.006,1
intento_113814_yellow_trim,yellow_trim,0.1091,0
intento_113830_yellow_trim,yellow_trim,0.0387,0
intento_113830_yellow_trim,yellow_trim,0.347,1
intento_113830_yellow_trim,yellow_trim,0.0099,0
intento_113830_yellow_trim,yellow_trim,0.2371,0
intento_113830_yellow_trim,yellow_trim,0.0245,0
intento_113830_yellow_trim,yellow_trim,0.3635,0
intento_113830_yellow_trim,yellow_trim,0.3665,1
intento_113830_yellow_trim,yellow_trim,0.3775,0
intento_113830_yellow_trim,yellow_trim,0.3289,1
intento_113830_yellow_trim,yellow_trim,0.0208,1
intento_113830_yellow_trim,yellow_trim,0.1404,0
intento_113830_yellow_trim,yellow_trim,0.3635,0
intento_113830_yellow_trim,yellow_trim,0.4464,0
intento_113830_yellow_trim,yellow_trim,0.5176,1
intento_113830_yellow_trim,yellow_trim,0.3286,0
intento_113830_yellow_trim,yellow_trim,0.4925,0
intento_113830_yellow_trim,yellow_trim,0.4479,1
intento_113830_yellow_trim,yellow_trim,0.4851,0
intento_113830_yellow_trim,yellow_trim,0.0328,0
intento_113830_yellow_trim,yellow_trim,0.2839,0
intento_113830_yellow_trim,yellow_trim,0.3853,0
intento_113830_yellow_trim,yellow_trim,0.1993,0
intento_113830_yellow_trim,yellow_trim,0.5349,0
intento_113830_yellow_trim,yellow_trim,0.0056,0
intento_113830_yellow_trim,yellow_trim,0.7819,0
intento_113830_yellow_trim,yellow_trim,0.2141,0
intento_113830_yellow_trim,yellow_trim,0.2284,0
intento_113830_yellow_trim,yellow_trim,0.4685,0
intento_113830_yellow_trim,yellow_trim,0.0174,0
intento_113830_yellow_trim,yellow_trim,0.4631,0
intento_113830_yellow_trim,yellow_trim,0.238,0
intento_113830_yellow_trim,yellow_trim,0.5626,0
intento_113830_yellow_trim,yellow_trim,0.054,0
intento_113830_yellow_trim,yellow_trim,0.0521,0
intento_113830_yellow_trim,yellow_trim,0.4455,0
intento_113830_yellow_trim,yellow_trim,0.8232,0
intento_113830_yellow_trim,yellow_trim,0.2676,0
intento_113830_yellow_trim,yellow_trim,0.8415,0
intento_113830_yellow_trim,yellow_trim,0.0012,1
intento_113830_yellow_trim,yellow_trim,0.0381,1
intento_113830_yellow_trim,yellow_trim,0.3434,0
intento_113830_yellow_trim,yellow_trim,0.5927,0
intento_113830_yellow_trim,yellow_trim,0.2993,0
intento_113830_yellow_trim,yellow_trim,0.0784,0
intento_113830_yellow_trim,yellow_trim,0.7455,0
intento_113830_yellow_trim,yellow_trim,0.1324,0
intento_113830_yellow_trim,yellow_trim,0.0264,0
intento_113830_yellow_trim,yellow_trim,0.0013,0
intento_113830_yellow_trim,yellow_trim,0.2764,0
intento_113830_yellow_trim,yellow_trim,0.0301,0
intento_113830_yellow_trim,yellow_trim,0.1105,0
intento_113830_yellow_trim,yellow_trim,0.0334,0
intento_113830_yellow_trim,yellow_trim,0.1981,0
intento_113830_yellow_trim,yellow_trim,0.5935,0
intento_113830_yellow_trim,yellow_trim,0.1634,0
intento_113830_yellow_trim,yellow_trim,0.0661,0
intento_113830_yellow_trim,yellow_trim,0.4984,0
intento_113830_yellow_trim,yellow_trim,0.2822,0
intento_113830_yellow_trim,yellow_trim,0.0759,0
intento_113830_yellow_trim,yellow_trim,0.0868,0
intento_113830_yellow_trim,yellow_trim,0.0952,0
intento_113830_yellow_trim,yellow_trim,0.1872,0
intento_113830_yellow_trim,yellow_trim,0.3165,0
intento_113830_yellow_trim,yellow_trim,0.0,0
intento_113830_yellow_trim,yellow_trim,0.1628,0
intento_113830_yellow_trim,yellow_trim,0.3798,0
intento_113830_yellow_trim,yellow_trim,0.1578,0
intento_113830_yellow_trim,yellow_trim,0.2424,0
intento_113830_yellow_trim,yellow_trim,0.2315,0
intento_113830_yellow_trim,yellow_trim,0.3183,0
intento_113830_yellow_trim,yellow_trim,0.194,0
intento_113830_yellow_trim,yellow_trim,0.3705,0
intento_113830_yellow_trim,yellow_trim,0.0242,0
intento_113830_yellow_trim,yellow_trim,0.0885,0
intento_113830_yellow_trim,yellow_trim,0.2305,1
intento_113830_yellow_trim,yellow_trim,0.1774,0
intento_113830_yellow_trim,yellow_trim,0.1247,0
intento_113830_yellow_trim,yellow_trim,0.031,0
intento_113830_yellow_trim,yellow_trim,0.0105,1
intento_113830_yellow_trim,yellow_trim,0.0803,0
intento_113830_yellow_trim,yellow_trim,0.1151,0
intento_113830_yellow_trim,yellow_trim,0.1343,0
intento_113830_yellow_trim,yellow_trim,0.2184,0
intento_113830_yellow_trim,yellow_trim,0.0353,0
intento_113830_yellow_trim,yellow_trim,0.1651,0
intento_113830_yellow_trim,yellow_trim,0.3971,0
intento_113830_yellow_trim,yellow_trim,0.475,0
intento_113830_yellow_trim,yellow_trim,0.0569,0
intento_113830_yellow_trim,yellow_trim,0.1895,0
intento_113830_yellow_trim,yellow_trim,0.2509,0
intento_113830_yellow_trim,yellow_trim,0.072,0
intento_113830_yellow_trim,yellow_trim,0.0946,0
intento_113830_yellow_trim,yellow_trim,0.1553,0
intento_113830_yellow_trim,yellow_trim,0.1511,0
intento_113830_yellow_trim,yellow_trim,0.2951,0
intento_113830_yellow_trim,yellow_trim,0.1098,0
intento_113830_yellow_trim,yellow_trim,0.2672,0
intento_113830_yellow_trim,yellow_trim,0.2131,0
intento_113830_yellow_trim,yellow_trim,0.0483,0
intento_113830_yellow_trim,yellow_trim,0.0263,0
intento_113830_yellow_trim,yellow_trim,0.0861,0
intento_113830_yellow_trim,yellow_trim,0.089,0
intento_113830_yellow_trim,yellow_trim,0.0278,0
intento_113830_yellow_trim,yellow_trim,0.178,0
intento_113830_yellow_trim,yellow_trim,0.0072,1
intento_113830_yellow_trim,yellow_trim,0.0785,0
intento_113830_yellow_trim,yellow_trim,0.0166,1
intento_113830_yellow_trim,yellow_trim,0.1745,0
intento_113830_yellow_trim,yellow_trim,0.0576,0
intento_113830_yellow_trim,yellow_trim,0.0391,0
intento_113830_yellow_trim,yellow_trim,0.0019,0
intento_113830_yellow_trim,yellow_trim,0.0164,0
intento_113830_yellow_trim,yellow_trim,0.1321,0
intento_113830_yellow_trim,yellow_trim,0.0442,0
intento_113830_yellow_trim,yellow_trim,0.0603,0
intento_113830_yellow_trim,yellow_trim,0.1838,0
intento_113830_yellow_trim,yellow_trim,0.1117,1
intento_113830_yellow_trim,yellow_trim,0.0898,0
intento_113830_yellow_trim,yellow_trim,0.0213,1
intento_113854_usb_c_cable,usb_c_cable,0.11,0
intento_113854_usb_c_cable,usb_c_cable,0.2151,1
intento_113854_usb_c_cable,usb_c_cable,0.046,0
intento_113854_usb_c_cable,usb_c_cable,0.1186,0
intento_113854_usb_c_cable,usb_c_cable,0.0139,0
intento_113854_usb_c_cable,usb_c_cable,0.3818,0
intento_113854_usb_c_cable,usb_c_cable,0.7872,0
intento_113854_usb_c_cable,usb_c_cable,0.5479,0
intento_113854_usb_c_cable,usb_c_cable,0.1633,0
intento_113854_usb_c_cable,usb_c_cable,0.324,0
intento_113854_usb_c_cable,usb_c_cable,0.2934,1
intento_113854_usb_c_cable,usb_c_cable,0.0186,0
intento_113854_usb_c_cable,usb_c_cable,0.0172,0
intento_113854_usb_c_cable,usb_c_cable,0.1862,0
intento_113854_usb_c_cable,usb_c_cable,0.0021,0
intento_113854_usb_c_cable,usb_c_cable,0.1351,0
intento_113854_usb_c_cable,usb_c_cable,0.5317,0
intento_113854_usb_c_cable,usb_c_cable,0.0971,0
intento_113854_usb_c_cable,usb_c_cable,0.1935,0
intento_113854_usb_c_cable,usb_c_cable,0.051,1
intento_113854_usb_c_cable,usb_c_cable,0.0353,0
intento_113854_usb_c_cable,usb_c_cable,0.5808,0
intento_113854_usb_c_cable,usb_c_cable,0.0042,0
intento_113854_usb_c_cable,usb_c_cable,0.2364,0
intento_113854_usb_c_cable,usb_c_cable,0.5892,0
intento_113854_usb_c_cable,usb_c_cable,0.1471,0
intento_113854_usb_c_cable,usb_c_cable,0.0693,1
intento_113854_usb_c_cable,usb_c_cable,0.549,0
intento_113854_usb_c_cable,usb_c_cable,0.0844,1
intento_113854_usb_c_cable,usb_c_cable,0.2039,0
intento_113854_usb_c_cable,usb_c_cable,0.063,1
intento_113854_usb_c_cable,usb_c_cable,0.4374,0
intento_113854_usb_c_cable,usb_c_cable,0.2758,0
intento_113854_usb_c_cable,usb_c_cable,0.0822,1
intento_113854_usb_c_cable,usb_c_cable,0.0437,0
intento_113854_usb_c_cable,usb_c_cable,0.4737,1
intento_113854_usb_c_cable,usb_c_cable,0.0034,0
intento_113854_usb_c_cable,usb_c_cable,0.1195,0
intento_113854_usb_c_cable,usb_c_cable,0.0237,0
intento_113854_usb_c_cable,usb_c_cable,0.0204,0
intento_113854_usb_c_cable,usb_c_cable,0.0517,1
intento_113854_usb_c_cable,usb_c_cable,0.5373,0
intento_113854_usb_c_cable,usb_c_cable,0.2648,0
intento_113854_usb_c_cable,usb_c_cable,0.04,0
intento_113854_usb_c_cable,usb_c_cable,0.0085,1
intento_113854_usb_c_cable,usb_c_cable,0.1764,0
intento_113854_usb_c_cable,usb_c_cable,0.4749,1
intento_113854_usb_c_cable,usb_c_cable,0.716,0
intento_113854_usb_c_cable,usb_c_cable,0.1995,0
intento_113854_usb_c_cable,usb_c_cable,0.135,1
intento_113854_usb_c_cable,usb_c_cable,0.6324,0
intento_113854_usb_c_cable,usb_c_cable,0.1018,0
intento_113854_usb_c_cable,usb_c_cable,0.0035,0
intento_113854_usb_c_cable,usb_c_cable,0.5882,0
intento_113854_usb_c_cable,usb_c_cable,0.5686,1
intento_113854_usb_c_cable,usb_c_cable,0.0899,0
intento_113854_usb_c_cable,usb_c_cable,0.4924,0
intento_113854_usb_c_cable,usb_c_cable,0.1524,1
intento_113854_usb_c_cable,usb_c_cable,0.0433,0
intento_113854_usb_c_cable,usb_c_cable,0.0332,0
intento_113854_usb_c_cable,usb_c_cable,0.5289,1
intento_113854_usb_c_cable,usb_c_cable,0.4488,0
intento_113854_usb_c_cable,usb_c_cable,0.0134,1
intento_113854_usb_c_cable,usb_c_cable,0.2655,0
intento_113854_usb_c_cable,usb_c_cable,0.2507,0
intento_113854_usb_c_cable,usb_c_cable,0.5141,0
intento_113854_usb_c_cable,usb_c_cable,0.1326,1
intento_113854_usb_c_cable,usb_c_cable,0.0886,0
intento_113854_usb_c_cable,usb_c_cable,0.3221,0
intento_113854_usb_c_cable,usb_c_cable,0.1144,1
intento_113854_usb_c_cable,usb_c_cable,0.1644,0
intento_113854_usb_c_cable,usb_c_cable,0.198,0
intento_113854_usb_c_cable,usb_c_cable,0.2007,0
intento_113854_usb_c_cable,usb_c_cable,0.0662,1
intento_113854_usb_c_cable,usb_c_cable,0.0806,1
intento_113854_usb_c_cable,usb_c_cable,0.2363,0
intento_113854_usb_c_cable,usb_c_cable,0.059,1
intento_113854_usb_c_cable,usb_c_cable,0.0827,1
intento_113854_usb_c_cable,usb_c_cable,0.0661,0
intento_113854_usb_c_cable,usb_c_cable,0.4643,0
intento_113854_usb_c_cable,usb_c_cable,0.2907,0
intento_113854_usb_c_cable,usb_c_cable,0.6372,1
intento_113854_usb_c_cable,usb_c_cable,0.1825,0
intento_113854_usb_c_cable,usb_c_cable,0.6401,0
intento_113854_usb_c_cable,usb_c_cable,0.0423,1
intento_113854_usb_c_cable,usb_c_cable,0.1609,1
intento_113854_usb_c_cable,usb_c_cable,0.5629,0
intento_113854_usb_c_cable,usb_c_cable,0.5204,0
intento_113854_usb_c_cable,usb_c_cable,0.5131,0
intento_113854_usb_c_cable,usb_c_cable,0.015,1
intento_113854_usb_c_cable,usb_c_cable,0.0004,0
intento_113854_usb_c_cable,usb_c_cable,0.1338,0
intento_113854_usb_c_cable,usb_c_cable,0.1235,0
intento_113854_usb_c_cable,usb_c_cable,0.0318,1
intento_113854_usb_c_cable,usb_c_cable,0.1507,1
intento_113854_usb_c_cable,usb_c_cable,0.0595,1
intento_113854_usb_c_cable,usb_c_cable,0.574,1
intento_113854_usb_c_cable,usb_c_cable,0.653,0
intento_113854_usb_c_cable,usb_c_cable,0.689,0
intento_113854_usb_c_cable,usb_c_cable,0.0709,0
intento_113854_usb_c_cable,usb_c_cable,0.4402,1
intento_113854_usb_c_cable,usb_c_cable,0.5062,0
intento_113854_usb_c_cable,usb_c_cable,0.005,0
intento_113854_usb_c_cable,usb_c_cable,0.1203,1
intento_113854_usb_c_cable,usb_c_cable,0.0025,1
intento_113854_usb_c_cable,usb_c_cable,0.0002,0
intento_113854_usb_c_cable,usb_c_cable,0.0007,1
intento_113854_usb_c_cable,usb_c_cable,0.106,1
intento_113854_usb_c_cable,usb_c_cable,0.1755,0
intento_113854_usb_c_cable,usb_c_cable,0.3835,0
intento_113854_usb_c_cable,usb_c_cable,0.4063,0
intento_113854_usb_c_cable,usb_c_cable,0.3708,1
intento_113854_usb_c_cable,usb_c_cable,0.2322,0
intento_113854_usb_c_cable,usb_c_cable,0.4101,1
intento_113854_usb_c_cable,usb_c_cable,0.7581,0
intento_113854_usb_c_cable,usb_c_cable,0.0001,0
intento_113854_usb_c_cable,usb_c_cable,0.0221,0
intento_113854_usb_c_cable,usb_c_cable,0.0279,1
intento_113854_usb_c_cable,usb_c_cable,0.2579,1
intento_113854_usb_c_cable,usb_c_cable,0.006,0
intento_113854_usb_c_cable,usb_c_cable,0.0039,1
intento_113854_usb_c_cable,usb_c_cable,0.0778,0
intento_113854_usb_c_cable,usb_c_cable,0.0179,1
intento_113854_usb_c_cable,usb_c_cable,0.4633,0
intento_113854_usb_c_cable,usb_c_cable,0.01,0
intento_113854_usb_c_cable,usb_c_cable,0.409,0
intento_113854_usb_c_cable,usb_c_cable,0.0988,1
intento_113854_usb_c_cable,usb_c_cable,0.1304,1
intento_113854_usb_c_cable,usb_c_cable,0.6025,0
intento_113854_usb_c_cable,usb_c_cable,0.2303,1
intento_113854_usb_c_cable,usb_c_cable,0.8348,0
intento_113854_usb_c_cable,usb_c_cable,0.0725,0
intento_113854_usb_c_cable,usb_c_cable,0.3932,1
intento_113854_usb_c_cable,usb_c_cable,0.4594,0
intento_113854_usb_c_cable,usb_c_cable,0.0809,0
intento_113854_usb_c_cable,usb_c_cable,0.098,1
intento_113854_usb_c_cable,usb_c_cable,0.0744,0
intento_113854_usb_c_cable,usb_c_cable,0.4386,0
intento_113854_usb_c_cable,usb_c_cable,0.4117,1
intento_113854_usb_c_cable,usb_c_cable,0.4501,1
intento_113854_usb_c_cable,usb_c_cable,0.0,0
intento_113854_usb_c_cable,usb_c_cable,0.5179,1
intento_113854_usb_c_cable,usb_c_cable,0.0037,1
intento_113854_usb_c_cable,usb_c_cable,0.5604,1
intento_113854_usb_c_cable,usb_c_cable,0.0202,0
intento_113854_usb_c_cable,usb_c_cable,0.0195,0
intento_113854_usb_c_cable,usb_c_cable,0.0681,0
intento_113854_usb_c_cable,usb_c_cable,0.0645,1
intento_113854_usb_c_cable,usb_c_cable,0.2804,0
intento_113854_usb_c_cable,usb_c_cable,0.1617,0
intento_113854_usb_c_cable,usb_c_cable,0.1455,0
intento_113854_usb_c_cable,usb_c_cable,0.0278,0
intento_113854_usb_c_cable,usb_c_cable,0.8314,1
intento_113854_usb_c_cable,usb_c_cable,0.0493,0
intento_113854_usb_c_cable,usb_c_cable,0.0002,0
intento_113854_usb_c_cable,usb_c_cable,0.1438,0
intento_113854_usb_c_cable,usb_c_cable,0.043,0
intento_113854_usb_c_cable,usb_c_cable,0.0204,0
intento_113854_usb_c_cable,usb_c_cable,0.0004,0
intento_113854_usb_c_cable,usb_c_cable,0.3505,0
intento_113854_usb_c_cable,usb_c_cable,0.1897,0
intento_113854_usb_c_cable,usb_c_cable,0.0602,0
intento_113854_usb_c_cable,usb_c_cable,0.463,1
intento_113854_usb_c_cable,usb_c_cable,0.2206,0
intento_113854_usb_c_cable,usb_c_cable,0.1399,0
intento_113854_usb_c_cable,usb_c_cable,0.0139,1
intento_113854_usb_c_cable,usb_c_cable,0.7857,0
intento_113854_usb_c_cable,usb_c_cable,0.623,0
intento_113854_usb_c_cable,usb_c_cable,0.0089,1
intento_113854_usb_c_cable,usb_c_cable,0.1709,0
intento_113854_usb_c_cable,usb_c_cable,0.7624,0
intento_113854_usb_c_cable,usb_c_cable,0.0719,0
intento_113854_usb_c_cable,usb_c_cable,0.2591,1
intento_113854_usb_c_cable,usb_c_cable,0.7053,1
intento_113854_usb_c_cable,usb_c_cable,0.0001,0
intento_113854_usb_c_cable,usb_c_cable,0.0001,1
intento_113854_usb_c_cable,usb_c_cable,0.1533,0
intento_113854_usb_c_cable,usb_c_cable,0.0772,0
intento_113854_usb_c_cable,usb_c_cable,0.0632,0
intento_113854_usb_c_cable,usb_c_cable,0.0616,0
intento_113854_usb_c_cable,usb_c_cable,0.1724,0
intento_113854_usb_c_cable,usb_c_cable,0.0,1
intento_113854_usb_c_cable,usb_c_cable,0.2451,1
intento_113854_usb_c_cable,usb_c_cable,0.0302,1
intento_113854_usb_c_cable,usb_c_cable,0.0392,1
intento_113854_usb_c_cable,usb_c_cable,0.4941,1
intento_113854_usb_c_cable,usb_c_cable,0.1542,0
intento_113854_usb_c_cable,usb_c_cable,0.6219,0
intento_113854_usb_c_cable,usb_c_cable,0.0499,1
intento_113854_usb_c_cable,usb_c_cable,0.0,0
intento_113854_usb_c_cable,usb_c_cable,0.0725,1
intento_113854_usb_c_cable,usb_c_cable,0.0005,1
intento_113854_usb_c_cable,usb_c_cable,0.0,0
intento_113854_usb_c_cable,usb_c_cable,0.004,1
intento_114332_yellow_trim,yellow_trim,0.3401,0
intento_114332_yellow_trim,yellow_trim,0.3696,0
intento_114332_yellow_trim,yellow_trim,0.2254,0
intento_114332_yellow_trim,yellow_trim,0.4593,0
intento_114332_yellow_trim,yellow_trim,0.4506,0
intento_114332_yellow_trim,yellow_trim,0.4783,0
intento_114332_yellow_trim,yellow_trim,0.1627,0
intento_114332_yellow_trim,yellow_trim,0.5738,0
intento_114332_yellow_trim,yellow_trim,0.2899,0
intento_114332_yellow_trim,yellow_trim,0.6272,0
intento_114332_yellow_trim,yellow_trim,0.0522,0
intento_114332_yellow_trim,yellow_trim,0.2584,0
intento_114332_yellow_trim,yellow_trim,0.2815,0
intento_114332_yellow_trim,yellow_trim,0.0366,0
intento_114332_yellow_trim,yellow_trim,0.2302,0
intento_114332_yellow_trim,yellow_trim,0.097,0
intento_114332_yellow_trim,yellow_trim,0.2169,0
intento_114332_yellow_trim,yellow_trim,0.0857,0
intento_114332_yellow_trim,yellow_trim,0.1868,0
intento_114332_yellow_trim,yellow_trim,0.5358,0
intento_114332_yellow_trim,yellow_trim,0.7362,0
intento_114332_yellow_trim,yellow_trim,0.5951,0
intento_114332_yellow_trim,yellow_trim,0.3539,0
intento_114332_yellow_trim,yellow_trim,0.6559,1
intento_114332_yellow_trim,yellow_trim,0.4527,0
intento_114332_yellow_trim,yellow_trim,0.0492,0
intento_114332_yellow_trim,yellow_trim,0.1496,0
intento_114332_yellow_trim,yellow_trim,0.0812,0
intento_114332_yellow_trim,yellow_trim,0.2136,0
intento_114332_yellow_trim,yellow_trim,0.0224,0
intento_114332_yellow_trim,yellow_trim,0.2477,0
intento_114332_yellow_trim,yellow_trim,0.3215,0
intento_114332_yellow_trim,yellow_trim,0.0351,0
intento_114332_yellow_trim,yellow_trim,0.031,0
intento_114332_yellow_trim,yellow_trim,0.1282,0
intento_114332_yellow_trim,yellow_trim,0.5711,0
intento_114332_yellow_trim,yellow_trim,0.484,0
intento_114332_yellow_trim,yellow_trim,0.5188,0
intento_114332_yellow_trim,yellow_trim,0.0327,0
intento_114332_yellow_trim,yellow_trim,0.2381,0
intento_114332_yellow_trim,yellow_trim,0.6324,0
intento_114332_yellow_trim,yellow_trim,0.1362,0
intento_114332_yellow_trim,yellow_trim,0.4095,0
intento_114332_yellow_trim,yellow_trim,0.0198,0
intento_114332_yellow_trim,yellow_trim,0.7127,0
intento_114332_yellow_trim,yellow_trim,0.2247,1
intento_114332_yellow_trim,yellow_trim,0.0216,0
intento_114332_yellow_trim,yellow_trim,0.0208,0
intento_114332_yellow_trim,yellow_trim,0.2187,0
intento_114332_yellow_trim,yellow_trim,0.0008,0
intento_114332_yellow_trim,yellow_trim,0.4465,0
intento_114332_yellow_trim,yellow_trim,0.1021,0
intento_114332_yellow_trim,yellow_trim,0.4445,0
intento_114332_yellow_trim,yellow_trim,0.5638,0
intento_114332_yellow_trim,yellow_trim,0.1591,0
intento_114332_yellow_trim,yellow_trim,0.2349,0
intento_114332_yellow_trim,yellow_trim,0.493,0
intento_114332_yellow_trim,yellow_trim,0.234,0
intento_114332_yellow_trim,yellow_trim,0.2533,0
intento_114332_yellow_trim,yellow_trim,0.3677,0
intento_114332_yellow_trim,yellow_trim,0.513,1
intento_114332_yellow_trim,yellow_trim,0.3988,0
intento_114332_yellow_trim,yellow_trim,0.3989,0
intento_114332_yellow_trim,yellow_trim,0.1053,0
intento_114332_yellow_trim,yellow_trim,0.1489,0
intento_114332_yellow_trim,yellow_trim,0.2654,0
intento_114332_yellow_trim,yellow_trim,0.02,0
intento_114332_yellow_trim,yellow_trim,0.0771,0
intento_114332_yellow_trim,yellow_trim,0.4455,0
intento_114332_yellow_trim,yellow_trim,0.25,0
intento_114332_yellow_trim,yellow_trim,0.0526,0
intento_114332_yellow_trim,yellow_trim,0.1682,0
intento_114332_yellow_trim,yellow_trim,0.0553,0
intento_114332_yellow_trim,yellow_trim,0.5028,0
intento_114332_yellow_trim,yellow_trim,0.2572,0
intento_114332_yellow_trim,yellow_trim,0.1031,0
intento_114332_yellow_trim,yellow_trim,0.3293,0
intento_114332_yellow_trim,yellow_trim,0.2283,0
intento_114332_yellow_trim,yellow_trim,0.3499,1
intento_114332_yellow_trim,yellow_trim,0.1452,0
intento_114332_yellow_trim,yellow_trim,0.0041,0
intento_114332_yellow_trim,yellow_trim,0.2222,0
intento_114332_yellow_trim,yellow_trim,0.2891,0
intento_114332_yellow_trim,yellow_trim,0.4546,0
intento_114332_yellow_trim,yellow_trim,0.1523,0
intento_114332_yellow_trim,yellow_trim,0.1086,0
intento_114332_yellow_trim,yellow_trim,0.3867,0
intento_114332_yellow_trim,yellow_trim,0.3932,0
intento_114332_yellow_trim,yellow_trim,0.2634,0
intento_114332_yellow_trim,yellow_trim,0.2499,0
intento_114332_yellow_trim,yellow_trim,0.1295,0
intento_114332_yellow_trim,yellow_trim,0.1599,0
intento_114332_yellow_trim,yellow_trim,0.2144,0
intento_114332_yellow_trim,yellow_trim,0.2619,0
intento_114332_yellow_trim,yellow_trim,0.1814,0
intento_114332_yellow_trim,yellow_trim,0.0474,0
intento_114332_yellow_trim,yellow_trim,0.1469,0
intento_114332_yellow_trim,yellow_trim,0.0224,0
intento_114332_yellow_trim,yellow_trim,0.0021,0
intento_114332_yellow_trim,yellow_trim,0.0418,0
intento_114332_yellow_trim,yellow_trim,0.4004,0
intento_114332_yellow_trim,yellow_trim,0.0229,0
intento_114332_yellow_trim,yellow_trim,0.2357,0
intento_114332_yellow_trim,yellow_trim,0.1077,0
intento_114332_yellow_trim,yellow_trim,0.1983,0
intento_114332_yellow_trim,yellow_trim,0.041,0
intento_114332_yellow_trim,yellow_trim,0.1873,0
intento_114332_yellow_trim,yellow_trim,0.1402,1
intento_114332_yellow_trim,yellow_trim,0.1958,0
intento_114332_yellow_trim,yellow_trim,0.1509,0
intento_114332_yellow_trim,yellow_trim,0.4787,1
intento_114332_yellow_trim,yellow_trim,0.1432,1
intento_114332_yellow_trim,yellow_trim,0.0183,0
intento_114332_yellow_trim,yellow_trim,0.0113,0
intento_114332_yellow_trim,yellow_trim,0.0236,0
intento_114332_yellow_trim,yellow_trim,0.3608,0
intento_114359_usb_c_cable,usb_c_cable,0.451,0
intento_114359_usb_c_cable,usb_c_cable,0.2702,0
intento_114359_usb_c_cable,usb_c_cable,0.1354,0
intento_114359_usb_c_cable,usb_c_cable,0.4749,0
intento_114359_usb_c_cable,usb_c_cable,0.0472,1
intento_114359_usb_c_cable,usb_c_cable,0.0007,0
intento_114359_usb_c_cable,usb_c_cable,0.0585,1
intento_114359_usb_c_cable,usb_c_cable,0.1966,0
intento_114359_usb_c_cable,usb_c_cable,0.4821,0
intento_114359_usb_c_cable,usb_c_cable,0.6702,0
intento_114359_usb_c_cable,usb_c_cable,0.4683,0
intento_114359_usb_c_cable,usb_c_cable,0.5848,0
intento_114359_usb_c_cable,usb_c_cable,0.0428,0
intento_114359_usb_c_cable,usb_c_cable,0.0509,1
intento_114359_usb_c_cable,usb_c_cable,0.1911,0
intento_114359_usb_c_cable,usb_c_cable,0.2103,0
intento_114359_usb_c_cable,usb_c_cable,0.8045,0
intento_114359_usb_c_cable,usb_c_cable,0.7632,0
intento_114359_usb_c_cable,usb_c_cable,0.1184,0
intento_114359_usb_c_cable,usb_c_cable,0.1131,0
intento_114359_usb_c_cable,usb_c_cable,0.0761,0
intento_114359_usb_c_cable,usb_c_cable,0.0526,0
intento_114359_usb_c_cable,usb_c_cable,0.8121,1
intento_114359_usb_c_cable,usb_c_cable,0.0389,0
intento_114359_usb_c_cable,usb_c_cable,0.0057,1
intento_114359_usb_c_cable,usb_c_cable,0.9272,0
intento_114359_usb_c_cable,usb_c_cable,0.1514,0
intento_114359_usb_c_cable,usb_c_cable,0.5404,0
intento_114359_usb_c_cable,usb_c_cable,0.5655,0
intento_114359_usb_c_cable,usb_c_cable,0.0811,0
intento_114359_usb_c_cable,usb_c_cable,0.8213,0
intento_114359_usb_c_cable,usb_c_cable,0.7851,0
intento_114359_usb_c_cable,usb_c_cable,0.589,0
intento_114359_usb_c_cable,usb_c_cable,0.7049,0
intento_114359_usb_c_cable,usb_c_cable,0.3061,0
intento_114359_usb_c_cable,usb_c_cable,0.2397,0
intento_114359_usb_c_cable,usb_c_cable,0.0518,0
intento_114359_usb_c_cable,usb_c_cable,0.7375,0
intento_114359_usb_c_cable,usb_c_cable,0.1227,0
intento_114359_usb_c_cable,usb_c_cable,0.3666,0
intento_114359_usb_c_cable,usb_c_cable,0.1025,1
intento_114359_usb_c_cable,usb_c_cable,0.1435,1
intento_114359_usb_c_cable,usb_c_cable,0.4627,0
intento_114359_usb_c_cable,usb_c_cable,0.0003,1
intento_114359_usb_c_cable,usb_c_cable,0.8527,1
intento_114359_usb_c_cable,usb_c_cable,0.1038,0
intento_114359_usb_c_cable,usb_c_cable,0.0032,0
intento_114359_usb_c_cable,usb_c_cable,0.1293,0
intento_114359_usb_c_cable,usb_c_cable,0.2121,0
intento_114359_usb_c_cable,usb_c_cable,0.0514,1
intento_114359_usb_c_cable,usb_c_cable,0.6262,0
intento_114359_usb_c_cable,usb_c_cable,0.0343,0
intento_114359_usb_c_cable,usb_c_cable,0.0021,1
intento_114359_usb_c_cable,usb_c_cable,0.213,0
intento_114359_usb_c_cable,usb_c_cable,0.1357,1
intento_114359_usb_c_cable,usb_c_cable,0.1882,0
intento_114359_usb_c_cable,usb_c_cable,0.0095,1
intento_114359_usb_c_cable,usb_c_cable,0.3739,0
intento_114359_usb_c_cable,usb_c_cable,0.1905,0
intento_114359_usb_c_cable,usb_c_cable,0.2007,0
intento_114359_usb_c_cable,usb_c_cable,0.0555,0
intento_114359_usb_c_cable,usb_c_cable,0.0152,0
intento_114359_usb_c_cable,usb_c_cable,0.6271,0
intento_114359_usb_c_cable,usb_c_cable,0.1009,0
intento_114359_usb_c_cable,usb_c_cable,0.0394,0
intento_114359_usb_c_cable,usb_c_cable,0.1585,0
intento_114359_usb_c_cable,usb_c_cable,0.037,0
intento_114359_usb_c_cable,usb_c_cable,0.0458,1
intento_114359_usb_c_cable,usb_c_cable,0.0889,1
intento_114359_usb_c_cable,usb_c_cable,0.132,0
intento_114359_usb_c_cable,usb_c_cable,0.0585,0
intento_114359_usb_c_cable,usb_c_cable,0.2673,0
intento_114359_usb_c_cable,usb_c_cable,0.062,0
intento_114359_usb_c_cable,usb_c_cable,0.4395,0
intento_114359_usb_c_cable,usb_c_cable,0.1109,0
intento_114359_usb_c_cable,usb_c_cable,0.0401,1
intento_114359_usb_c_cable,usb_c_cable,0.067,0
intento_114359_usb_c_cable,usb_c_cable,0.6239,0
intento_114359_usb_c_cable,usb_c_cable,0.5122,0
intento_114359_usb_c_cable,usb_c_cable,0.1777,0
intento_114359_usb_c_cable,usb_c_cable,0.2278,0
intento_114359_usb_c_cable,usb_c_cable,0.6098,0
intento_114359_usb_c_cable,usb_c_cable,0.0471,1
intento_114359_usb_c_cable,usb_c_cable,0.6674,0
intento_114359_usb_c_cable,usb_c_cable,0.0115,0
intento_114359_usb_c_cable,usb_c_cable,0.4377,0
intento_114359_usb_c_cable,usb_c_cable,0.0407,0
intento_114359_usb_c_cable,usb_c_cable,0.0353,0
intento_114359_usb_c_cable,usb_c_cable,0.0011,0
intento_114359_usb_c_cable,usb_c_cable,0.2376,0
intento_114359_usb_c_cable,usb_c_cable,0.0048,1
intento_114359_usb_c_cable,usb_c_cable,0.1104,0
intento_114359_usb_c_cable,usb_c_cable,0.0721,1
intento_114359_usb_c_cable,usb_c_cable,0.4124,0
intento_114359_usb_c_cable,usb_c_cable,0.107,0
intento_114359_usb_c_cable,usb_c_cable,0.6405,0
intento_114359_usb_c_cable,usb_c_cable,0.2648,1
intento_114359_usb_c_cable,usb_c_cable,0.0325,0
intento_114359_usb_c_cable,usb_c_cable,0.1507,0
intento_114359_usb_c_cable,usb_c_cable,0.0003,0
intento_114359_usb_c_cable,usb_c_cable,0.044,1
intento_114359_usb_c_cable,usb_c_cable,0.4938,1
intento_114359_usb_c_cable,usb_c_cable,0.0015,0
intento_114359_usb_c_cable,usb_c_cable,0.2736,0
intento_114359_usb_c_cable,usb_c_cable,0.0001,1
intento_114359_usb_c_cable,usb_c_cable,0.2543,1
intento_114359_usb_c_cable,usb_c_cable,0.1491,0
intento_114359_usb_c_cable,usb_c_cable,0.0878,0
intento_114359_usb_c_cable,usb_c_cable,0.1296,0
intento_114359_usb_c_cable,usb_c_cable,0.0285,1
intento_114359_usb_c_cable,usb_c_cable,0.3587,1
intento_114359_usb_c_cable,usb_c_cable,0.0099,1
intento_114359_usb_c_cable,usb_c_cable,0.0004,0
intento_114359_usb_c_cable,usb_c_cable,0.0334,0
intento_114359_usb_c_cable,usb_c_cable,0.0016,0
intento_114359_usb_c_cable,usb_c_cable,0.228,0
intento_114359_usb_c_cable,usb_c_cable,0.1087,0
intento_114359_usb_c_cable,usb_c_cable,0.2938,1
intento_114359_usb_c_cable,usb_c_cable,0.8262,0
intento_114359_usb_c_cable,usb_c_cable,0.1387,1
intento_114359_usb_c_cable,usb_c_cable,0.0021,1
intento_114359_usb_c_cable,usb_c_cable,0.3446,0
intento_114359_usb_c_cable,usb_c_cable,0.143,0
intento_114359_usb_c_cable,usb_c_cable,0.0005,1
intento_114359_usb_c_cable,usb_c_cable,0.3848,1
intento_114359_usb_c_cable,usb_c_cable,0.1893,0
intento_114359_usb_c_cable,usb_c_cable,0.0169,1
intento_114359_usb_c_cable,usb_c_cable,0.8113,1
intento_114359_usb_c_cable,usb_c_cable,0.2815,0
intento_114359_usb_c_cable,usb_c_cable,0.0505,0
intento_114359_usb_c_cable,usb_c_cable,0.639,0
intento_114359_usb_c_cable,usb_c_cable,0.1168,0
intento_114359_usb_c_cable,usb_c_cable,0.0003,1
intento_114359_usb_c_cable,usb_c_cable,0.4579,1
intento_114359_usb_c_cable,usb_c_cable,0.0852,1
intento_114359_usb_c_cable,usb_c_cable,0.7723,0
intento_114359_usb_c_cable,usb_c_cable,0.0484,0
intento_114359_usb_c_cable,usb_c_cable,0.1015,1
intento_114359_usb_c_cable,usb_c_cable,0.033,0
intento_114359_usb_c_cable,usb_c_cable,0.4451,1
intento_114359_usb_c_cable,usb_c_cable,0.0457,0
intento_114359_usb_c_cable,usb_c_cable,0.1363,0
intento_114359_usb_c_cable,usb_c_cable,0.5475,0
intento_114359_usb_c_cable,usb_c_cable,0.3461,0
intento_114359_usb_c_cable,usb_c_cable,0.1504,1
intento_114359_usb_c_cable,usb_c_cable,0.7925,0
intento_114359_usb_c_cable,usb_c_cable,0.7604,0
intento_114359_usb_c_cable,usb_c_cable,0.0015,1
intento_114359_usb_c_cable,usb_c_cable,0.0667,0
intento_114359_usb_c_cable,usb_c_cable,0.0212,0
intento_114359_usb_c_cable,usb_c_cable,0.3013,0
intento_114359_usb_c_cable,usb_c_cable,0.0269,0
intento_114359_usb_c_cable,usb_c_cable,0.0003,1
intento_114359_usb_c_cable,usb_c_cable,0.0456,0
intento_114359_usb_c_cable,usb_c_cable,0.3478,1
intento_114359_usb_c_cable,usb_c_cable,0.0001,0
intento_114359_usb_c_cable,usb_c_cable,0.0711,0
intento_114359_usb_c_cable,usb_c_cable,0.0113,0
intento_114359_usb_c_cable,usb_c_cable,0.1137,1
intento_114359_usb_c_cable,usb_c_cable,0.071,1
intento_114359_usb_c_cable,usb_c_cable,0.0253,0
intento_114359_usb_c_cable,usb_c_cable,0.1455,1
intento_114359_usb_c_cable,usb_c_cable,0.3209,0
intento_114359_usb_c_cable,usb_c_cable,0.0166,0
intento_114359_usb_c_cable,usb_c_cable,0.1697,0
intento_114359_usb_c_cable,usb_c_cable,0.0102,0
intento_114359_usb_c_cable,usb_c_cable,0.0695,1
intento_114359_usb_c_cable,usb_c_cable,0.1319,1
intento_114359_usb_c_cable,usb_c_cable,0.0001,1
intento_114359_usb_c_cable,usb_c_cable,0.0226,0
intento_115148_yellow_trim,yellow_trim,0.124,0
intento_115148_yellow_trim,yellow_trim,0.5469,0
intento_115148_yellow_trim,yellow_trim,0.1052,0
intento_115148_yellow_trim,yellow_trim,0.4057,1
intento_115148_yellow_trim,yellow_trim,0.4884,0
intento_115148_yellow_trim,yellow_trim,0.3534,0
intento_115148_yellow_trim,yellow_trim,0.4175,0
intento_115148_yellow_trim,yellow_trim,0.0426,0
intento_115148_yellow_trim,yellow_trim,0.1441,0
intento_115148_yellow_trim,yellow_trim,0.1201,0
intento_115148_yellow_trim,yellow_trim,0.0532,0
intento_115148_yellow_trim,yellow_trim,0.1133,0
intento_115148_yellow_trim,yellow_trim,0.2785,0
intento_115148_yellow_trim,yellow_trim,0.1122,0
intento_115148_yellow_trim,yellow_trim,0.5987,0
intento_115148_yellow_trim,yellow_trim,0.2121,0
intento_115148_yellow_trim,yellow_trim,0.2331,0
intento_115148_yellow_trim,yellow_trim,0.5493,0
intento_115148_yellow_trim,yellow_trim,0.4725,0
intento_115148_yellow_trim,yellow_trim,0.1056,0
intento_115148_yellow_trim,yellow_trim,0.0098,0
intento_115148_yellow_trim,yellow_trim,0.3311,0
intento_115148_yellow_trim,yellow_trim,0.0626,0
intento_115148_yellow_trim,yellow_trim,0.1611,0
intento_115148_yellow_trim,yellow_trim,0.1695,0
intento_115148_yellow_trim,yellow_trim,0.2259,0
intento_115148_yellow_trim,yellow_trim,0.1024,0
intento_115148_yellow_trim,yellow_trim,0.5409,0
intento_115148_yellow_trim,yellow_trim,0.419,0
intento_115148_yellow_trim,yellow_trim,0.1956,0
intento_115148_yellow_trim,yellow_trim,0.1102,0
intento_115148_yellow_trim,yellow_trim,0.4271,0
intento_115148_yellow_trim,yellow_trim,0.0916,0
intento_115148_yellow_trim,yellow_trim,0.0044,0
intento_115148_yellow_trim,yellow_trim,0.8579,0
intento_115148_yellow_trim,yellow_trim,0.2832,0
intento_115148_yellow_trim,yellow_trim,0.3436,1
intento_115148_yellow_trim,yellow_trim,0.357,0
intento_115148_yellow_trim,yellow_trim,0.6804,0
intento_115148_yellow_trim,yellow_trim,0.3412,0
intento_115148_yellow_trim,yellow_trim,0.6446,0
intento_115148_yellow_trim,yellow_trim,0.1728,0
intento_115148_yellow_trim,yellow_trim,0.3878,0
intento_115148_yellow_trim,yellow_trim,0.4829,0
intento_115148_yellow_trim,yellow_trim,0.0474,0
intento_115148_yellow_trim,yellow_trim,0.6641,1
intento_115148_yellow_trim,yellow_trim,0.2288,0
intento_115148_yellow_trim,yellow_trim,0.0809,0
intento_115148_yellow_trim,yellow_trim,0.7387,0
intento_115148_yellow_trim,yellow_trim,0.3501,0
intento_115148_yellow_trim,yellow_trim,0.3709,0
intento_115148_yellow_trim,yellow_trim,0.4765,1
intento_115148_yellow_trim,yellow_trim,0.4164,0
intento_115148_yellow_trim,yellow_trim,0.0064,0
intento_115148_yellow_trim,yellow_trim,0.2474,0
intento_115148_yellow_trim,yellow_trim,0.5232,0
intento_115148_yellow_trim,yellow_trim,0.6823,0
intento_115148_yellow_trim,yellow_trim,0.462,0
intento_115148_yellow_trim,yellow_trim,0.1874,0
intento_115148_yellow_trim,yellow_trim,0.0488,0
intento_115148_yellow_trim,yellow_trim,0.1557,0
intento_115148_yellow_trim,yellow_trim,0.3601,0
intento_115148_yellow_trim,yellow_trim,0.0467,0
intento_115148_yellow_trim,yellow_trim,0.1897,0
intento_115148_yellow_trim,yellow_trim,0.1234,0
intento_115148_yellow_trim,yellow_trim,0.5119,0
intento_115148_yellow_trim,yellow_trim,0.144,0
intento_115148_yellow_trim,yellow_trim,0.5826,0
intento_115148_yellow_trim,yellow_trim,0.4256,0
intento_115148_yellow_trim,yellow_trim,0.154,0
intento_115148_yellow_trim,yellow_trim,0.1302,0
intento_115148_yellow_trim,yellow_trim,0.1079,0
intento_115148_yellow_trim,yellow_trim,0.2429,0
intento_115148_yellow_trim,yellow_trim,0.1085,0
intento_115148_yellow_trim,yellow_trim,0.0034,0
intento_115148_yellow_trim,yellow_trim,0.7104,0
intento_115148_yellow_trim,yellow_trim,0.213,0
intento_115148_yellow_trim,yellow_trim,0.1594,0
intento_115148_yellow_trim,yellow_trim,0.5914,0
intento_115148_yellow_trim,yellow_trim,0.1487,0
intento_115148_yellow_trim,yellow_trim,0.2046,0
intento_115148_yellow_trim,yellow_trim,0.1244,0
intento_115148_yellow_trim,yellow_trim,0.0176,0
intento_115148_yellow_trim,yellow_trim,0.0598,0
intento_115148_yellow_trim,yellow_trim,0.1987,0
intento_115148_yellow_trim,yellow_trim,0.1059,0
intento_115148_yellow_trim,yellow_trim,0.1118,0
intento_115148_yellow_trim,yellow_trim,0.5313,0
intento_115148_yellow_trim,yellow_trim,0.0661,0
intento_115148_yellow_trim,yellow_trim,0.0211,0
intento_115148_yellow_trim,yellow_trim,0.0472,0
intento_115148_yellow_trim,yellow_trim,0.0865,0
intento_115148_yellow_trim,yellow_trim,0.3656,1
intento_115148_yellow_trim,yellow_trim,0.1269,0
intento_115148_yellow_trim,yellow_trim,0.0442,0
intento_115148_yellow_trim,yellow_trim,0.1769,0
intento_115148_yellow_trim,yellow_trim,0.2507,0
intento_115148_yellow_trim,yellow_trim,0.1597,0
intento_115148_yellow_trim,yellow_trim,0.3747,0
intento_115148_yellow_trim,yellow_trim,0.1415,0
intento_115148_yellow_trim,yellow_trim,0.0113,0
intento_115148_yellow_trim,yellow_trim,0.1155,0
intento_115148_yellow_trim,yellow_trim,0.4622,0
intento_115148_yellow_trim,yellow_trim,0.1645,0
intento_115148_yellow_trim,yellow_trim,0.0519,0
intento_115148_yellow_trim,yellow_trim,0.0157,0
intento_115148_yellow_trim,yellow_trim,0.0005,0
intento_115148_yellow_trim,yellow_trim,0.0831,0
intento_115148_yellow_trim,yellow_trim,0.0449,0
intento_115148_yellow_trim,yellow_trim,0.1111,1
intento_115148_yellow_trim,yellow_trim,0.0835,0
intento_115148_yellow_trim,yellow_trim,0.1505,0
intento_115148_yellow_trim,yellow_trim,0.0116,0
intento_115148_yellow_trim,yellow_trim,0.0443,0
intento_115148_yellow_trim,yellow_trim,0.0743,0
intento_115148_yellow_trim,yellow_trim,0.1105,0
intento_115148_yellow_trim,yellow_trim,0.0271,0
intento_115148_yellow_trim,yellow_trim,0.0074,1
intento_115148_yellow_trim,yellow_trim,0.1349,0
intento_115148_yellow_trim,yellow_trim,0.2159,0
intento_115148_yellow_trim,yellow_trim,0.0147,0
intento_115148_yellow_trim,yellow_trim,0.0429,0
intento_115148_yellow_trim,yellow_trim,0.1019,0
intento_115148_yellow_trim,yellow_trim,0.0457,0
intento_115148_yellow_trim,yellow_trim,0.024,0
intento_115148_yellow_trim,yellow_trim,0.0682,1
intento_115148_yellow_trim,yellow_trim,0.0439,1
intento_115148_yellow_trim,yellow_trim,0.3155,1
intento_115148_yellow_trim,yellow_trim,0.0397,1
intento_115148_yellow_trim,yellow_trim,0.2156,0
intento_115218_usb_c_cable,usb_c_cable,0.2879,1
intento_115218_usb_c_cable,usb_c_cable,0.811,0
intento_115218_usb_c_cable,usb_c_cable,0.0303,0
intento_115218_usb_c_cable,usb_c_cable,0.6184,0
intento_115218_usb_c_cable,usb_c_cable,0.384,0
intento_115218_usb_c_cable,usb_c_cable,0.0139,1
intento_115218_usb_c_cable,usb_c_cable,0.204,0
intento_115218_usb_c_cable,usb_c_cable,0.0246,0
intento_115218_usb_c_cable,usb_c_cable,0.355,0
intento_115218_usb_c_cable,usb_c_cable,0.1076,0
intento_115218_usb_c_cable,usb_c_cable,0.0601,0
intento_115218_usb_c_cable,usb_c_cable,0.1318,1
intento_115218_usb_c_cable,usb_c_cable,0.0084,0
intento_115218_usb_c_cable,usb_c_cable,0.1886,0
intento_115218_usb_c_cable,usb_c_cable,0.0314,1
intento_115218_usb_c_cable,usb_c_cable,0.0083,1
intento_115218_usb_c_cable,usb_c_cable,0.0282,1
intento_115218_usb_c_cable,usb_c_cable,0.0896,0
intento_115218_usb_c_cable,usb_c_cable,0.2958,1
intento_115218_usb_c_cable,usb_c_cable,0.0281,1
intento_115218_usb_c_cable,usb_c_cable,0.8532,0
intento_115218_usb_c_cable,usb_c_cable,0.0763,1
intento_115218_usb_c_cable,usb_c_cable,0.1425,0
intento_115218_usb_c_cable,usb_c_cable,0.0417,0
intento_115218_usb_c_cable,usb_c_cable,0.2955,0
intento_115218_usb_c_cable,usb_c_cable,0.2778,0
intento_115218_usb_c_cable,usb_c_cable,0.0658,0
intento_115218_usb_c_cable,usb_c_cable,0.0926,0
intento_115218_usb_c_cable,usb_c_cable,0.029,1
intento_115218_usb_c_cable,usb_c_cable,0.5876,1
intento_115218_usb_c_cable,usb_c_cable,0.0095,0
intento_115218_usb_c_cable,usb_c_cable,0.4597,1
intento_115218_usb_c_cable,usb_c_cable,0.3375,0
intento_115218_usb_c_cable,usb_c_cable,0.002,1
intento_115218_usb_c_cable,usb_c_cable,0.2123,1
intento_115218_usb_c_cable,usb_c_cable,0.089,0
intento_115218_usb_c_cable,usb_c_cable,0.2977,0
intento_115218_usb_c_cable,usb_c_cable,0.6048,1
intento_115218_usb_c_cable,usb_c_cable,0.3126,1
intento_115218_usb_c_cable,usb_c_cable,0.2764,1
intento_115218_usb_c_cable,usb_c_cable,0.0609,0
intento_115218_usb_c_cable,usb_c_cable,0.0151,0
intento_115218_usb_c_cable,usb_c_cable,0.0851,1
intento_115218_usb_c_cable,usb_c_cable,0.0097,0
intento_115218_usb_c_cable,usb_c_cable,0.4533,0
intento_115218_usb_c_cable,usb_c_cable,0.0945,1
intento_115218_usb_c_cable,usb_c_cable,0.6032,1
intento_115218_usb_c_cable,usb_c_cable,0.2206,1
intento_115218_usb_c_cable,usb_c_cable,0.5513,0
intento_115218_usb_c_cable,usb_c_cable,0.0015,1
intento_115218_usb_c_cable,usb_c_cable,0.073,0
intento_115218_usb_c_cable,usb_c_cable,0.3184,1
intento_115218_usb_c_cable,usb_c_cable,0.1938,0
intento_115218_usb_c_cable,usb_c_cable,0.547,1
intento_115218_usb_c_cable,usb_c_cable,0.4497,0
intento_115218_usb_c_cable,usb_c_cable,0.2033,0
intento_115218_usb_c_cable,usb_c_cable,0.0445,1
intento_115218_usb_c_cable,usb_c_cable,0.5317,1
intento_115218_usb_c_cable,usb_c_cable,0.0443,1
intento_115218_usb_c_cable,usb_c_cable,0.0218,1
intento_115218_usb_c_cable,usb_c_cable,0.4798,1
intento_115218_usb_c_cable,usb_c_cable,0.0814,0
intento_115218_usb_c_cable,usb_c_cable,0.3232,1
intento_115218_usb_c_cable,usb_c_cable,0.0358,0
intento_115218_usb_c_cable,usb_c_cable,0.0959,0
intento_115218_usb_c_cable,usb_c_cable,0.3105,0
intento_115218_usb_c_cable,usb_c_cable,0.0054,0
intento_115218_usb_c_cable,usb_c_cable,0.007,1
intento_115218_usb_c_cable,usb_c_cable,0.1303,0
intento_115218_usb_c_cable,usb_c_cable,0.134,1
intento_115218_usb_c_cable,usb_c_cable,0.3659,1
intento_115218_usb_c_cable,usb_c_cable,0.0013,1
intento_115218_usb_c_cable,usb_c_cable,0.0202,1
intento_115218_usb_c_cable,usb_c_cable,0.0286,0
intento_115218_usb_c_cable,usb_c_cable,0.553,0
intento_115218_usb_c_cable,usb_c_cable,0.5719,1
intento_115218_usb_c_cable,usb_c_cable,0.064,1
intento_115218_usb_c_cable,usb_c_cable,0.4549,1
intento_115218_usb_c_cable,usb_c_cable,0.5388,1
intento_115218_usb_c_cable,usb_c_cable,0.2666,0
intento_115218_usb_c_cable,usb_c_cable,0.0149,0
intento_115218_usb_c_cable,usb_c_cable,0.663,1
intento_115218_usb_c_cable,usb_c_cable,0.1697,0
intento_115218_usb_c_cable,usb_c_cable,0.2575,1
intento_115218_usb_c_cable,usb_c_cable,0.1042,0
intento_115218_usb_c_cable,usb_c_cable,0.0423,1
intento_115218_usb_c_cable,usb_c_cable,0.1147,1
intento_115218_usb_c_cable,usb_c_cable,0.4051,0
intento_115218_usb_c_cable,usb_c_cable,0.0026,1
intento_115218_usb_c_cable,usb_c_cable,0.096,0
intento_115218_usb_c_cable,usb_c_cable,0.0081,0
intento_115218_usb_c_cable,usb_c_cable,0.156,0
intento_115218_usb_c_cable,usb_c_cable,0.2287,1
intento_115218_usb_c_cable,usb_c_cable,0.1177,1
intento_115218_usb_c_cable,usb_c_cable,0.3801,1
intento_115218_usb_c_cable,usb_c_cable,0.5253,1
intento_115218_usb_c_cable,usb_c_cable,0.4506,0
intento_115218_usb_c_cable,usb_c_cable,0.1065,1
intento_115218_usb_c_cable,usb_c_cable,0.0014,1
intento_115218_usb_c_cable,usb_c_cable,0.4035,1
intento_115218_usb_c_cable,usb_c_cable,0.4105,0
intento_115218_usb_c_cable,usb_c_cable,0.0895,1
intento_115218_usb_c_cable,usb_c_cable,0.1791,1
intento_115218_usb_c_cable,usb_c_cable,0.501,1
intento_115218_usb_c_cable,usb_c_cable,0.003,1
intento_115218_usb_c_cable,usb_c_cable,0.3654,0
intento_115218_usb_c_cable,usb_c_cable,0.508,1
intento_115218_usb_c_cable,usb_c_cable,0.0164,0
intento_115218_usb_c_cable,usb_c_cable,0.0466,1
intento_115218_usb_c_cable,usb_c_cable,0.015,0
intento_115218_usb_c_cable,usb_c_cable,0.645,1
intento_115218_usb_c_cable,usb_c_cable,0.3865,0
intento_115218_usb_c_cable,usb_c_cable,0.0388,0
intento_115218_usb_c_cable,usb_c_cable,0.0209,0
intento_115218_usb_c_cable,usb_c_cable,0.4919,1
intento_115218_usb_c_cable,usb_c_cable,0.0015,1
intento_115218_usb_c_cable,usb_c_cable,0.0056,1
intento_115218_usb_c_cable,usb_c_cable,0.7287,0
intento_115218_usb_c_cable,usb_c_cable,0.0637,0
intento_115218_usb_c_cable,usb_c_cable,0.159,0
intento_115218_usb_c_cable,usb_c_cable,0.023,0
intento_115218_usb_c_cable,usb_c_cable,0.1933,1
intento_115218_usb_c_cable,usb_c_cable,0.0818,1
intento_115218_usb_c_cable,usb_c_cable,0.3954,1
intento_115218_usb_c_cable,usb_c_cable,0.0182,1
intento_115218_usb_c_cable,usb_c_cable,0.4192,0
intento_115218_usb_c_cable,usb_c_cable,0.0237,0
intento_115218_usb_c_cable,usb_c_cable,0.2434,1
intento_115218_usb_c_cable,usb_c_cable,0.0065,0
intento_115218_usb_c_cable,usb_c_cable,0.0866,0
intento_115218_usb_c_cable,usb_c_cable,0.19,1
intento_115218_usb_c_cable,usb_c_cable,0.1614,1
intento_115218_usb_c_cable,usb_c_cable,0.0592,0
intento_115218_usb_c_cable,usb_c_cable,0.1781,0
intento_115218_usb_c_cable,usb_c_cable,0.1476,1
intento_115218_usb_c_cable,usb_c_cable,0.1837,1
intento_115218_usb_c_cable,usb_c_cable,0.1166,1
intento_115218_usb_c_cable,usb_c_cable,0.0011,0
intento_115218_usb_c_cable,usb_c_cable,0.0131,1
intento_115218_usb_c_cable,usb_c_cable,0.0667,0
intento_115218_usb_c_cable,usb_c_cable,0.0513,0
intento_115218_usb_c_cable,usb_c_cable,0.0595,1
intento_115218_usb_c_cable,usb_c_cable,0.0465,1
intento_115218_usb_c_cable,usb_c_cable,0.0066,1
intento_115218_usb_c_cable,usb_c_cable,0.3624,0
intento_115218_usb_c_cable,usb_c_cable,0.2569,1
intento_115218_usb_c_cable,usb_c_cable,0.0259,0
intento_115218_usb_c_cable,usb_c_cable,0.1509,0
intento_115218_usb_c_cable,usb_c_cable,0.2357,1
intento_115218_usb_c_cable,usb_c_cable,0.1773,1
intento_115218_usb_c_cable,usb_c_cable,0.012,1
intento_115218_usb_c_cable,usb_c_cable,0.0029,1
intento_115218_usb_c_cable,usb_c_cable,0.0048,1
intento_115218_usb_c_cable,usb_c_cable,0.0282,1
intento_115218_usb_c_cable,usb_c_cable,0.1015,1
intento_115218_usb_c_cable,usb_c_cable,0.2287,1
intento_115218_usb_c_cable,usb_c_cable,0.051,1
intento_115218_usb_c_cable,usb_c_cable,0.1028,0
intento_115218_usb_c_cable,usb_c_cable,0.0039,1
intento_115218_usb_c_cable,usb_c_cable,0.0179,1
intento_115218_usb_c_cable,usb_c_cable,0.1746,1
intento_115218_usb_c_cable,usb_c_cable,0.003,1
intento_115218_usb_c_cable,usb_c_cable,0.1063,0
intento_115218_usb_c_cable,usb_c_cable,0.0022,1
intento_115218_usb_c_cable,usb_c_cable,0.0008,1
intento_115218_usb_c_cable,usb_c_cable,0.0062,0
intento_115218_usb_c_cable,usb_c_cable,0.3551,1
intento_115218_usb_c_cable,usb_c_cable,0.0311,1
intento_115218_usb_c_cable,usb_c_cable,0.0329,1
intento_115218_usb_c_cable,usb_c_cable,0.1093,0
intento_115218_usb_c_cable,usb_c_cable,0.0439,0
intento_115218_usb_c_cable,usb_c_cable,0.0412,1
intento_115911_yellow_trim,yellow_trim,0.4913,0
intento_115911_yellow_trim,yellow_trim,0.0364,0
intento_115911_yellow_trim,yellow_trim,0.1825,0
intento_115911_yellow_trim,yellow_trim,0.5109,0
intento_115911_yellow_trim,yellow_trim,0.0433,0
intento_115911_yellow_trim,yellow_trim,0.1298,0
intento_115911_yellow_trim,yellow_trim,0.4539,0
intento_115911_yellow_trim,yellow_trim,0.0534,0
intento_115911_yellow_trim,yellow_trim,0.2559,0
intento_115911_yellow_trim,yellow_trim,0.2304,0
intento_115911_yellow_trim,yellow_trim,0.2957,0
intento_115911_yellow_trim,yellow_trim,0.1003,0
intento_115911_yellow_trim,yellow_trim,0.4665,0
intento_115911_yellow_trim,yellow_trim,0.3579,0
intento_115911_yellow_trim,yellow_trim,0.1019,0
intento_115911_yellow_trim,yellow_trim,0.2385,0
intento_115911_yellow_trim,yellow_trim,0.0523,0
intento_115911_yellow_trim,yellow_trim,0.6272,0
intento_115911_yellow_trim,yellow_trim,0.1339,0
intento_115911_yellow_trim,yellow_trim,0.5512,0
intento_115911_yellow_trim,yellow_trim,0.0021,0
intento_115911_yellow_trim,yellow_trim,0.3255,0
intento_115911_yellow_trim,yellow_trim,0.0082,0
intento_115911_yellow_trim,yellow_trim,0.2147,0
intento_115911_yellow_trim,yellow_trim,0.0679,0
intento_115911_yellow_trim,yellow_trim,0.1054,0
intento_115911_yellow_trim,yellow_trim,0.1106,0
intento_115911_yellow_trim,yellow_trim,0.3003,0
intento_115911_yellow_trim,yellow_trim,0.0046,0
intento_115911_yellow_trim,yellow_trim,0.5135,0
intento_115911_yellow_trim,yellow_trim,0.4972,0
intento_115911_yellow_trim,yellow_trim,0.342,0
intento_115911_yellow_trim,yellow_trim,0.1541,0
intento_115911_yellow_trim,yellow_trim,0.0807,0
intento_115911_yellow_trim,yellow_trim,0.3382,0
intento_115911_yellow_trim,yellow_trim,0.5691,0
intento_115911_yellow_trim,yellow_trim,0.1424,0
intento_115911_yellow_trim,yellow_trim,0.3823,0
intento_115911_yellow_trim,yellow_trim,0.4564,0
intento_115911_yellow_trim,yellow_trim,0.017,0
intento_115911_yellow_trim,yellow_trim,0.2721,0
intento_115911_yellow_trim,yellow_trim,0.1852,0
intento_115911_yellow_trim,yellow_trim,0.781,0
intento_115911_yellow_trim,yellow_trim,0.1219,0
intento_115911_yellow_trim,yellow_trim,0.2741,0
intento_115911_yellow_trim,yellow_trim,0.7643,0
intento_115911_yellow_trim,yellow_trim,0.2899,0
intento_115911_yellow_trim,yellow_trim,0.539,0
intento_115911_yellow_trim,yellow_trim,0.0349,0
intento_115911_yellow_trim,yellow_trim,0.1522,0
intento_115911_yellow_trim,yellow_trim,0.3195,0
intento_115911_yellow_trim,yellow_trim,0.6529,0
intento_115911_yellow_trim,yellow_trim,0.2751,0
intento_115911_yellow_trim,yellow_trim,0.0595,0
intento_115911_yellow_trim,yellow_trim,0.4189,0
intento_115911_yellow_trim,yellow_trim,0.1701,0
intento_115911_yellow_trim,yellow_trim,0.397,0
intento_115911_yellow_trim,yellow_trim,0.2982,0
intento_115911_yellow_trim,yellow_trim,0.4764,0
intento_115911_yellow_trim,yellow_trim,0.2391,0
intento_115911_yellow_trim,yellow_trim,0.3372,0
intento_115911_yellow_trim,yellow_trim,0.1044,0
intento_115911_yellow_trim,yellow_trim,0.5356,0
intento_115911_yellow_trim,yellow_trim,0.7587,0
intento_115911_yellow_trim,yellow_trim,0.2996,0
intento_115911_yellow_trim,yellow_trim,0.0989,0
intento_115911_yellow_trim,yellow_trim,0.2388,0
intento_115911_yellow_trim,yellow_trim,0.1457,0
intento_115911_yellow_trim,yellow_trim,0.3813,0
intento_115911_yellow_trim,yellow_trim,0.2867,0
intento_115911_yellow_trim,yellow_trim,0.3534,0
intento_115911_yellow_trim,yellow_trim,0.1369,0
intento_115911_yellow_trim,yellow_trim,0.366,0
intento_115911_yellow_trim,yellow_trim,0.1635,0
intento_115911_yellow_trim,yellow_trim,0.0457,0
intento_115911_yellow_trim,yellow_trim,0.2816,0
intento_115911_yellow_trim,yellow_trim,0.1884,0
intento_115911_yellow_trim,yellow_trim,0.0057,0
intento_115911_yellow_trim,yellow_trim,0.035,0
intento_115911_yellow_trim,yellow_trim,0.314,0
intento_115911_yellow_trim,yellow_trim,0.2487,0
intento_115911_yellow_trim,yellow_trim,0.1591,0
intento_115911_yellow_trim,yellow_trim,0.2227,0
intento_115911_yellow_trim,yellow_trim,0.2153,0
intento_115911_yellow_trim,yellow_trim,0.048,0
intento_115911_yellow_trim,yellow_trim,0.3996,0
intento_115911_yellow_trim,yellow_trim,0.108,0
intento_115911_yellow_trim,yellow_trim,0.2459,0
intento_115911_yellow_trim,yellow_trim,0.0642,0
intento_115911_yellow_trim,yellow_trim,0.0054,0
intento_115911_yellow_trim,yellow_trim,0.222,0
intento_115911_yellow_trim,yellow_trim,0.1507,0
intento_115911_yellow_trim,yellow_trim,0.146,0
intento_115911_yellow_trim,yellow_trim,0.0088,0
intento_115911_yellow_trim,yellow_trim,0.2285,0
intento_115911_yellow_trim,yellow_trim,0.1574,0
intento_115911_yellow_trim,yellow_trim,0.1987,0
intento_115911_yellow_trim,yellow_trim,0.0336,0
intento_115911_yellow_trim,yellow_trim,0.0502,0
intento_115911_yellow_trim,yellow_trim,0.3275,0
intento_115911_yellow_trim,yellow_trim,0.0828,0
intento_115911_yellow_trim,yellow_trim,0.0474,0
intento_115911_yellow_trim,yellow_trim,0.0186,0
intento_115911_yellow_trim,yellow_trim,0.0726,0
intento_115911_yellow_trim,yellow_trim,0.1642,0
intento_115911_yellow_trim,yellow_trim,0.1973,0
intento_115911_yellow_trim,yellow_trim,0.0626,1
intento_115911_yellow_trim,yellow_trim,0.0078,1
intento_115911_yellow_trim,yellow_trim,0.2476,0
intento_115911_yellow_trim,yellow_trim,0.0046,1
intento_115911_yellow_trim,yellow_trim,0.016,0
intento_115911_yellow_trim,yellow_trim,0.0797,0
intento_115911_yellow_trim,yellow_trim,0.2015,0
intento_115911_yellow_trim,yellow_trim,0.0134,0
intento_115911_yellow_trim,yellow_trim,0.0584,0
intento_115911_yellow_trim,yellow_trim,0.0063,1
intento_115911_yellow_trim,yellow_trim,0.1785,0
intento_115933_usb_c_cable,usb_c_cable,0.6396,0
intento_115933_usb_c_cable,usb_c_cable,0.1437,0
intento_115933_usb_c_cable,usb_c_cable,0.1416,0
intento_115933_usb_c_cable,usb_c_cable,0.245,0
intento_115933_usb_c_cable,usb_c_cable,0.7789,0
intento_115933_usb_c_cable,usb_c_cable,0.0726,1
intento_115933_usb_c_cable,usb_c_cable,0.157,0
intento_115933_usb_c_cable,usb_c_cable,0.0913,0
intento_115933_usb_c_cable,usb_c_cable,0.0647,0
intento_115933_usb_c_cable,usb_c_cable,0.0153,0
intento_115933_usb_c_cable,usb_c_cable,0.0475,0
intento_115933_usb_c_cable,usb_c_cable,0.0167,0
intento_115933_usb_c_cable,usb_c_cable,0.005,0
intento_115933_usb_c_cable,usb_c_cable,0.4678,0
intento_115933_usb_c_cable,usb_c_cable,0.0297,0
intento_115933_usb_c_cable,usb_c_cable,0.3962,0
intento_115933_usb_c_cable,usb_c_cable,0.0551,0
intento_115933_usb_c_cable,usb_c_cable,0.4396,0
intento_115933_usb_c_cable,usb_c_cable,0.0594,0
intento_115933_usb_c_cable,usb_c_cable,0.0598,1
intento_115933_usb_c_cable,usb_c_cable,0.0459,0
intento_115933_usb_c_cable,usb_c_cable,0.1726,0
intento_115933_usb_c_cable,usb_c_cable,0.4348,1
intento_115933_usb_c_cable,usb_c_cable,0.0378,0
intento_115933_usb_c_cable,usb_c_cable,0.1294,1
intento_115933_usb_c_cable,usb_c_cable,0.2413,0
intento_115933_usb_c_cable,usb_c_cable,0.0105,0
intento_115933_usb_c_cable,usb_c_cable,0.765,0
intento_115933_usb_c_cable,usb_c_cable,0.0058,0
intento_115933_usb_c_cable,usb_c_cable,0.8072,1
intento_115933_usb_c_cable,usb_c_cable,0.1351,0
intento_115933_usb_c_cable,usb_c_cable,0.0637,0
intento_115933_usb_c_cable,usb_c_cable,0.8073,0
intento_115933_usb_c_cable,usb_c_cable,0.4747,1
intento_115933_usb_c_cable,usb_c_cable,0.8782,0
intento_115933_usb_c_cable,usb_c_cable,0.0189,1
intento_115933_usb_c_cable,usb_c_cable,0.0276,1
intento_115933_usb_c_cable,usb_c_cable,0.745,0
intento_115933_usb_c_cable,usb_c_cable,0.0402,0
intento_115933_usb_c_cable,usb_c_cable,0.3329,1
intento_115933_usb_c_cable,usb_c_cable,0.0356,1
intento_115933_usb_c_cable,usb_c_cable,0.5032,0
intento_115933_usb_c_cable,usb_c_cable,0.0393,0
intento_115933_usb_c_cable,usb_c_cable,0.7735,0
intento_115933_usb_c_cable,usb_c_cable,0.1426,0
intento_115933_usb_c_cable,usb_c_cable,0.075,0
intento_115933_usb_c_cable,usb_c_cable,0.0162,0
intento_115933_usb_c_cable,usb_c_cable,0.0698,0
intento_115933_usb_c_cable,usb_c_cable,0.0668,0
intento_115933_usb_c_cable,usb_c_cable,0.3606,0
intento_115933_usb_c_cable,usb_c_cable,0.0803,1
intento_115933_usb_c_cable,usb_c_cable,0.0377,0
intento_115933_usb_c_cable,usb_c_cable,0.1968,0
intento_115933_usb_c_cable,usb_c_cable,0.383,0
intento_115933_usb_c_cable,usb_c_cable,0.0394,1
intento_115933_usb_c_cable,usb_c_cable,0.3089,1
intento_115933_usb_c_cable,usb_c_cable,0.1305,0
intento_115933_usb_c_cable,usb_c_cable,0.2232,0
intento_115933_usb_c_cable,usb_c_cable,0.0153,0
intento_115933_usb_c_cable,usb_c_cable,0.2706,0
intento_115933_usb_c_cable,usb_c_cable,0.3379,0
intento_115933_usb_c_cable,usb_c_cable,0.1504,0
intento_115933_usb_c_cable,usb_c_cable,0.0238,0
intento_115933_usb_c_cable,usb_c_cable,0.3642,0
intento_115933_usb_c_cable,usb_c_cable,0.0266,0
intento_115933_usb_c_cable,usb_c_cable,0.2843,0
intento_115933_usb_c_cable,usb_c_cable,0.0568,0
intento_115933_usb_c_cable,usb_c_cable,0.5103,1
intento_115933_usb_c_cable,usb_c_cable,0.3094,0
intento_115933_usb_c_cable,usb_c_cable,0.0231,0
intento_115933_usb_c_cable,usb_c_cable,0.0005,1
intento_115933_usb_c_cable,usb_c_cable,0.3489,0
intento_115933_usb_c_cable,usb_c_cable,0.1973,0
intento_115933_usb_c_cable,usb_c_cable,0.3308,0
intento_115933_usb_c_cable,usb_c_cable,0.2219,0
intento_115933_usb_c_cable,usb_c_cable,0.607,0
intento_115933_usb_c_cable,usb_c_cable,0.3428,0
intento_115933_usb_c_cable,usb_c_cable,0.0863,1
intento_115933_usb_c_cable,usb_c_cable,0.0853,1
intento_115933_usb_c_cable,usb_c_cable,0.3399,0
intento_115933_usb_c_cable,usb_c_cable,0.7474,0
intento_115933_usb_c_cable,usb_c_cable,0.6421,0
intento_115933_usb_c_cable,usb_c_cable,0.0052,0
intento_115933_usb_c_cable,usb_c_cable,0.2847,1
intento_115933_usb_c_cable,usb_c_cable,0.1049,0
intento_115933_usb_c_cable,usb_c_cable,0.5648,0
intento_115933_usb_c_cable,usb_c_cable,0.2852,0
intento_115933_usb_c_cable,usb_c_cable,0.2265,0
intento_115933_usb_c_cable,usb_c_cable,0.5797,0
intento_115933_usb_c_cable,usb_c_cable,0.0463,0
intento_115933_usb_c_cable,usb_c_cable,0.1321,0
intento_115933_usb_c_cable,usb_c_cable,0.3728,0
intento_115933_usb_c_cable,usb_c_cable,0.0007,0
intento_115933_usb_c_cable,usb_c_cable,0.259,1
intento_115933_usb_c_cable,usb_c_cable,0.1438,0
intento_115933_usb_c_cable,usb_c_cable,0.0773,0
intento_115933_usb_c_cable,usb_c_cable,0.031,0
intento_115933_usb_c_cable,usb_c_cable,0.3573,1
intento_115933_usb_c_cable,usb_c_cable,0.0093,0
intento_115933_usb_c_cable,usb_c_cable,0.4323,0
intento_115933_usb_c_cable,usb_c_cable,0.0043,0
intento_115933_usb_c_cable,usb_c_cable,0.0023,0
intento_115933_usb_c_cable,usb_c_cable,0.4843,0
intento_115933_usb_c_cable,usb_c_cable,0.2109,0
intento_115933_usb_c_cable,usb_c_cable,0.3254,1
intento_115933_usb_c_cable,usb_c_cable,0.0458,0
intento_115933_usb_c_cable,usb_c_cable,0.6143,0
intento_115933_usb_c_cable,usb_c_cable,0.004,1
intento_115933_usb_c_cable,usb_c_cable,0.7151,1
intento_115933_usb_c_cable,usb_c_cable,0.119,1
intento_115933_usb_c_cable,usb_c_cable,0.0006,0
intento_115933_usb_c_cable,usb_c_cable,0.6097,0
intento_115933_usb_c_cable,usb_c_cable,0.4709,0
intento_115933_usb_c_cable,usb_c_cable,0.1141,0
intento_115933_usb_c_cable,usb_c_cable,0.4161,0
intento_115933_usb_c_cable,usb_c_cable,0.7308,0
intento_115933_usb_c_cable,usb_c_cable,0.1132,0
intento_115933_usb_c_cable,usb_c_cable,0.1997,0
intento_115933_usb_c_cable,usb_c_cable,0.4723,1
intento_115933_usb_c_cable,usb_c_cable,0.0016,1
intento_115933_usb_c_cable,usb_c_cable,0.0057,1
intento_115933_usb_c_cable,usb_c_cable,0.0005,1
intento_115933_usb_c_cable,usb_c_cable,0.3599,1
intento_115933_usb_c_cable,usb_c_cable,0.4997,1
intento_115933_usb_c_cable,usb_c_cable,0.862,1
intento_115933_usb_c_cable,usb_c_cable,0.0273,1
intento_115933_usb_c_cable,usb_c_cable,0.0906,1
intento_115933_usb_c_cable,usb_c_cable,0.279,1
intento_115933_usb_c_cable,usb_c_cable,0.0011,0
intento_115933_usb_c_cable,usb_c_cable,0.1342,0
intento_115933_usb_c_cable,usb_c_cable,0.3991,1
intento_115933_usb_c_cable,usb_c_cable,0.0189,1
intento_115933_usb_c_cable,usb_c_cable,0.0229,1
intento_115933_usb_c_cable,usb_c_cable,0.4694,1
intento_115933_usb_c_cable,usb_c_cable,0.0004,1
intento_115933_usb_c_cable,usb_c_cable,0.1257,0
intento_115933_usb_c_cable,usb_c_cable,0.2755,0
intento_115933_usb_c_cable,usb_c_cable,0.0013,1
intento_115933_usb_c_cable,usb_c_cable,0.1866,1
intento_115933_usb_c_cable,usb_c_cable,0.1063,0
intento_115933_usb_c_cable,usb_c_cable,0.3419,1
intento_115933_usb_c_cable,usb_c_cable,0.3264,0
intento_115933_usb_c_cable,usb_c_cable,0.0003,1
intento_115933_usb_c_cable,usb_c_cable,0.2584,0
intento_115933_usb_c_cable,usb_c_cable,0.3155,1
intento_115933_usb_c_cable,usb_c_cable,0.7236,0
intento_115933_usb_c_cable,usb_c_cable,0.3148,1
intento_115933_usb_c_cable,usb_c_cable,0.043,1
intento_115933_usb_c_cable,usb_c_cable,0.7508,0
intento_115933_usb_c_cable,usb_c_cable,0.0396,1
intento_115933_usb_c_cable,usb_c_cable,0.0005,0
intento_115933_usb_c_cable,usb_c_cable,0.0574,0
intento_115933_usb_c_cable,usb_c_cable,0.1914,0
intento_115933_usb_c_cable,usb_c_cable,0.3063,0
intento_115933_usb_c_cable,usb_c_cable,0.3033,1
intento_115933_usb_c_cable,usb_c_cable,0.5522,0
intento_115933_usb_c_cable,usb_c_cable,0.0003,0
intento_115933_usb_c_cable,usb_c_cable,0.0183,1
intento_115933_usb_c_cable,usb_c_cable,0.0268,0
intento_115933_usb_c_cable,usb_c_cable,0.0009,1
intento_115933_usb_c_cable,usb_c_cable,0.0901,1
intento_115933_usb_c_cable,usb_c_cable,0.02,0
intento_115933_usb_c_cable,usb_c_cable,0.0184,1
intento_115933_usb_c_cable,usb_c_cable,0.2303,1
intento_115933_usb_c_cable,usb_c_cable,0.0524,1
intento_115933_usb_c_cable,usb_c_cable,0.0081,0
intento_115933_usb_c_cable,usb_c_cable,0.0152,0
intento_115933_usb_c_cable,usb_c_cable,0.007,1
intento_115933_usb_c_cable,usb_c_cable,0.1554,1
intento_115933_usb_c_cable,usb_c_cable,0.0673,0
intento_115933_usb_c_cable,usb_c_cable,0.0874,1
intento_115933_usb_c_cable,usb_c_cable,0.0283,0
intento_120502_black_gloves,black_gloves,0.0007,1
intento_120502_black_gloves,black_gloves,0.0758,1
intento_120502_black_gloves,black_gloves,0.1079,1
intento_120502_black_gloves,black_gloves,0.0626,1
intento_120502_black_gloves,black_gloves,0.2618,1
intento_120502_black_gloves,black_gloves,0.0017,1
intento_120502_black_gloves,black_gloves,0.0278,1
intento_120502_black_gloves,black_gloves,0.0119,1
intento_120502_black_gloves,black_gloves,0.0033,1
intento_120502_black_gloves,black_gloves,0.0284,1
intento_120502_black_gloves,black_gloves,0.3645,1
intento_120502_black_gloves,black_gloves,0.2682,1
intento_120502_black_gloves,black_gloves,0.0931,0
intento_120502_black_gloves,black_gloves,0.0176,1
intento_120502_black_gloves,black_gloves,0.0202,1
intento_120502_black_gloves,black_gloves,0.0254,1
intento_120502_black_gloves,black_gloves,0.0557,1
intento_120502_black_gloves,black_gloves,0.0069,1
intento_120502_black_gloves,black_gloves,0.0026,1
intento_120502_black_gloves,black_gloves,0.027,1
intento_120502_black_gloves,black_gloves,0.1367,1
intento_120502_black_gloves,black_gloves,0.6298,1
intento_120502_black_gloves,black_gloves,0.0219,1
intento_120502_black_gloves,black_gloves,0.6418,1
intento_120502_black_gloves,black_gloves,0.0083,1
intento_120502_black_gloves,black_gloves,0.6876,1
intento_120502_black_gloves,black_gloves,0.0236,1
intento_120502_black_gloves,black_gloves,0.007,0
intento_120502_black_gloves,black_gloves,0.0017,1
intento_120502_black_gloves,black_gloves,0.4833,0
intento_120502_black_gloves,black_gloves,0.0716,1
intento_120502_black_gloves,black_gloves,0.0074,1
intento_120502_black_gloves,black_gloves,0.0703,1
intento_120502_black_gloves,black_gloves,0.0867,1
intento_120502_black_gloves,black_gloves,0.1259,1
intento_120502_black_gloves,black_gloves,0.1864,0
intento_120502_black_gloves,black_gloves,0.0087,1
intento_120502_black_gloves,black_gloves,0.0305,1
intento_120502_black_gloves,black_gloves,0.0095,0
intento_120502_black_gloves,black_gloves,0.3464,1
intento_120502_black_gloves,black_gloves,0.0118,1
intento_120502_black_gloves,black_gloves,0.4603,0
intento_120502_black_gloves,black_gloves,0.2255,1
intento_120502_black_gloves,black_gloves,0.2418,1
intento_120502_black_gloves,black_gloves,0.0105,1
intento_120502_black_gloves,black_gloves,0.024,0
intento_120502_black_gloves,black_gloves,0.0141,1
intento_120502_black_gloves,black_gloves,0.0127,1
intento_120502_black_gloves,black_gloves,0.0285,1
intento_120502_black_gloves,black_gloves,0.122,0
intento_120502_black_gloves,black_gloves,0.0232,1
intento_120502_black_gloves,black_gloves,0.4376,0
intento_120502_black_gloves,black_gloves,0.0608,0
intento_120502_black_gloves,black_gloves,0.2333,1
intento_120502_black_gloves,black_gloves,0.0378,1
intento_120502_black_gloves,black_gloves,0.0525,1
intento_120502_black_gloves,black_gloves,0.007,1
intento_120502_black_gloves,black_gloves,0.0142,1
intento_120502_black_gloves,black_gloves,0.0384,0
intento_120502_black_gloves,black_gloves,0.0193,1
intento_120502_black_gloves,black_gloves,0.0263,1
intento_120502_black_gloves,black_gloves,0.0027,0
intento_120502_black_gloves,black_gloves,0.0114,1
intento_120502_black_gloves,black_gloves,0.0044,1
intento_120502_black_gloves,black_gloves,0.0467,1
intento_120502_black_gloves,black_gloves,0.003,1
intento_120502_black_gloves,black_gloves,0.037,0
intento_120502_black_gloves,black_gloves,0.1753,0
intento_120502_black_gloves,black_gloves,0.0361,0
intento_120502_black_gloves,black_gloves,0.0228,1
intento_120502_black_gloves,black_gloves,0.0094,0
intento_120502_black_gloves,black_gloves,0.0038,1
intento_120502_black_gloves,black_gloves,0.1343,1
intento_120502_black_gloves,black_gloves,0.0425,1
intento_120502_black_gloves,black_gloves,0.1237,1
intento_120502_black_gloves,black_gloves,0.0661,0
intento_120502_black_gloves,black_gloves,0.0009,1
intento_120502_black_gloves,black_gloves,0.3496,1
intento_120502_black_gloves,black_gloves,0.0056,1
intento_120502_black_gloves,black_gloves,0.1597,1
intento_120502_black_gloves,black_gloves,0.037,0
intento_120502_black_gloves,black_gloves,0.2034,1
intento_120502_black_gloves,black_gloves,0.0285,1
intento_120502_black_gloves,black_gloves,0.0616,0
intento_120502_black_gloves,black_gloves,0.0723,1
intento_120502_black_gloves,black_gloves,0.0315,1
intento_120502_black_gloves,black_gloves,0.0039,1
intento_120502_black_gloves,black_gloves,0.0091,1
intento_120502_black_gloves,black_gloves,0.0665,0
intento_120502_black_gloves,black_gloves,0.0398,0
intento_120542_black_gloves,black_gloves,0.501,0
intento_120542_black_gloves,black_gloves,0.0209,0
intento_120542_black_gloves,black_gloves,0.5169,0
intento_120542_black_gloves,black_gloves,0.0464,0
intento_120542_black_gloves,black_gloves,0.0378,0
intento_120542_black_gloves,black_gloves,0.4129,0
intento_120542_black_gloves,black_gloves,0.2084,0
intento_120542_black_gloves,black_gloves,0.4199,0
intento_120542_black_gloves,black_gloves,0.0185,0
intento_120542_black_gloves,black_gloves,0.0191,0
intento_120542_black_gloves,black_gloves,0.1601,0
intento_120542_black_gloves,black_gloves,0.1411,0
intento_120542_black_gloves,black_gloves,0.0435,0
intento_120542_black_gloves,black_gloves,0.0199,0
intento_120542_black_gloves,black_gloves,0.5401,0
intento_120542_black_gloves,black_gloves,0.4024,0
intento_120542_black_gloves,black_gloves,0.1268,0
intento_120542_black_gloves,black_gloves,0.1323,0
intento_120542_black_gloves,black_gloves,0.5867,0
intento_120542_black_gloves,black_gloves,0.035,0
intento_120542_black_gloves,black_gloves,0.0059,0
intento_120542_black_gloves,black_gloves,0.4183,0
intento_120542_black_gloves,black_gloves,0.4449,0
intento_120542_black_gloves,black_gloves,0.0966,0
intento_120542_black_gloves,black_gloves,0.4269,0
intento_120542_black_gloves,black_gloves,0.1312,0
intento_120542_black_gloves,black_gloves,0.5133,0
intento_120542_black_gloves,black_gloves,0.0396,0
intento_120542_black_gloves,black_gloves,0.0535,0
intento_120542_black_gloves,black_gloves,0.0117,0
intento_120542_black_gloves,black_gloves,0.0074,0
intento_120542_black_gloves,black_gloves,0.0439,0
intento_120542_black_gloves,black_gloves,0.0856,0
intento_120542_black_gloves,black_gloves,0.2432,0
intento_120542_black_gloves,black_gloves,0.0271,0
intento_120542_black_gloves,black_gloves,0.0317,0
intento_120542_black_gloves,black_gloves,0.0629,0
intento_120542_black_gloves,black_gloves,0.0389,0
intento_120542_black_gloves,black_gloves,0.4321,0
intento_120542_black_gloves,black_gloves,0.0361,0
intento_120542_black_gloves,black_gloves,0.2697,0
intento_120542_black_gloves,black_gloves,0.0633,0
intento_120542_black_gloves,black_gloves,0.0278,0
intento_120542_black_gloves,black_gloves,0.5013,0
intento_120542_black_gloves,black_gloves,0.0034,0
intento_120542_black_gloves,black_gloves,0.0358,0
intento_120542_black_gloves,black_gloves,0.113,0
intento_120542_black_gloves,black_gloves,0.0058,0
intento_120542_black_gloves,black_gloves,0.0076,0
intento_120542_black_gloves,black_gloves,0.0504,0
intento_120542_black_gloves,black_gloves,0.3974,0
intento_120542_black_gloves,black_gloves,0.1186,0
intento_120542_black_gloves,black_gloves,0.0759,0
intento_120542_black_gloves,black_gloves,0.0927,0
intento_120542_black_gloves,black_gloves,0.5834,0
intento_120542_black_gloves,black_gloves,0.0912,0
intento_120542_black_gloves,black_gloves,0.5003,0
intento_120542_black_gloves,black_gloves,0.0243,0
intento_120542_black_gloves,black_gloves,0.0271,0
intento_120542_black_gloves,black_gloves,0.2001,0
intento_120542_black_gloves,black_gloves,0.0615,0
intento_120542_black_gloves,black_gloves,0.3291,0
intento_120542_black_gloves,black_gloves,0.3094,0
intento_120542_black_gloves,black_gloves,0.033,0
intento_120542_black_gloves,black_gloves,0.0496,0
intento_120542_black_gloves,black_gloves,0.5791,0
intento_120542_black_gloves,black_gloves,0.6942,0
intento_120542_black_gloves,black_gloves,0.041,0
intento_120542_black_gloves,black_gloves,0.0269,0
intento_120542_black_gloves,black_gloves,0.0141,0
intento_120542_black_gloves,black_gloves,0.455,0
intento_120542_black_gloves,black_gloves,0.0392,0
intento_120542_black_gloves,black_gloves,0.31,0
intento_120542_black_gloves,black_gloves,0.0111,0
intento_120542_black_gloves,black_gloves,0.2429,0
intento_120542_black_gloves,black_gloves,0.0058,0
intento_120542_black_gloves,black_gloves,0.029,0
intento_120542_black_gloves,black_gloves,0.1898,0
intento_120542_black_gloves,black_gloves,0.0383,0
intento_120542_black_gloves,black_gloves,0.132,0
intento_120542_black_gloves,black_gloves,0.3759,0
intento_120542_black_gloves,black_gloves,0.0585,0
intento_120542_black_gloves,black_gloves,0.3061,0
intento_120542_black_gloves,black_gloves,0.0773,0
intento_120542_black_gloves,black_gloves,0.0067,0
intento_120542_black_gloves,black_gloves,0.0614,0
intento_120542_black_gloves,black_gloves,0.0428,0
intento_120542_black_gloves,black_gloves,0.0494,0
intento_120542_black_gloves,black_gloves,0.2836,0
intento_120542_black_gloves,black_gloves,0.1327,0
intento_120542_black_gloves,black_gloves,0.0254,0
intento_120542_black_gloves,black_gloves,0.1844,0
intento_120542_black_gloves,black_gloves,0.007,0
intento_120542_black_gloves,black_gloves,0.2164,0
intento_120542_black_gloves,black_gloves,0.4602,0
intento_120542_black_gloves,black_gloves,0.1243,0
intento_120542_black_gloves,black_gloves,0.3489,0
intento_120542_black_gloves,black_gloves,0.272,0
intento_120542_black_gloves,black_gloves,0.0289,0
intento_120542_black_gloves,black_gloves,0.2617,0
intento_120542_black_gloves,black_gloves,0.0631,0
intento_120542_black_gloves,black_gloves,0.0343,0
intento_120542_black_gloves,black_gloves,0.0289,0
intento_120542_black_gloves,black_gloves,0.2917,0
intento_120542_black_gloves,black_gloves,0.1397,0
intento_120542_black_gloves,black_gloves,0.002,0
intento_120542_black_gloves,black_gloves,0.1675,0
intento_120542_black_gloves,black_gloves,0.0437,0
intento_120542_black_gloves,black_gloves,0.0768,0
intento_120542_black_gloves,black_gloves,0.0311,0
intento_120542_black_gloves,black_gloves,0.0737,0
intento_120542_black_gloves,black_gloves,0.0592,1
intento_120542_black_gloves,black_gloves,0.0783,0
intento_120542_black_gloves,black_gloves,0.1235,0
intento_120542_black_gloves,black_gloves,0.1072,0
intento_120542_black_gloves,black_gloves,0.3142,0
intento_120542_black_gloves,black_gloves,0.0461,0
intento_120542_black_gloves,black_gloves,0.1336,0
intento_120542_black_gloves,black_gloves,0.2408,0
intento_120542_black_gloves,black_gloves,0.2963,0
intento_120542_black_gloves,black_gloves,0.3572,0
intento_120542_black_gloves,black_gloves,0.1452,0
intento_120542_black_gloves,black_gloves,0.031,0
intento_120542_black_gloves,black_gloves,0.0777,0
intento_120542_black_gloves,black_gloves,0.1465,0
intento_120542_black_gloves,black_gloves,0.009,0
intento_120542_black_gloves,black_gloves,0.4213,0
intento_120542_black_gloves,black_gloves,0.4061,0
intento_120542_black_gloves,black_gloves,0.0025,0
intento_120542_black_gloves,black_gloves,0.2748,0
intento_120542_black_gloves,black_gloves,0.3736,0
intento_120542_black_gloves,black_gloves,0.0147,0
intento_120542_black_gloves,black_gloves,0.2834,1
intento_120542_black_gloves,black_gloves,0.0439,0
intento_120542_black_gloves,black_gloves,0.0962,0
intento_120542_black_gloves,black_gloves,0.0097,0
intento_120542_black_gloves,black_gloves,0.3137,0
intento_120542_black_gloves,black_gloves,0.3848,0
intento_120542_black_gloves,black_gloves,0.278,0
intento_120542_black_gloves,black_gloves,0.0213,0
intento_120542_black_gloves,black_gloves,0.452,0
intento_120542_black_gloves,black_gloves,0.0326,0
intento_120542_black_gloves,black_gloves,0.4143,0
intento_120542_black_gloves,black_gloves,0.2798,0
intento_120542_black_gloves,black_gloves,0.4167,0
intento_120542_black_gloves,black_gloves,0.2442,0
intento_120542_black_gloves,black_gloves,0.2361,0
intento_120542_black_gloves,black_gloves,0.0027,0
intento_120542_black_gloves,black_gloves,0.243,0
intento_120607_usb_c_cable,usb_c_cable,0.2318,0
intento_120607_usb_c_cable,usb_c_cable,0.4213,0
intento_120607_usb_c_cable,usb_c_cable,0.6475,0
intento_120607_usb_c_cable,usb_c_cable,0.519,0
intento_120607_usb_c_cable,usb_c_cable,0.614,0
intento_120607_usb_c_cable,usb_c_cable,0.1402,0
intento_120607_usb_c_cable,usb_c_cable,0.1564,0
intento_120607_usb_c_cable,usb_c_cable,0.5156,0
intento_120607_usb_c_cable,usb_c_cable,0.2557,0
intento_120607_usb_c_cable,usb_c_cable,0.0136,0
intento_120607_usb_c_cable,usb_c_cable,0.3228,0
intento_120607_usb_c_cable,usb_c_cable,0.6736,0
intento_120607_usb_c_cable,usb_c_cable,0.7162,0
intento_120607_usb_c_cable,usb_c_cable,0.2949,0
intento_120607_usb_c_cable,usb_c_cable,0.3371,0
intento_120607_usb_c_cable,usb_c_cable,0.1043,0
intento_120607_usb_c_cable,usb_c_cable,0.1823,0
intento_120607_usb_c_cable,usb_c_cable,0.2396,0
intento_120607_usb_c_cable,usb_c_cable,0.7688,0
intento_120607_usb_c_cable,usb_c_cable,0.7295,0
intento_120607_usb_c_cable,usb_c_cable,0.4573,0
intento_120607_usb_c_cable,usb_c_cable,0.8496,0
intento_120607_usb_c_cable,usb_c_cable,0.5259,0
intento_120607_usb_c_cable,usb_c_cable,0.1945,0
intento_120607_usb_c_cable,usb_c_cable,0.5246,0
intento_120607_usb_c_cable,usb_c_cable,0.6212,0
intento_120607_usb_c_cable,usb_c_cable,0.2729,0
intento_120607_usb_c_cable,usb_c_cable,0.3558,0
intento_120607_usb_c_cable,usb_c_cable,0.1138,0
intento_120607_usb_c_cable,usb_c_cable,0.6707,0
intento_120607_usb_c_cable,usb_c_cable,0.8268,0
intento_120607_usb_c_cable,usb_c_cable,0.6427,0
intento_120607_usb_c_cable,usb_c_cable,0.3252,0
intento_120607_usb_c_cable,usb_c_cable,0.0717,0
intento_120607_usb_c_cable,usb_c_cable,0.492,0
intento_120607_usb_c_cable,usb_c_cable,0.485,0
intento_120607_usb_c_cable,usb_c_cable,0.1604,0
intento_120607_usb_c_cable,usb_c_cable,0.0095,0
intento_120607_usb_c_cable,usb_c_cable,0.3549,0
intento_120607_usb_c_cable,usb_c_cable,0.1029,0
intento_120607_usb_c_cable,usb_c_cable,0.1678,0
intento_120607_usb_c_cable,usb_c_cable,0.0031,0
intento_120607_usb_c_cable,usb_c_cable,0.1232,0
intento_120607_usb_c_cable,usb_c_cable,0.19,1
intento_120607_usb_c_cable,usb_c_cable,0.4757,0
intento_120607_usb_c_cable,usb_c_cable,0.1061,0
intento_120607_usb_c_cable,usb_c_cable,0.5381,0
intento_120607_usb_c_cable,usb_c_cable,0.0164,0
intento_120607_usb_c_cable,usb_c_cable,0.0017,0
intento_120607_usb_c_cable,usb_c_cable,0.3633,0
intento_120607_usb_c_cable,usb_c_cable,0.6474,0
intento_120607_usb_c_cable,usb_c_cable,0.4133,0
intento_120607_usb_c_cable,usb_c_cable,0.0002,1
intento_120607_usb_c_cable,usb_c_cable,0.0078,0
intento_120607_usb_c_cable,usb_c_cable,0.4948,0
intento_120607_usb_c_cable,usb_c_cable,0.2521,0
intento_120607_usb_c_cable,usb_c_cable,0.2635,0
intento_120607_usb_c_cable,usb_c_cable,0.6896,0
intento_120607_usb_c_cable,usb_c_cable,0.2768,0
intento_120607_usb_c_cable,usb_c_cable,0.4395,1
intento_120607_usb_c_cable,usb_c_cable,0.0003,0
intento_120607_usb_c_cable,usb_c_cable,0.5076,0
intento_120607_usb_c_cable,usb_c_cable,0.0003,0
intento_120607_usb_c_cable,usb_c_cable,0.0309,0
intento_120607_usb_c_cable,usb_c_cable,0.1492,0
intento_120607_usb_c_cable,usb_c_cable,0.2938,0
intento_120607_usb_c_cable,usb_c_cable,0.7679,0
intento_120607_usb_c_cable,usb_c_cable,0.1259,0
intento_120607_usb_c_cable,usb_c_cable,0.3732,0
intento_120607_usb_c_cable,usb_c_cable,0.0002,0
intento_120607_usb_c_cable,usb_c_cable,0.3895,0
intento_120607_usb_c_cable,usb_c_cable,0.4289,0
intento_120607_usb_c_cable,usb_c_cable,0.3586,0
intento_120607_usb_c_cable,usb_c_cable,0.3237,0
intento_120607_usb_c_cable,usb_c_cable,0.0001,0
intento_120607_usb_c_cable,usb_c_cable,0.8758,0
intento_120607_usb_c_cable,usb_c_cable,0.4331,0
intento_120607_usb_c_cable,usb_c_cable,0.4196,0
intento_120607_usb_c_cable,usb_c_cable,0.2548,0
intento_120607_usb_c_cable,usb_c_cable,0.38,0
intento_120607_usb_c_cable,usb_c_cable,0.1009,0
intento_120607_usb_c_cable,usb_c_cable,0.2851,0
intento_120607_usb_c_cable,usb_c_cable,0.0003,1
intento_120607_usb_c_cable,usb_c_cable,0.4788,1
intento_120607_usb_c_cable,usb_c_cable,0.4903,0
intento_120607_usb_c_cable,usb_c_cable,0.0031,1
intento_120607_usb_c_cable,usb_c_cable,0.4909,0
intento_120607_usb_c_cable,usb_c_cable,0.1662,0
intento_120607_usb_c_cable,usb_c_cable,0.605,0
intento_120607_usb_c_cable,usb_c_cable,0.1296,0
intento_120607_usb_c_cable,usb_c_cable,0.2187,0
intento_120607_usb_c_cable,usb_c_cable,0.4361,0
intento_120607_usb_c_cable,usb_c_cable,0.0042,0
intento_120607_usb_c_cable,usb_c_cable,0.022,0
intento_120607_usb_c_cable,usb_c_cable,0.0767,0
intento_120607_usb_c_cable,usb_c_cable,0.4657,0
intento_120607_usb_c_cable,usb_c_cable,0.3994,0
intento_120607_usb_c_cable,usb_c_cable,0.4407,0
intento_120607_usb_c_cable,usb_c_cable,0.2412,0
intento_120607_usb_c_cable,usb_c_cable,0.0003,0
intento_120607_usb_c_cable,usb_c_cable,0.0903,0
intento_120607_usb_c_cable,usb_c_cable,0.0025,0
intento_120607_usb_c_cable,usb_c_cable,0.1607,0
intento_120607_usb_c_cable,usb_c_cable,0.1771,0
intento_120607_usb_c_cable,usb_c_cable,0.0006,0
intento_120607_usb_c_cable,usb_c_cable,0.0928,0
intento_120607_usb_c_cable,usb_c_cable,0.1208,0
intento_120607_usb_c_cable,usb_c_cable,0.0501,0
intento_120607_usb_c_cable,usb_c_cable,0.003,0
intento_120607_usb_c_cable,usb_c_cable,0.2323,0
intento_120607_usb_c_cable,usb_c_cable,0.1294,0
intento_120607_usb_c_cable,usb_c_cable,0.2191,0
intento_120607_usb_c_cable,usb_c_cable,0.6316,0
intento_120607_usb_c_cable,usb_c_cable,0.2116,0
intento_120607_usb_c_cable,usb_c_cable,0.3316,0
intento_120607_usb_c_cable,usb_c_cable,0.1005,0
intento_120607_usb_c_cable,usb_c_cable,0.0348,0
intento_120607_usb_c_cable,usb_c_cable,0.3153,0
intento_120607_usb_c_cable,usb_c_cable,0.4396,0
intento_120607_usb_c_cable,usb_c_cable,0.1639,0
intento_120607_usb_c_cable,usb_c_cable,0.3147,0
intento_120607_usb_c_cable,usb_c_cable,0.2745,0
intento_120607_usb_c_cable,usb_c_cable,0.314,0
intento_120607_usb_c_cable,usb_c_cable,0.2468,0
intento_120607_usb_c_cable,usb_c_cable,0.1622,0
intento_120607_usb_c_cable,usb_c_cable,0.3763,0
intento_120607_usb_c_cable,usb_c_cable,0.0599,0
intento_120607_usb_c_cable,usb_c_cable,0.094,0
intento_120607_usb_c_cable,usb_c_cable,0.0111,0
intento_120607_usb_c_cable,usb_c_cable,0.149,0
intento_120607_usb_c_cable,usb_c_cable,0.1575,0
intento_120607_usb_c_cable,usb_c_cable,0.0167,1
intento_120607_usb_c_cable,usb_c_cable,0.3978,0
intento_120607_usb_c_cable,usb_c_cable,0.5425,0
intento_120607_usb_c_cable,usb_c_cable,0.0173,0
intento_120607_usb_c_cable,usb_c_cable,0.1134,0
intento_120607_usb_c_cable,usb_c_cable,0.0266,0
intento_120607_usb_c_cable,usb_c_cable,0.3301,0
intento_120607_usb_c_cable,usb_c_cable,0.2448,0
intento_120607_usb_c_cable,usb_c_cable,0.0087,1
intento_120607_usb_c_cable,usb_c_cable,0.0764,0
intento_120607_usb_c_cable,usb_c_cable,0.6074,0
intento_120607_usb_c_cable,usb_c_cable,0.0858,0
intento_120607_usb_c_cable,usb_c_cable,0.2485,0
intento_120607_usb_c_cable,usb_c_cable,0.3235,1
intento_120607_usb_c_cable,usb_c_cable,0.3061,0
intento_120607_usb_c_cable,usb_c_cable,0.2085,0
intento_120607_usb_c_cable,usb_c_cable,0.0417,0
intento_120607_usb_c_cable,usb_c_cable,0.0055,0
intento_120607_usb_c_cable,usb_c_cable,0.2704,0
intento_120607_usb_c_cable,usb_c_cable,0.2554,0
intento_120607_usb_c_cable,usb_c_cable,0.092,0
intento_120607_usb_c_cable,usb_c_cable,0.0004,0
intento_120607_usb_c_cable,usb_c_cable,0.0311,0
intento_120607_usb_c_cable,usb_c_cable,0.0956,0
intento_120607_usb_c_cable,usb_c_cable,0.4173,0
intento_120607_usb_c_cable,usb_c_cable,0.1062,0
intento_120607_usb_c_cable,usb_c_cable,0.1874,0
intento_120607_usb_c_cable,usb_c_cable,0.0028,1
intento_120607_usb_c_cable,usb_c_cable,0.3368,0
intento_120607_usb_c_cable,usb_c_cable,0.109,0
intento_120607_usb_c_cable,usb_c_cable,0.3627,1
intento_120607_usb_c_cable,usb_c_cable,0.3843,0
intento_120607_usb_c_cable,usb_c_cable,0.1389,0
intento_120607_usb_c_cable,usb_c_cable,0.0349,0
intento_120607_usb_c_cable,usb_c_cable,0.3753,0
intento_120607_usb_c_cable,usb_c_cable,0.175,0
intento_120607_usb_c_cable,usb_c_cable,0.1847,0
intento_120607_usb_c_cable,usb_c_cable,0.1039,0
intento_120607_usb_c_cable,usb_c_cable,0.1323,0
intento_120607_usb_c_cable,usb_c_cable,0.3177,0
intento_120607_usb_c_cable,usb_c_cable,0.0158,0
intento_120607_usb_c_cable,usb_c_cable,0.0089,0
intento_120607_usb_c_cable,usb_c_cable,0.4582,0
intento_120607_usb_c_cable,usb_c_cable,0.2214,0
intento_120607_usb_c_cable,usb_c_cable,0.1233,0
intento_120607_usb_c_cable,usb_c_cable,0.2296,0
intento_120607_usb_c_cable,usb_c_cable,0.1232,0
intento_120607_usb_c_cable,usb_c_cable,0.0021,0
intento_120607_usb_c_cable,usb_c_cable,0.001,0
intento_120607_usb_c_cable,usb_c_cable,0.0895,0
intento_120607_usb_c_cable,usb_c_cable,0.2485,0
intento_120607_usb_c_cable,usb_c_cable,0.5966,0
intento_120635_black_gloves,black_gloves,0.0344,1
intento_120635_black_gloves,black_gloves,0.24,0
intento_120635_black_gloves,black_gloves,0.2955,1
intento_120635_black_gloves,black_gloves,0.0262,1
intento_120635_black_gloves,black_gloves,0.0922,0
intento_120635_black_gloves,black_gloves,0.3131,0
intento_120635_black_gloves,black_gloves,0.067,1
intento_120635_black_gloves,black_gloves,0.0334,0
intento_120635_black_gloves,black_gloves,0.026,0
intento_120635_black_gloves,black_gloves,0.1304,1
intento_120635_black_gloves,black_gloves,0.0575,0
intento_120635_black_gloves,black_gloves,0.1268,1
intento_120635_black_gloves,black_gloves,0.0669,1
intento_120635_black_gloves,black_gloves,0.0427,0
intento_120635_black_gloves,black_gloves,0.2127,0
intento_120635_black_gloves,black_gloves,0.2271,1
intento_120635_black_gloves,black_gloves,0.5469,1
intento_120635_black_gloves,black_gloves,0.079,1
intento_120635_black_gloves,black_gloves,0.0056,0
intento_120635_black_gloves,black_gloves,0.051,0
intento_120635_black_gloves,black_gloves,0.5259,1
intento_120635_black_gloves,black_gloves,0.4861,1
intento_120635_black_gloves,black_gloves,0.0037,0
intento_120635_black_gloves,black_gloves,0.0482,1
intento_120635_black_gloves,black_gloves,0.3678,1
intento_120635_black_gloves,black_gloves,0.0263,1
intento_120635_black_gloves,black_gloves,0.0432,0
intento_120635_black_gloves,black_gloves,0.017,0
intento_120635_black_gloves,black_gloves,0.0066,0
intento_120635_black_gloves,black_gloves,0.003,0
intento_120635_black_gloves,black_gloves,0.0238,0
intento_120635_black_gloves,black_gloves,0.0239,0
intento_120635_black_gloves,black_gloves,0.0356,1
intento_120635_black_gloves,black_gloves,0.2515,1
intento_120635_black_gloves,black_gloves,0.1515,1
intento_120635_black_gloves,black_gloves,0.0114,1
intento_120635_black_gloves,black_gloves,0.0271,1
intento_120635_black_gloves,black_gloves,0.1002,1
intento_120635_black_gloves,black_gloves,0.0021,1
intento_120635_black_gloves,black_gloves,0.49,1
intento_120635_black_gloves,black_gloves,0.3655,1
intento_120635_black_gloves,black_gloves,0.0109,1
intento_120635_black_gloves,black_gloves,0.0089,0
intento_120635_black_gloves,black_gloves,0.1051,1
intento_120635_black_gloves,black_gloves,0.2025,0
intento_120635_black_gloves,black_gloves,0.0119,1
intento_120635_black_gloves,black_gloves,0.0075,0
intento_120635_black_gloves,black_gloves,0.0788,1
intento_120635_black_gloves,black_gloves,0.0606,1
intento_120635_black_gloves,black_gloves,0.4143,1
intento_120635_black_gloves,black_gloves,0.108,1
intento_120635_black_gloves,black_gloves,0.0172,1
intento_120635_black_gloves,black_gloves,0.0547,0
intento_120635_black_gloves,black_gloves,0.0059,0
intento_120635_black_gloves,black_gloves,0.0129,0
intento_120635_black_gloves,black_gloves,0.0225,0
intento_120635_black_gloves,black_gloves,0.0044,1
intento_120635_black_gloves,black_gloves,0.0489,1
intento_120635_black_gloves,black_gloves,0.0252,0
intento_120635_black_gloves,black_gloves,0.0284,0
intento_120635_black_gloves,black_gloves,0.0162,0
intento_120635_black_gloves,black_gloves,0.0278,0
intento_120635_black_gloves,black_gloves,0.0311,0
intento_120635_black_gloves,black_gloves,0.0351,0
intento_120635_black_gloves,black_gloves,0.0692,1
intento_120635_black_gloves,black_gloves,0.0238,0
intento_120635_black_gloves,black_gloves,0.1681,1
intento_120635_black_gloves,black_gloves,0.0537,0
intento_120635_black_gloves,black_gloves,0.0359,0
intento_120635_black_gloves,black_gloves,0.0308,1
intento_120635_black_gloves,black_gloves,0.0012,1
intento_120635_black_gloves,black_gloves,0.0338,1
intento_120635_black_gloves,black_gloves,0.016,1
intento_120635_black_gloves,black_gloves,0.166,1
intento_120635_black_gloves,black_gloves,0.1199,0
intento_120635_black_gloves,black_gloves,0.0234,0
intento_120635_black_gloves,black_gloves,0.0027,0
intento_120635_black_gloves,black_gloves,0.039,1
intento_120635_black_gloves,black_gloves,0.0015,1
intento_120635_black_gloves,black_gloves,0.0411,1
intento_120635_black_gloves,black_gloves,0.0554,0
intento_120635_black_gloves,black_gloves,0.0022,0
intento_120635_black_gloves,black_gloves,0.01,0
intento_120635_black_gloves,black_gloves,0.0299,0
intento_120635_black_gloves,black_gloves,0.0148,1
intento_120635_black_gloves,black_gloves,0.0029,1
intento_120635_black_gloves,black_gloves,0.0011,0
intento_120635_black_gloves,black_gloves,0.0442,0
intento_120635_black_gloves,black_gloves,0.0096,0
intento_120635_black_gloves,black_gloves,0.0399,1
intento_120635_black_gloves,black_gloves,0.0124,0
intento_120635_black_gloves,black_gloves,0.0023,1
intento_120635_black_gloves,black_gloves,0.0324,1
intento_121459_black_gloves,black_gloves,0.0014,1
intento_121459_black_gloves,black_gloves,0.0129,1
intento_121459_black_gloves,black_gloves,0.0054,0
intento_121459_black_gloves,black_gloves,0.0019,1
intento_121459_black_gloves,black_gloves,0.0947,0
intento_121459_black_gloves,black_gloves,0.0026,1
intento_121459_black_gloves,black_gloves,0.0471,1
intento_121459_black_gloves,black_gloves,0.0022,1
intento_121459_black_gloves,black_gloves,0.027,1
intento_121459_black_gloves,black_gloves,0.0112,1
intento_121459_black_gloves,black_gloves,0.0125,1
intento_121459_black_gloves,black_gloves,0.0108,1
intento_121459_black_gloves,black_gloves,0.0014,1
intento_121459_black_gloves,black_gloves,0.017,1
intento_121459_black_gloves,black_gloves,0.0321,1
intento_121459_black_gloves,black_gloves,0.1239,1
intento_121459_black_gloves,black_gloves,0.0007,1
intento_121459_black_gloves,black_gloves,0.0256,1
intento_121459_black_gloves,black_gloves,0.0269,1
intento_121459_black_gloves,black_gloves,0.5296,1
intento_121459_black_gloves,black_gloves,0.027,0
intento_121459_black_gloves,black_gloves,0.0147,1
intento_121459_black_gloves,black_gloves,0.0055,1
intento_121459_black_gloves,black_gloves,0.0121,1
intento_121459_black_gloves,black_gloves,0.3835,1
intento_121459_black_gloves,black_gloves,0.0037,1
intento_121459_black_gloves,black_gloves,0.0088,1
intento_121459_black_gloves,black_gloves,0.0019,1
intento_121459_black_gloves,black_gloves,0.0227,1
intento_121459_black_gloves,black_gloves,0.0119,1
intento_121459_black_gloves,black_gloves,0.057,1
intento_121459_black_gloves,black_gloves,0.0033,1
intento_121459_black_gloves,black_gloves,0.0035,1
intento_121459_black_gloves,black_gloves,0.0332,1
intento_121459_black_gloves,black_gloves,0.0331,0
intento_121459_black_gloves,black_gloves,0.8312,0
intento_121459_black_gloves,black_gloves,0.0257,1
intento_121459_black_gloves,black_gloves,0.026,1
intento_121459_black_gloves,black_gloves,0.0104,0
intento_121459_black_gloves,black_gloves,0.0292,1
intento_121459_black_gloves,black_gloves,0.0077,1
intento_121459_black_gloves,black_gloves,0.0095,1
intento_121459_black_gloves,black_gloves,0.0101,1
intento_121459_black_gloves,black_gloves,0.0052,1
intento_121459_black_gloves,black_gloves,0.0861,1
intento_121459_black_gloves,black_gloves,0.0137,1
intento_121459_black_gloves,black_gloves,0.0464,1
intento_121459_black_gloves,black_gloves,0.0223,0
intento_121459_black_gloves,black_gloves,0.4136,1
intento_121459_black_gloves,black_gloves,0.2361,1
intento_121459_black_gloves,black_gloves,0.0092,0
intento_121459_black_gloves,black_gloves,0.0165,0
intento_121459_black_gloves,black_gloves,0.7209,1
intento_121459_black_gloves,black_gloves,0.0015,1
intento_121459_black_gloves,black_gloves,0.0234,0
intento_121459_black_gloves,black_gloves,0.073,1
intento_121459_black_gloves,black_gloves,0.0811,0
intento_121459_black_gloves,black_gloves,0.0162,1
intento_121459_black_gloves,black_gloves,0.0599,0
intento_121459_black_gloves,black_gloves,0.0308,1
intento_121459_black_gloves,black_gloves,0.4447,1
intento_121459_black_gloves,black_gloves,0.0062,0
intento_121459_black_gloves,black_gloves,0.0106,1
intento_121459_black_gloves,black_gloves,0.0077,1
intento_121459_black_gloves,black_gloves,0.0109,1
intento_121459_black_gloves,black_gloves,0.0022,1
intento_121459_black_gloves,black_gloves,0.0142,1
intento_121459_black_gloves,black_gloves,0.0645,1
intento_121459_black_gloves,black_gloves,0.0063,0
intento_121459_black_gloves,black_gloves,0.0605,1
intento_121459_black_gloves,black_gloves,0.0357,1
intento_121459_black_gloves,black_gloves,0.0423,1
intento_121459_black_gloves,black_gloves,0.0802,1
intento_121459_black_gloves,black_gloves,0.1315,1
intento_121459_black_gloves,black_gloves,0.0324,1
intento_121459_black_gloves,black_gloves,0.1557,1
intento_121459_black_gloves,black_gloves,0.0742,1
intento_121459_black_gloves,black_gloves,0.3877,1
intento_121459_black_gloves,black_gloves,0.01,1
intento_121459_black_gloves,black_gloves,0.0038,1
intento_121459_black_gloves,black_gloves,0.0093,1
intento_121459_black_gloves,black_gloves,0.0259,0
intento_121459_black_gloves,black_gloves,0.1229,1
intento_121459_black_gloves,black_gloves,0.0099,1
intento_121459_black_gloves,black_gloves,0.1342,1
intento_121459_black_gloves,black_gloves,0.0113,1
intento_121459_black_gloves,black_gloves,0.2313,1
intento_121459_black_gloves,black_gloves,0.0803,1
intento_121459_black_gloves,black_gloves,0.1417,0
intento_121459_black_gloves,black_gloves,0.0116,1
intento_121459_black_gloves,black_gloves,0.0224,1
intento_121459_black_gloves,black_gloves,0.0019,1
intento_121459_black_gloves,black_gloves,0.1098,1
intento_121459_black_gloves,black_gloves,0.2021,1
intento_121459_black_gloves,black_gloves,0.0031,1
intento_121459_black_gloves,black_gloves,0.1462,1
intento_121459_black_gloves,black_gloves,0.0332,1
intento_121459_black_gloves,black_gloves,0.0021,1
intento_121459_black_gloves,black_gloves,0.0921,1
intento_121459_black_gloves,black_gloves,0.0018,1
intento_121459_black_gloves,black_gloves,0.0539,1
intento_121459_black_gloves,black_gloves,0.006,0
intento_121459_black_gloves,black_gloves,0.165,1
intento_121459_black_gloves,black_gloves,0.003,0
intento_121459_black_gloves,black_gloves,0.0053,1
intento_121459_black_gloves,black_gloves,0.0255,1
intento_121459_black_gloves,black_gloves,0.0243,1
intento_121459_black_gloves,black_gloves,0.0011,1
intento_121459_black_gloves,black_gloves,0.0426,1
intento_121459_black_gloves,black_gloves,0.0237,1
intento_121459_black_gloves,black_gloves,0.6326,1
intento_121532_usb_c_cable,usb_c_cable,0.3317,1
intento_121532_usb_c_cable,usb_c_cable,0.2718,0
intento_121532_usb_c_cable,usb_c_cable,0.501,1
intento_121532_usb_c_cable,usb_c_cable,0.8656,0
intento_121532_usb_c_cable,usb_c_cable,0.6157,0
intento_121532_usb_c_cable,usb_c_cable,0.7227,0
intento_121532_usb_c_cable,usb_c_cable,0.4451,0
intento_121532_usb_c_cable,usb_c_cable,0.8362,0
intento_121532_usb_c_cable,usb_c_cable,0.6135,0
intento_121532_usb_c_cable,usb_c_cable,0.4831,0
intento_121532_usb_c_cable,usb_c_cable,0.1581,0
intento_121532_usb_c_cable,usb_c_cable,0.8672,0
intento_121532_usb_c_cable,usb_c_cable,0.1299,0
intento_121532_usb_c_cable,usb_c_cable,0.2993,0
intento_121532_usb_c_cable,usb_c_cable,0.1593,1
intento_121532_usb_c_cable,usb_c_cable,0.2455,0
intento_121532_usb_c_cable,usb_c_cable,0.9005,0
intento_121532_usb_c_cable,usb_c_cable,0.4207,0
intento_121532_usb_c_cable,usb_c_cable,0.5995,0
intento_121532_usb_c_cable,usb_c_cable,0.8452,0
intento_121532_usb_c_cable,usb_c_cable,0.3003,0
intento_121532_usb_c_cable,usb_c_cable,0.5823,0
intento_121532_usb_c_cable,usb_c_cable,0.1278,0
intento_121532_usb_c_cable,usb_c_cable,0.4891,0
intento_121532_usb_c_cable,usb_c_cable,0.4448,0
intento_121532_usb_c_cable,usb_c_cable,0.7296,0
intento_121532_usb_c_cable,usb_c_cable,0.3107,0
intento_121532_usb_c_cable,usb_c_cable,0.1225,0
intento_121532_usb_c_cable,usb_c_cable,0.0538,0
intento_121532_usb_c_cable,usb_c_cable,0.6653,0
intento_121532_usb_c_cable,usb_c_cable,0.3126,0
intento_121532_usb_c_cable,usb_c_cable,0.1547,0
intento_121532_usb_c_cable,usb_c_cable,0.4189,0
intento_121532_usb_c_cable,usb_c_cable,0.0053,0
intento_121532_usb_c_cable,usb_c_cable,0.6925,0
intento_121532_usb_c_cable,usb_c_cable,0.5462,0
intento_121532_usb_c_cable,usb_c_cable,0.7268,0
intento_121532_usb_c_cable,usb_c_cable,0.1458,0
intento_121532_usb_c_cable,usb_c_cable,0.0151,0
intento_121532_usb_c_cable,usb_c_cable,0.1666,0
intento_121532_usb_c_cable,usb_c_cable,0.6677,0
intento_121532_usb_c_cable,usb_c_cable,0.2292,0
intento_121532_usb_c_cable,usb_c_cable,0.4533,0
intento_121532_usb_c_cable,usb_c_cable,0.0901,0
intento_121532_usb_c_cable,usb_c_cable,0.3683,1
intento_121532_usb_c_cable,usb_c_cable,0.7056,0
intento_121532_usb_c_cable,usb_c_cable,0.6036,1
intento_121532_usb_c_cable,usb_c_cable,0.6605,0
intento_121532_usb_c_cable,usb_c_cable,0.7719,0
intento_121532_usb_c_cable,usb_c_cable,0.6916,0
intento_121532_usb_c_cable,usb_c_cable,0.1381,0
intento_121532_usb_c_cable,usb_c_cable,0.1679,0
intento_121532_usb_c_cable,usb_c_cable,0.0117,0
intento_121532_usb_c_cable,usb_c_cable,0.1088,0
intento_121532_usb_c_cable,usb_c_cable,0.5207,0
intento_121532_usb_c_cable,usb_c_cable,0.1144,0
intento_121532_usb_c_cable,usb_c_cable,0.3809,0
intento_121532_usb_c_cable,usb_c_cable,0.5182,0
intento_121532_usb_c_cable,usb_c_cable,0.2544,0
intento_121532_usb_c_cable,usb_c_cable,0.2467,0
intento_121532_usb_c_cable,usb_c_cable,0.521,0
intento_121532_usb_c_cable,usb_c_cable,0.7812,0
intento_121532_usb_c_cable,usb_c_cable,0.3588,0
intento_121532_usb_c_cable,usb_c_cable,0.0592,0
intento_121532_usb_c_cable,usb_c_cable,0.1559,1
intento_121532_usb_c_cable,usb_c_cable,0.2396,0
intento_121532_usb_c_cable,usb_c_cable,0.1648,0
intento_121532_usb_c_cable,usb_c_cable,0.2326,0
intento_121532_usb_c_cable,usb_c_cable,0.1506,0
intento_121532_usb_c_cable,usb_c_cable,0.0639,0
intento_121532_usb_c_cable,usb_c_cable,0.4796,0
intento_121532_usb_c_cable,usb_c_cable,0.3635,0
intento_121532_usb_c_cable,usb_c_cable,0.7222,0
intento_121532_usb_c_cable,usb_c_cable,0.0235,0
intento_121532_usb_c_cable,usb_c_cable,0.3852,0
intento_121532_usb_c_cable,usb_c_cable,0.3691,0
intento_121532_usb_c_cable,usb_c_cable,0.4394,0
intento_121532_usb_c_cable,usb_c_cable,0.5479,0
intento_121532_usb_c_cable,usb_c_cable,0.2626,0
intento_121532_usb_c_cable,usb_c_cable,0.0907,1
intento_121532_usb_c_cable,usb_c_cable,0.4008,0
intento_121532_usb_c_cable,usb_c_cable,0.1995,0
intento_121532_usb_c_cable,usb_c_cable,0.6362,1
intento_121532_usb_c_cable,usb_c_cable,0.0094,0
intento_121532_usb_c_cable,usb_c_cable,0.4834,0
intento_121532_usb_c_cable,usb_c_cable,0.145,1
intento_121532_usb_c_cable,usb_c_cable,0.0769,0
intento_121532_usb_c_cable,usb_c_cable,0.0022,0
intento_121532_usb_c_cable,usb_c_cable,0.4279,0
intento_121532_usb_c_cable,usb_c_cable,0.5095,0
intento_121532_usb_c_cable,usb_c_cable,0.1157,0
intento_121532_usb_c_cable,usb_c_cable,0.1082,1
intento_121532_usb_c_cable,usb_c_cable,0.0578,0
intento_121532_usb_c_cable,usb_c_cable,0.3912,0
intento_121532_usb_c_cable,usb_c_cable,0.0576,0
intento_121532_usb_c_cable,usb_c_cable,0.0982,0
intento_121532_usb_c_cable,usb_c_cable,0.8,0
intento_121532_usb_c_cable,usb_c_cable,0.5921,0
intento_121532_usb_c_cable,usb_c_cable,0.4859,1
intento_121532_usb_c_cable,usb_c_cable,0.6747,0
intento_121532_usb_c_cable,usb_c_cable,0.4576,0
intento_121532_usb_c_cable,usb_c_cable,0.1979,0
intento_121532_usb_c_cable,usb_c_cable,0.4526,0
intento_121532_usb_c_cable,usb_c_cable,0.0044,0
intento_121532_usb_c_cable,usb_c_cable,0.0638,0
intento_121532_usb_c_cable,usb_c_cable,0.8208,0
intento_121532_usb_c_cable,usb_c_cable,0.5673,0
intento_121532_usb_c_cable,usb_c_cable,0.1396,1
intento_121532_usb_c_cable,usb_c_cable,0.0001,0
intento_121532_usb_c_cable,usb_c_cable,0.1066,0
intento_121532_usb_c_cable,usb_c_cable,0.0064,1
intento_121532_usb_c_cable,usb_c_cable,0.2254,0
intento_121532_usb_c_cable,usb_c_cable,0.3814,0
intento_121532_usb_c_cable,usb_c_cable,0.1443,0
intento_121532_usb_c_cable,usb_c_cable,0.4895,0
intento_121532_usb_c_cable,usb_c_cable,0.4433,0
intento_121532_usb_c_cable,usb_c_cable,0.0836,1
intento_121532_usb_c_cable,usb_c_cable,0.3594,0
intento_121532_usb_c_cable,usb_c_cable,0.2342,0
intento_121532_usb_c_cable,usb_c_cable,0.0339,1
intento_121532_usb_c_cable,usb_c_cable,0.3172,0
intento_121532_usb_c_cable,usb_c_cable,0.1042,0
intento_121532_usb_c_cable,usb_c_cable,0.0004,0
intento_121532_usb_c_cable,usb_c_cable,0.2201,0
intento_121532_usb_c_cable,usb_c_cable,0.1982,0
intento_121532_usb_c_cable,usb_c_cable,0.1055,1
intento_121532_usb_c_cable,usb_c_cable,0.0724,0
intento_121532_usb_c_cable,usb_c_cable,0.2146,0
intento_121532_usb_c_cable,usb_c_cable,0.1001,0
intento_121532_usb_c_cable,usb_c_cable,0.2821,0
intento_121532_usb_c_cable,usb_c_cable,0.6152,0
intento_121532_usb_c_cable,usb_c_cable,0.2068,0
intento_121532_usb_c_cable,usb_c_cable,0.2713,0
intento_121532_usb_c_cable,usb_c_cable,0.3166,0
intento_121532_usb_c_cable,usb_c_cable,0.8384,0
intento_121532_usb_c_cable,usb_c_cable,0.3621,0
intento_121532_usb_c_cable,usb_c_cable,0.1211,1
intento_121532_usb_c_cable,usb_c_cable,0.349,0
intento_121532_usb_c_cable,usb_c_cable,0.3487,0
intento_121532_usb_c_cable,usb_c_cable,0.6924,0
intento_121532_usb_c_cable,usb_c_cable,0.246,0
intento_121532_usb_c_cable,usb_c_cable,0.368,0
intento_121532_usb_c_cable,usb_c_cable,0.1155,1
intento_121532_usb_c_cable,usb_c_cable,0.2575,0
intento_121532_usb_c_cable,usb_c_cable,0.0038,0
intento_121532_usb_c_cable,usb_c_cable,0.4693,0
intento_121532_usb_c_cable,usb_c_cable,0.003,1
intento_121532_usb_c_cable,usb_c_cable,0.1344,0
intento_121532_usb_c_cable,usb_c_cable,0.1671,0
intento_121532_usb_c_cable,usb_c_cable,0.4202,1
intento_121532_usb_c_cable,usb_c_cable,0.0334,0
intento_121532_usb_c_cable,usb_c_cable,0.3708,0
intento_121532_usb_c_cable,usb_c_cable,0.15,0
intento_121532_usb_c_cable,usb_c_cable,0.0348,0
intento_121532_usb_c_cable,usb_c_cable,0.0043,0
intento_121532_usb_c_cable,usb_c_cable,0.1061,0
intento_121532_usb_c_cable,usb_c_cable,0.199,0
intento_121532_usb_c_cable,usb_c_cable,0.226,0
intento_121532_usb_c_cable,usb_c_cable,0.2614,0
intento_121532_usb_c_cable,usb_c_cable,0.1328,1
intento_121532_usb_c_cable,usb_c_cable,0.1175,0
intento_121532_usb_c_cable,usb_c_cable,0.2963,0
intento_121532_usb_c_cable,usb_c_cable,0.0408,0
intento_121532_usb_c_cable,usb_c_cable,0.2416,0
intento_121532_usb_c_cable,usb_c_cable,0.0342,0
intento_121532_usb_c_cable,usb_c_cable,0.0102,0
intento_121532_usb_c_cable,usb_c_cable,0.2253,0
intento_121532_usb_c_cable,usb_c_cable,0.2474,1
intento_121532_usb_c_cable,usb_c_cable,0.0013,1
intento_121532_usb_c_cable,usb_c_cable,0.0002,0
intento_121532_usb_c_cable,usb_c_cable,0.2706,0
intento_121532_usb_c_cable,usb_c_cable,0.32,0
intento_121532_usb_c_cable,usb_c_cable,0.3575,0
intento_121532_usb_c_cable,usb_c_cable,0.1463,0
intento_121532_usb_c_cable,usb_c_cable,0.2444,0
intento_121532_usb_c_cable,usb_c_cable,0.0263,0
intento_121532_usb_c_cable,usb_c_cable,0.1589,0
intento_121532_usb_c_cable,usb_c_cable,0.6308,0
intento_121532_usb_c_cable,usb_c_cable,0.0004,0
intento_122342_black_gloves,black_gloves,0.0251,0
intento_122342_black_gloves,black_gloves,0.0006,0
intento_122342_black_gloves,black_gloves,0.0012,0
intento_122342_black_gloves,black_gloves,0.0006,0
intento_122342_black_gloves,black_gloves,0.1943,0
intento_122342_black_gloves,black_gloves,0.0062,0
intento_122342_black_gloves,black_gloves,0.017,0
intento_122342_black_gloves,black_gloves,0.0666,0
intento_122342_black_gloves,black_gloves,0.0091,0
intento_122342_black_gloves,black_gloves,0.0491,0
intento_122342_black_gloves,black_gloves,0.0032,0
intento_122342_black_gloves,black_gloves,0.0118,0
intento_122342_black_gloves,black_gloves,0.4034,0
intento_122342_black_gloves,black_gloves,0.003,0
intento_122342_black_gloves,black_gloves,0.0036,0
intento_122342_black_gloves,black_gloves,0.0106,0
intento_122342_black_gloves,black_gloves,0.0039,0
intento_122342_black_gloves,black_gloves,0.0154,0
intento_122342_black_gloves,black_gloves,0.0056,0
intento_122342_black_gloves,black_gloves,0.0101,0
intento_122342_black_gloves,black_gloves,0.0183,0
intento_122342_black_gloves,black_gloves,0.0628,0
intento_122342_black_gloves,black_gloves,0.0128,0
intento_122342_black_gloves,black_gloves,0.017,0
intento_122342_black_gloves,black_gloves,0.0937,0
intento_122342_black_gloves,black_gloves,0.232,0
intento_122342_black_gloves,black_gloves,0.7447,0
intento_122342_black_gloves,black_gloves,0.0202,0
intento_122342_black_gloves,black_gloves,0.0161,0
intento_122342_black_gloves,black_gloves,0.0046,0
intento_122342_black_gloves,black_gloves,0.1048,0
intento_122342_black_gloves,black_gloves,0.0143,0
intento_122342_black_gloves,black_gloves,0.0277,0
intento_122342_black_gloves,black_gloves,0.0041,0
intento_122342_black_gloves,black_gloves,0.0115,0
intento_122342_black_gloves,black_gloves,0.0221,0
intento_122342_black_gloves,black_gloves,0.0185,0
intento_122342_black_gloves,black_gloves,0.054,0
intento_122342_black_gloves,black_gloves,0.0049,0
intento_122342_black_gloves,black_gloves,0.0062,0
intento_122342_black_gloves,black_gloves,0.015,0
intento_122342_black_gloves,black_gloves,0.0188,0
intento_122342_black_gloves,black_gloves,0.0397,0
intento_122342_black_gloves,black_gloves,0.0017,0
intento_122342_black_gloves,black_gloves,0.0571,0
intento_122342_black_gloves,black_gloves,0.0054,0
intento_122342_black_gloves,black_gloves,0.0048,0
intento_122342_black_gloves,black_gloves,0.0111,0
intento_122342_black_gloves,black_gloves,0.0463,0
intento_122342_black_gloves,black_gloves,0.0342,0
intento_122342_black_gloves,black_gloves,0.0314,0
intento_122342_black_gloves,black_gloves,0.0147,0
intento_122342_black_gloves,black_gloves,0.0306,0
intento_122342_black_gloves,black_gloves,0.0397,0
intento_122342_black_gloves,black_gloves,0.0084,0
intento_122342_black_gloves,black_gloves,0.046,0
intento_122342_black_gloves,black_gloves,0.0264,0
intento_122342_black_gloves,black_gloves,0.0461,0
intento_122342_black_gloves,black_gloves,0.0574,0
intento_122342_black_gloves,black_gloves,0.0126,0
intento_122342_black_gloves,black_gloves,0.0094,0
intento_122342_black_gloves,black_gloves,0.4505,0
intento_122342_black_gloves,black_gloves,0.3651,0
intento_122342_black_gloves,black_gloves,0.0475,0
intento_122342_black_gloves,black_gloves,0.1071,0
intento_122342_black_gloves,black_gloves,0.0132,0
intento_122342_black_gloves,black_gloves,0.0574,1
intento_122342_black_gloves,black_gloves,0.013,0
intento_122342_black_gloves,black_gloves,0.0216,0
intento_122342_black_gloves,black_gloves,0.2355,0
intento_122342_black_gloves,black_gloves,0.009,0
intento_122342_black_gloves,black_gloves,0.0017,0
intento_122342_black_gloves,black_gloves,0.041,0
intento_122342_black_gloves,black_gloves,0.0407,0
intento_122342_black_gloves,black_gloves,0.0159,0
intento_122342_black_gloves,black_gloves,0.0114,0
intento_122342_black_gloves,black_gloves,0.0187,0
intento_122342_black_gloves,black_gloves,0.0065,0
intento_122342_black_gloves,black_gloves,0.0159,0
intento_122342_black_gloves,black_gloves,0.002,0
intento_122342_black_gloves,black_gloves,0.0486,0
intento_122342_black_gloves,black_gloves,0.0933,0
intento_122342_black_gloves,black_gloves,0.4316,0
intento_122342_black_gloves,black_gloves,0.0006,0
intento_122342_black_gloves,black_gloves,0.0033,1
intento_122342_black_gloves,black_gloves,0.0203,0
intento_122342_black_gloves,black_gloves,0.0026,0
intento_122342_black_gloves,black_gloves,0.0204,0
intento_122342_black_gloves,black_gloves,0.077,0
intento_122342_black_gloves,black_gloves,0.0614,0
intento_122342_black_gloves,black_gloves,0.0502,0
intento_122348_black_gloves,black_gloves,0.0333,0
intento_122348_black_gloves,black_gloves,0.0401,0
intento_122348_black_gloves,black_gloves,0.153,0
intento_122348_black_gloves,black_gloves,0.1681,0
intento_122348_black_gloves,black_gloves,0.2943,0
intento_122348_black_gloves,black_gloves,0.1616,0
intento_122348_black_gloves,black_gloves,0.0956,0
intento_122348_black_gloves,black_gloves,0.1202,0
intento_122348_black_gloves,black_gloves,0.5566,0
intento_122348_black_gloves,black_gloves,0.0245,0
intento_122348_black_gloves,black_gloves,0.158,0
intento_122348_black_gloves,black_gloves,0.4262,0
intento_122348_black_gloves,black_gloves,0.0349,0
intento_122348_black_gloves,black_gloves,0.1143,0
intento_122348_black_gloves,black_gloves,0.1385,0
intento_122348_black_gloves,black_gloves,0.1587,0
intento_122348_black_gloves,black_gloves,0.0315,0
intento_122348_black_gloves,black_gloves,0.353,0
intento_122348_black_gloves,black_gloves,0.2122,0
intento_122348_black_gloves,black_gloves,0.034,0
intento_122348_black_gloves,black_gloves,0.1558,0
intento_122348_black_gloves,black_gloves,0.4616,0
intento_122348_black_gloves,black_gloves,0.0346,0
intento_122348_black_gloves,black_gloves,0.1367,0
intento_122348_black_gloves,black_gloves,0.0487,0
intento_122348_black_gloves,black_gloves,0.0375,0
intento_122348_black_gloves,black_gloves,0.017,0
intento_122348_black_gloves,black_gloves,0.3007,0
intento_122348_black_gloves,black_gloves,0.4205,0
intento_122348_black_gloves,black_gloves,0.2705,0
intento_122348_black_gloves,black_gloves,0.011,0
intento_122348_black_gloves,black_gloves,0.1565,0
intento_122348_black_gloves,black_gloves,0.5512,0
intento_122348_black_gloves,black_gloves,0.3126,0
intento_122348_black_gloves,black_gloves,0.6293,0
intento_122348_black_gloves,black_gloves,0.6092,0
intento_122348_black_gloves,black_gloves,0.0814,0
intento_122348_black_gloves,black_gloves,0.2498,0
intento_122348_black_gloves,black_gloves,0.0887,0
intento_122348_black_gloves,black_gloves,0.6808,0
intento_122348_black_gloves,black_gloves,0.4658,0
intento_122348_black_gloves,black_gloves,0.1603,0
intento_122348_black_gloves,black_gloves,0.0509,1
intento_122348_black_gloves,black_gloves,0.3076,0
intento_122348_black_gloves,black_gloves,0.1531,0
intento_122348_black_gloves,black_gloves,0.4112,0
intento_122348_black_gloves,black_gloves,0.1711,0
intento_122348_black_gloves,black_gloves,0.3295,0
intento_122348_black_gloves,black_gloves,0.4575,0
intento_122348_black_gloves,black_gloves,0.1971,0
intento_122348_black_gloves,black_gloves,0.2952,0
intento_122348_black_gloves,black_gloves,0.0539,0
intento_122348_black_gloves,black_gloves,0.1702,0
intento_122348_black_gloves,black_gloves,0.1761,0
intento_122348_black_gloves,black_gloves,0.2988,0
intento_122348_black_gloves,black_gloves,0.4507,1
intento_122348_black_gloves,black_gloves,0.2324,0
intento_122348_black_gloves,black_gloves,0.0587,0
intento_122348_black_gloves,black_gloves,0.0742,0
intento_122348_black_gloves,black_gloves,0.1778,0
intento_122348_black_gloves,black_gloves,0.0972,0
intento_122348_black_gloves,black_gloves,0.1976,0
intento_122348_black_gloves,black_gloves,0.0322,0
intento_122348_black_gloves,black_gloves,0.3219,0
intento_122348_black_gloves,black_gloves,0.1044,0
intento_122348_black_gloves,black_gloves,0.0666,0
intento_122348_black_gloves,black_gloves,0.3786,0
intento_122348_black_gloves,black_gloves,0.164,0
intento_122348_black_gloves,black_gloves,0.0874,0
intento_122348_black_gloves,black_gloves,0.1099,0
intento_122348_black_gloves,black_gloves,0.3647,1
intento_122348_black_gloves,black_gloves,0.0286,0
intento_122348_black_gloves,black_gloves,0.2014,0
intento_122348_black_gloves,black_gloves,0.059,0
intento_122348_black_gloves,black_gloves,0.0798,0
intento_122413_usb_c_cable,usb_c_cable,0.249,0
intento_122413_usb_c_cable,usb_c_cable,0.0612,0
intento_122413_usb_c_cable,usb_c_cable,0.8131,0
intento_122413_usb_c_cable,usb_c_cable,0.7158,0
intento_122413_usb_c_cable,usb_c_cable,0.8381,0
intento_122413_usb_c_cable,usb_c_cable,0.6984,0
intento_122413_usb_c_cable,usb_c_cable,0.2374,0
intento_122413_usb_c_cable,usb_c_cable,0.2113,0
intento_122413_usb_c_cable,usb_c_cable,0.7964,0
intento_122413_usb_c_cable,usb_c_cable,0.2283,0
intento_122413_usb_c_cable,usb_c_cable,0.6106,0
intento_122413_usb_c_cable,usb_c_cable,0.5357,0
intento_122413_usb_c_cable,usb_c_cable,0.5729,0
intento_122413_usb_c_cable,usb_c_cable,0.3345,0
intento_122413_usb_c_cable,usb_c_cable,0.597,0
intento_122413_usb_c_cable,usb_c_cable,0.5639,0
intento_122413_usb_c_cable,usb_c_cable,0.7199,0
intento_122413_usb_c_cable,usb_c_cable,0.1418,1
intento_122413_usb_c_cable,usb_c_cable,0.1853,0
intento_122413_usb_c_cable,usb_c_cable,0.2811,0
intento_122413_usb_c_cable,usb_c_cable,0.7199,0
intento_122413_usb_c_cable,usb_c_cable,0.2011,0
intento_122413_usb_c_cable,usb_c_cable,0.2894,0
intento_122413_usb_c_cable,usb_c_cable,0.3533,0
intento_122413_usb_c_cable,usb_c_cable,0.8531,0
intento_122413_usb_c_cable,usb_c_cable,0.1402,1
intento_122413_usb_c_cable,usb_c_cable,0.2947,1
intento_122413_usb_c_cable,usb_c_cable,0.2719,0
intento_122413_usb_c_cable,usb_c_cable,0.5343,1
intento_122413_usb_c_cable,usb_c_cable,0.1691,0
intento_122413_usb_c_cable,usb_c_cable,0.6637,0
intento_122413_usb_c_cable,usb_c_cable,0.3025,0
intento_122413_usb_c_cable,usb_c_cable,0.1853,0
intento_122413_usb_c_cable,usb_c_cable,0.2047,0
intento_122413_usb_c_cable,usb_c_cable,0.159,0
intento_122413_usb_c_cable,usb_c_cable,0.1906,1
intento_122413_usb_c_cable,usb_c_cable,0.0489,0
intento_122413_usb_c_cable,usb_c_cable,0.4766,0
intento_122413_usb_c_cable,usb_c_cable,0.0558,1
intento_122413_usb_c_cable,usb_c_cable,0.1839,0
intento_122413_usb_c_cable,usb_c_cable,0.2635,0
intento_122413_usb_c_cable,usb_c_cable,0.2946,0
intento_122413_usb_c_cable,usb_c_cable,0.397,0
intento_122413_usb_c_cable,usb_c_cable,0.4111,1
intento_122413_usb_c_cable,usb_c_cable,0.1785,0
intento_122413_usb_c_cable,usb_c_cable,0.2276,1
intento_122413_usb_c_cable,usb_c_cable,0.3648,0
intento_122413_usb_c_cable,usb_c_cable,0.1446,0
intento_122413_usb_c_cable,usb_c_cable,0.3482,0
intento_122413_usb_c_cable,usb_c_cable,0.0002,0
intento_122413_usb_c_cable,usb_c_cable,0.5035,0
intento_122413_usb_c_cable,usb_c_cable,0.0003,0
intento_122413_usb_c_cable,usb_c_cable,0.1224,0
intento_122413_usb_c_cable,usb_c_cable,0.6024,0
intento_122413_usb_c_cable,usb_c_cable,0.0017,0
intento_122413_usb_c_cable,usb_c_cable,0.2384,0
intento_122413_usb_c_cable,usb_c_cable,0.1325,0
intento_122413_usb_c_cable,usb_c_cable,0.258,0
intento_122413_usb_c_cable,usb_c_cable,0.3652,0
intento_122413_usb_c_cable,usb_c_cable,0.5375,0
intento_122413_usb_c_cable,usb_c_cable,0.0009,0
intento_122413_usb_c_cable,usb_c_cable,0.2909,0
intento_122413_usb_c_cable,usb_c_cable,0.4136,1
intento_122413_usb_c_cable,usb_c_cable,0.0167,0
intento_122413_usb_c_cable,usb_c_cable,0.3213,0
intento_122413_usb_c_cable,usb_c_cable,0.2928,1
intento_122413_usb_c_cable,usb_c_cable,0.0638,0
intento_122413_usb_c_cable,usb_c_cable,0.3967,0
intento_122413_usb_c_cable,usb_c_cable,0.3416,0
intento_122413_usb_c_cable,usb_c_cable,0.1244,0
intento_122413_usb_c_cable,usb_c_cable,0.2561,0
intento_122413_usb_c_cable,usb_c_cable,0.2312,1
intento_122413_usb_c_cable,usb_c_cable,0.1195,0
intento_122413_usb_c_cable,usb_c_cable,0.0002,0
intento_122413_usb_c_cable,usb_c_cable,0.161,0
intento_122413_usb_c_cable,usb_c_cable,0.1195,0
intento_122413_usb_c_cable,usb_c_cable,0.4204,0
intento_122413_usb_c_cable,usb_c_cable,0.0103,0
intento_122413_usb_c_cable,usb_c_cable,0.2906,0
intento_122413_usb_c_cable,usb_c_cable,0.1629,0
intento_122413_usb_c_cable,usb_c_cable,0.0019,0
intento_122413_usb_c_cable,usb_c_cable,0.0529,1
intento_122413_usb_c_cable,usb_c_cable,0.0843,0
intento_122413_usb_c_cable,usb_c_cable,0.452,0
intento_122413_usb_c_cable,usb_c_cable,0.261,0
intento_122413_usb_c_cable,usb_c_cable,0.0505,0
intento_122413_usb_c_cable,usb_c_cable,0.0023,1
intento_122413_usb_c_cable,usb_c_cable,0.2405,0
intento_122413_usb_c_cable,usb_c_cable,0.0387,0
intento_122413_usb_c_cable,usb_c_cable,0.0246,0
intento_122413_usb_c_cable,usb_c_cable,0.1739,1
intento_122413_usb_c_cable,usb_c_cable,0.004,0
intento_122413_usb_c_cable,usb_c_cable,0.0056,0
intento_122413_usb_c_cable,usb_c_cable,0.0022,0
intento_122413_usb_c_cable,usb_c_cable,0.3841,0
intento_122413_usb_c_cable,usb_c_cable,0.3151,0
intento_122413_usb_c_cable,usb_c_cable,0.3176,0
intento_122413_usb_c_cable,usb_c_cable,0.0007,0
intento_122413_usb_c_cable,usb_c_cable,0.3991,0
intento_122413_usb_c_cable,usb_c_cable,0.0002,0
intento_122413_usb_c_cable,usb_c_cable,0.4613,1
intento_122413_usb_c_cable,usb_c_cable,0.4968,0
intento_122413_usb_c_cable,usb_c_cable,0.0806,1
intento_122413_usb_c_cable,usb_c_cable,0.3446,0
intento_122413_usb_c_cable,usb_c_cable,0.0272,0
intento_122413_usb_c_cable,usb_c_cable,0.4825,0
intento_122413_usb_c_cable,usb_c_cable,0.3728,0
intento_122413_usb_c_cable,usb_c_cable,0.1124,0
intento_122413_usb_c_cable,usb_c_cable,0.375,0
intento_122413_usb_c_cable,usb_c_cable,0.0483,0
intento_122413_usb_c_cable,usb_c_cable,0.0003,1
intento_122413_usb_c_cable,usb_c_cable,0.1188,0
intento_122413_usb_c_cable,usb_c_cable,0.377,0
intento_122413_usb_c_cable,usb_c_cable,0.1692,0
intento_122413_usb_c_cable,usb_c_cable,0.1274,0
intento_122413_usb_c_cable,usb_c_cable,0.2638,0
intento_122413_usb_c_cable,usb_c_cable,0.3635,0
intento_122413_usb_c_cable,usb_c_cable,0.0641,0
intento_122413_usb_c_cable,usb_c_cable,0.3629,1
intento_122413_usb_c_cable,usb_c_cable,0.1049,0
intento_122413_usb_c_cable,usb_c_cable,0.2093,0
intento_122413_usb_c_cable,usb_c_cable,0.5179,0
intento_122413_usb_c_cable,usb_c_cable,0.2928,0
intento_122413_usb_c_cable,usb_c_cable,0.5041,0
intento_122413_usb_c_cable,usb_c_cable,0.4114,0
intento_122413_usb_c_cable,usb_c_cable,0.3887,0
intento_122413_usb_c_cable,usb_c_cable,0.2787,0
intento_122413_usb_c_cable,usb_c_cable,0.7872,0
intento_122413_usb_c_cable,usb_c_cable,0.1874,0
intento_122413_usb_c_cable,usb_c_cable,0.1954,0
intento_122413_usb_c_cable,usb_c_cable,0.2484,1
intento_122413_usb_c_cable,usb_c_cable,0.7804,0
intento_122413_usb_c_cable,usb_c_cable,0.0576,0
intento_122413_usb_c_cable,usb_c_cable,0.3789,0
intento_122413_usb_c_cable,usb_c_cable,0.2657,0
intento_122413_usb_c_cable,usb_c_cable,0.6771,0
intento_122413_usb_c_cable,usb_c_cable,0.3251,0
intento_122413_usb_c_cable,usb_c_cable,0.2064,1
intento_122413_usb_c_cable,usb_c_cable,0.0002,0
intento_122413_usb_c_cable,usb_c_cable,0.2166,0
intento_122413_usb_c_cable,usb_c_cable,0.0237,1
intento_122413_usb_c_cable,usb_c_cable,0.0002,0
intento_122413_usb_c_cable,usb_c_cable,0.253,0
intento_122413_usb_c_cable,usb_c_cable,0.5167,1
intento_122413_usb_c_cable,usb_c_cable,0.1831,0
intento_122413_usb_c_cable,usb_c_cable,0.0134,0
intento_122413_usb_c_cable,usb_c_cable,0.0069,0
intento_122413_usb_c_cable,usb_c_cable,0.2318,0
intento_122413_usb_c_cable,usb_c_cable,0.1691,0
intento_122413_usb_c_cable,usb_c_cable,0.3327,1
intento_122413_usb_c_cable,usb_c_cable,0.1883,0
intento_122413_usb_c_cable,usb_c_cable,0.1825,0
intento_122413_usb_c_cable,usb_c_cable,0.1219,0
intento_122413_usb_c_cable,usb_c_cable,0.2517,0
intento_122413_usb_c_cable,usb_c_cable,0.1364,0
intento_122413_usb_c_cable,usb_c_cable,0.1109,0
intento_122413_usb_c_cable,usb_c_cable,0.3131,0
intento_122413_usb_c_cable,usb_c_cable,0.1569,0
intento_122413_usb_c_cable,usb_c_cable,0.0335,0
intento_122413_usb_c_cable,usb_c_cable,0.2298,0
intento_122413_usb_c_cable,usb_c_cable,0.001,0
intento_122413_usb_c_cable,usb_c_cable,0.1158,0
intento_122413_usb_c_cable,usb_c_cable,0.0973,0
intento_122413_usb_c_cable,usb_c_cable,0.0054,0
intento_122413_usb_c_cable,usb_c_cable,0.1877,0
intento_122413_usb_c_cable,usb_c_cable,0.003,0
intento_122413_usb_c_cable,usb_c_cable,0.0011,0
intento_122413_usb_c_cable,usb_c_cable,0.035,0
intento_122413_usb_c_cable,usb_c_cable,0.6773,0
intento_122413_usb_c_cable,usb_c_cable,0.3358,0
intento_122413_usb_c_cable,usb_c_cable,0.1028,0
intento_122413_usb_c_cable,usb_c_cable,0.5621,0
intento_122413_usb_c_cable,usb_c_cable,0.7711,0
intento_122413_usb_c_cable,usb_c_cable,0.0002,0
intento_122413_usb_c_cable,usb_c_cable,0.2621,0
intento_122413_usb_c_cable,usb_c_cable,0.1337,0
intento_122413_usb_c_cable,usb_c_cable,0.2395,0
intento_122413_usb_c_cable,usb_c_cable,0.0229,0
intento_122413_usb_c_cable,usb_c_cable,0.8477,0
intento_122413_usb_c_cable,usb_c_cable,0.0138,0
intento_122413_usb_c_cable,usb_c_cable,0.0028,0
intento_122413_usb_c_cable,usb_c_cable,0.3463,0
intento_122413_usb_c_cable,usb_c_cable,0.1664,0
intento_122413_usb_c_cable,usb_c_cable,0.3575,0
intento_122413_usb_c_cable,usb_c_cable,0.1422,0
intento_122413_usb_c_cable,usb_c_cable,0.2117,0
intento_122413_usb_c_cable,usb_c_cable,0.0055,0
intento_122413_usb_c_cable,usb_c_cable,0.0005,0
intento_122413_usb_c_cable,usb_c_cable,0.0079,0
intento_125136_black_gloves,black_gloves,0.0086,1
intento_125136_black_gloves,black_gloves,0.0014,0
intento_125136_black_gloves,black_gloves,0.001,1
intento_125136_black_gloves,black_gloves,0.0431,1
intento_125136_black_gloves,black_gloves,0.0126,1
intento_125136_black_gloves,black_gloves,0.0069,1
intento_125136_black_gloves,black_gloves,0.0217,1
intento_125136_black_gloves,black_gloves,0.0057,1
intento_125136_black_gloves,black_gloves,0.0087,1
intento_125136_black_gloves,black_gloves,0.0039,1
intento_125136_black_gloves,black_gloves,0.0022,1
intento_125136_black_gloves,black_gloves,0.0093,0
intento_125136_black_gloves,black_gloves,0.0286,0
intento_125136_black_gloves,black_gloves,0.1525,0
intento_125136_black_gloves,black_gloves,0.0047,1
intento_125136_black_gloves,black_gloves,0.0849,1
intento_125136_black_gloves,black_gloves,0.0036,1
intento_125136_black_gloves,black_gloves,0.0081,1
intento_125136_black_gloves,black_gloves,0.0014,0
intento_125136_black_gloves,black_gloves,0.0221,1
intento_125136_black_gloves,black_gloves,0.0419,1
intento_125136_black_gloves,black_gloves,0.0309,1
intento_125136_black_gloves,black_gloves,0.5247,1
intento_125136_black_gloves,black_gloves,0.0085,1
intento_125136_black_gloves,black_gloves,0.0257,1
intento_125136_black_gloves,black_gloves,0.1843,1
intento_125136_black_gloves,black_gloves,0.0378,0
intento_125136_black_gloves,black_gloves,0.0068,0
intento_125136_black_gloves,black_gloves,0.0274,1
intento_125136_black_gloves,black_gloves,0.049,0
intento_125136_black_gloves,black_gloves,0.023,1
intento_125136_black_gloves,black_gloves,0.0182,1
intento_125136_black_gloves,black_gloves,0.2391,1
intento_125136_black_gloves,black_gloves,0.0614,1
intento_125136_black_gloves,black_gloves,0.0217,1
intento_125136_black_gloves,black_gloves,0.4042,1
intento_125136_black_gloves,black_gloves,0.4289,1
intento_125136_black_gloves,black_gloves,0.0178,1
intento_125136_black_gloves,black_gloves,0.0368,0
intento_125136_black_gloves,black_gloves,0.0879,1
intento_125136_black_gloves,black_gloves,0.0594,1
intento_125136_black_gloves,black_gloves,0.0047,1
intento_125136_black_gloves,black_gloves,0.0047,1
intento_125136_black_gloves,black_gloves,0.0149,1
intento_125136_black_gloves,black_gloves,0.1753,0
intento_125136_black_gloves,black_gloves,0.0164,1
intento_125136_black_gloves,black_gloves,0.0165,1
intento_125136_black_gloves,black_gloves,0.0254,1
intento_125136_black_gloves,black_gloves,0.0435,0
intento_125136_black_gloves,black_gloves,0.3291,0
intento_125136_black_gloves,black_gloves,0.0889,1
intento_125136_black_gloves,black_gloves,0.0701,1
intento_125136_black_gloves,black_gloves,0.1439,0
intento_125136_black_gloves,black_gloves,0.0148,1
intento_125136_black_gloves,black_gloves,0.0142,1
intento_125136_black_gloves,black_gloves,0.0589,1
intento_125136_black_gloves,black_gloves,0.0056,0
intento_125136_black_gloves,black_gloves,0.2052,0
intento_125136_black_gloves,black_gloves,0.0501,0
intento_125136_black_gloves,black_gloves,0.0231,1
intento_125136_black_gloves,black_gloves,0.1335,1
intento_125136_black_gloves,black_gloves,0.1825,0
intento_125136_black_gloves,black_gloves,0.4036,1
intento_125136_black_gloves,black_gloves,0.0836,1
intento_125136_black_gloves,black_gloves,0.0596,1
intento_125136_black_gloves,black_gloves,0.0122,0
intento_125136_black_gloves,black_gloves,0.0326,1
intento_125136_black_gloves,black_gloves,0.0025,1
intento_125136_black_gloves,black_gloves,0.0134,0
intento_125136_black_gloves,black_gloves,0.0368,0
intento_125136_black_gloves,black_gloves,0.0206,0
intento_125136_black_gloves,black_gloves,0.0137,1
intento_125136_black_gloves,black_gloves,0.0428,1
intento_125136_black_gloves,black_gloves,0.7376,1
intento_125136_black_gloves,black_gloves,0.0113,1
intento_125136_black_gloves,black_gloves,0.4054,1
intento_125136_black_gloves,black_gloves,0.0066,0
intento_125136_black_gloves,black_gloves,0.1302,1
intento_125136_black_gloves,black_gloves,0.0178,1
intento_125136_black_gloves,black_gloves,0.0088,0
intento_125136_black_gloves,black_gloves,0.0035,0
intento_125136_black_gloves,black_gloves,0.0519,1
intento_125136_black_gloves,black_gloves,0.0013,1
intento_125136_black_gloves,black_gloves,0.0045,1
intento_125136_black_gloves,black_gloves,0.0075,1
intento_125136_black_gloves,black_gloves,0.0186,0
intento_125136_black_gloves,black_gloves,0.1644,1
intento_125218_black_gloves,black_gloves,0.0719,0
intento_125218_black_gloves,black_gloves,0.0432,0
intento_125218_black_gloves,black_gloves,0.119,1
intento_125218_black_gloves,black_gloves,0.3406,0
intento_125218_black_gloves,black_gloves,0.0787,0
intento_125218_black_gloves,black_gloves,0.5476,0
intento_125218_black_gloves,black_gloves,0.0351,0
intento_125218_black_gloves,black_gloves,0.0204,0
intento_125218_black_gloves,black_gloves,0.0172,0
intento_125218_black_gloves,black_gloves,0.4871,0
intento_125218_black_gloves,black_gloves,0.0543,0
intento_125218_black_gloves,black_gloves,0.0498,0
intento_125218_black_gloves,black_gloves,0.0079,0
intento_125218_black_gloves,black_gloves,0.0639,0
intento_125218_black_gloves,black_gloves,0.1169,0
intento_125218_black_gloves,black_gloves,0.2341,1
intento_125218_black_gloves,black_gloves,0.0601,0
intento_125218_black_gloves,black_gloves,0.0134,0
intento_125218_black_gloves,black_gloves,0.008,0
intento_125218_black_gloves,black_gloves,0.0596,0
intento_125218_black_gloves,black_gloves,0.5165,0
intento_125218_black_gloves,black_gloves,0.0383,0
intento_125218_black_gloves,black_gloves,0.011,0
intento_125218_black_gloves,black_gloves,0.025,0
intento_125218_black_gloves,black_gloves,0.2554,0
intento_125218_black_gloves,black_gloves,0.0918,0
intento_125218_black_gloves,black_gloves,0.0677,0
intento_125218_black_gloves,black_gloves,0.03,0
intento_125218_black_gloves,black_gloves,0.0774,0
intento_125218_black_gloves,black_gloves,0.0234,0
intento_125218_black_gloves,black_gloves,0.019,0
intento_125218_black_gloves,black_gloves,0.0265,1
intento_125218_black_gloves,black_gloves,0.146,0
intento_125218_black_gloves,black_gloves,0.0394,0
intento_125218_black_gloves,black_gloves,0.0181,0
intento_125218_black_gloves,black_gloves,0.0091,0
intento_125218_black_gloves,black_gloves,0.1344,0
intento_125218_black_gloves,black_gloves,0.0163,0
intento_125218_black_gloves,black_gloves,0.0682,0
intento_125218_black_gloves,black_gloves,0.003,0
intento_125218_black_gloves,black_gloves,0.1752,0
intento_125218_black_gloves,black_gloves,0.002,0
intento_125218_black_gloves,black_gloves,0.3881,0
intento_125218_black_gloves,black_gloves,0.0222,0
intento_125218_black_gloves,black_gloves,0.1712,0
intento_125218_black_gloves,black_gloves,0.0209,0
intento_125218_black_gloves,black_gloves,0.0111,0
intento_125218_black_gloves,black_gloves,0.218,0
intento_125218_black_gloves,black_gloves,0.0216,1
intento_125218_black_gloves,black_gloves,0.2218,0
intento_125218_black_gloves,black_gloves,0.1201,0
intento_125218_black_gloves,black_gloves,0.0054,0
intento_125218_black_gloves,black_gloves,0.2988,0
intento_125218_black_gloves,black_gloves,0.2128,0
intento_125218_black_gloves,black_gloves,0.0204,0
intento_125218_black_gloves,black_gloves,0.1004,0
intento_125218_black_gloves,black_gloves,0.0051,0
intento_125218_black_gloves,black_gloves,0.0106,0
intento_125218_black_gloves,black_gloves,0.1143,0
intento_125218_black_gloves,black_gloves,0.0449,1
intento_125218_black_gloves,black_gloves,0.0987,0
intento_125218_black_gloves,black_gloves,0.0343,0
intento_125218_black_gloves,black_gloves,0.0311,1
intento_125218_black_gloves,black_gloves,0.0061,0
intento_125218_black_gloves,black_gloves,0.016,0
intento_125218_black_gloves,black_gloves,0.0239,0
intento_125218_black_gloves,black_gloves,0.0203,0
intento_125218_black_gloves,black_gloves,0.0302,1
intento_125218_black_gloves,black_gloves,0.0067,0
intento_125218_black_gloves,black_gloves,0.1174,0
intento_125218_black_gloves,black_gloves,0.053,0
intento_125218_black_gloves,black_gloves,0.0102,0
intento_125218_black_gloves,black_gloves,0.0112,0
intento_125218_black_gloves,black_gloves,0.0442,0
intento_125218_black_gloves,black_gloves,0.2088,0
intento_125218_black_gloves,black_gloves,0.1232,1
intento_125218_black_gloves,black_gloves,0.063,1
intento_125218_black_gloves,black_gloves,0.0677,0
intento_125218_black_gloves,black_gloves,0.2108,0
intento_125218_black_gloves,black_gloves,0.0554,0
intento_125218_black_gloves,black_gloves,0.0616,0
intento_125218_black_gloves,black_gloves,0.0157,0
intento_125218_black_gloves,black_gloves,0.0103,0
intento_125218_black_gloves,black_gloves,0.041,0
intento_125218_black_gloves,black_gloves,0.2387,0
intento_125218_black_gloves,black_gloves,0.0233,1
intento_125218_black_gloves,black_gloves,0.0025,0
intento_125218_black_gloves,black_gloves,0.0652,0
intento_125218_black_gloves,black_gloves,0.023,0
intento_125218_black_gloves,black_gloves,0.0359,0
intento_125218_black_gloves,black_gloves,0.0795,0
intento_125218_black_gloves,black_gloves,0.2189,0
intento_125218_black_gloves,black_gloves,0.0016,0
intento_125218_black_gloves,black_gloves,0.0077,0
intento_125218_black_gloves,black_gloves,0.0025,0
intento_125218_black_gloves,black_gloves,0.1223,0
intento_125218_black_gloves,black_gloves,0.0352,0
intento_125218_black_gloves,black_gloves,0.0349,0
intento_125218_black_gloves,black_gloves,0.0387,0
intento_125218_black_gloves,black_gloves,0.0347,0
intento_125218_black_gloves,black_gloves,0.0229,0
intento_125218_black_gloves,black_gloves,0.0181,0
intento_125218_black_gloves,black_gloves,0.0702,0
intento_125218_black_gloves,black_gloves,0.0027,0
intento_125218_black_gloves,black_gloves,0.0255,0
intento_125218_black_gloves,black_gloves,0.0679,0
intento_125218_black_gloves,black_gloves,0.0107,0
intento_125218_black_gloves,black_gloves,0.004,0
intento_125218_black_gloves,black_gloves,0.0011,0
intento_125218_black_gloves,black_gloves,0.0212,0
intento_125218_black_gloves,black_gloves,0.0162,0
intento_125218_black_gloves,black_gloves,0.0414,0
intento_125218_black_gloves,black_gloves,0.0469,0
intento_125218_black_gloves,black_gloves,0.0237,0
intento_125218_black_gloves,black_gloves,0.0302,0
intento_125218_black_gloves,black_gloves,0.0038,0
intento_125218_black_gloves,black_gloves,0.0029,0
intento_125218_black_gloves,black_gloves,0.0194,0
intento_125218_black_gloves,black_gloves,0.0272,1
intento_125218_black_gloves,black_gloves,0.0239,0
intento_125218_black_gloves,black_gloves,0.0091,0
intento_125218_black_gloves,black_gloves,0.0667,0
intento_125218_black_gloves,black_gloves,0.0973,1
intento_125218_black_gloves,black_gloves,0.069,0
intento_125218_black_gloves,black_gloves,0.0307,0
intento_125218_black_gloves,black_gloves,0.1419,1
intento_125218_black_gloves,black_gloves,0.0162,1
intento_125218_black_gloves,black_gloves,0.0205,0
intento_125218_black_gloves,black_gloves,0.0457,0
intento_125218_black_gloves,black_gloves,0.0566,0
intento_125218_black_gloves,black_gloves,0.1698,0
intento_125218_black_gloves,black_gloves,0.0499,0
intento_125218_black_gloves,black_gloves,0.0144,0
intento_125218_black_gloves,black_gloves,0.0632,0
intento_125218_black_gloves,black_gloves,0.0593,0
intento_125218_black_gloves,black_gloves,0.0273,0
intento_125253_usb_c_cable,usb_c_cable,0.1297,0
intento_125253_usb_c_cable,usb_c_cable,0.2698,0
intento_125253_usb_c_cable,usb_c_cable,0.3995,1
intento_125253_usb_c_cable,usb_c_cable,0.0232,1
intento_125253_usb_c_cable,usb_c_cable,0.6119,0
intento_125253_usb_c_cable,usb_c_cable,0.1956,0
intento_125253_usb_c_cable,usb_c_cable,0.3687,0
intento_125253_usb_c_cable,usb_c_cable,0.0805,0
intento_125253_usb_c_cable,usb_c_cable,0.634,0
intento_125253_usb_c_cable,usb_c_cable,0.331,0
intento_125253_usb_c_cable,usb_c_cable,0.0507,0
intento_125253_usb_c_cable,usb_c_cable,0.1533,0
intento_125253_usb_c_cable,usb_c_cable,0.1936,0
intento_125253_usb_c_cable,usb_c_cable,0.0639,0
intento_125253_usb_c_cable,usb_c_cable,0.1495,0
intento_125253_usb_c_cable,usb_c_cable,0.3047,0
intento_125253_usb_c_cable,usb_c_cable,0.4058,0
intento_125253_usb_c_cable,usb_c_cable,0.1936,0
intento_125253_usb_c_cable,usb_c_cable,0.4719,1
intento_125253_usb_c_cable,usb_c_cable,0.404,0
intento_125253_usb_c_cable,usb_c_cable,0.4167,0
intento_125253_usb_c_cable,usb_c_cable,0.5102,1
intento_125253_usb_c_cable,usb_c_cable,0.131,1
intento_125253_usb_c_cable,usb_c_cable,0.1434,1
intento_125253_usb_c_cable,usb_c_cable,0.285,0
intento_125253_usb_c_cable,usb_c_cable,0.3476,0
intento_125253_usb_c_cable,usb_c_cable,0.4134,0
intento_125253_usb_c_cable,usb_c_cable,0.2573,1
intento_125253_usb_c_cable,usb_c_cable,0.2545,0
intento_125253_usb_c_cable,usb_c_cable,0.6759,0
intento_125253_usb_c_cable,usb_c_cable,0.1484,0
intento_125253_usb_c_cable,usb_c_cable,0.6805,0
intento_125253_usb_c_cable,usb_c_cable,0.1891,1
intento_125253_usb_c_cable,usb_c_cable,0.8001,0
intento_125253_usb_c_cable,usb_c_cable,0.6897,0
intento_125253_usb_c_cable,usb_c_cable,0.1209,1
intento_125253_usb_c_cable,usb_c_cable,0.4374,0
intento_125253_usb_c_cable,usb_c_cable,0.3603,0
intento_125253_usb_c_cable,usb_c_cable,0.1438,0
intento_125253_usb_c_cable,usb_c_cable,0.0954,0
intento_125253_usb_c_cable,usb_c_cable,0.4731,0
intento_125253_usb_c_cable,usb_c_cable,0.4571,0
intento_125253_usb_c_cable,usb_c_cable,0.0508,0
intento_125253_usb_c_cable,usb_c_cable,0.3969,0
intento_125253_usb_c_cable,usb_c_cable,0.1324,0
intento_125253_usb_c_cable,usb_c_cable,0.067,0
intento_125253_usb_c_cable,usb_c_cable,0.6219,0
intento_125253_usb_c_cable,usb_c_cable,0.6637,1
intento_125253_usb_c_cable,usb_c_cable,0.5874,0
intento_125253_usb_c_cable,usb_c_cable,0.2385,0
intento_125253_usb_c_cable,usb_c_cable,0.0961,0
intento_125253_usb_c_cable,usb_c_cable,0.0428,0
intento_125253_usb_c_cable,usb_c_cable,0.3608,0
intento_125253_usb_c_cable,usb_c_cable,0.8056,0
intento_125253_usb_c_cable,usb_c_cable,0.1024,0
intento_125253_usb_c_cable,usb_c_cable,0.3258,0
intento_125253_usb_c_cable,usb_c_cable,0.049,0
intento_125253_usb_c_cable,usb_c_cable,0.3304,0
intento_125253_usb_c_cable,usb_c_cable,0.3817,0
intento_125253_usb_c_cable,usb_c_cable,0.307,0
intento_125253_usb_c_cable,usb_c_cable,0.086,0
intento_125253_usb_c_cable,usb_c_cable,0.2135,0
intento_125253_usb_c_cable,usb_c_cable,0.1176,0
intento_125253_usb_c_cable,usb_c_cable,0.4893,0
intento_125253_usb_c_cable,usb_c_cable,0.4343,0
intento_125253_usb_c_cable,usb_c_cable,0.4753,0
intento_125253_usb_c_cable,usb_c_cable,0.1982,0
intento_125253_usb_c_cable,usb_c_cable,0.1294,0
intento_125253_usb_c_cable,usb_c_cable,0.308,0
intento_125253_usb_c_cable,usb_c_cable,0.1398,1
intento_125253_usb_c_cable,usb_c_cable,0.0002,0
intento_125253_usb_c_cable,usb_c_cable,0.2345,0
intento_125253_usb_c_cable,usb_c_cable,0.2308,0
intento_125253_usb_c_cable,usb_c_cable,0.372,0
intento_125253_usb_c_cable,usb_c_cable,0.2448,0
intento_125253_usb_c_cable,usb_c_cable,0.1973,0
intento_125253_usb_c_cable,usb_c_cable,0.5684,0
intento_125253_usb_c_cable,usb_c_cable,0.0882,0
intento_125253_usb_c_cable,usb_c_cable,0.1341,0
intento_125253_usb_c_cable,usb_c_cable,0.7093,0
intento_125253_usb_c_cable,usb_c_cable,0.3419,0
intento_125253_usb_c_cable,usb_c_cable,0.1819,0
intento_125253_usb_c_cable,usb_c_cable,0.3311,0
intento_125253_usb_c_cable,usb_c_cable,0.1353,0
intento_125253_usb_c_cable,usb_c_cable,0.2659,0
intento_125253_usb_c_cable,usb_c_cable,0.7863,0
intento_125253_usb_c_cable,usb_c_cable,0.1113,0
intento_125253_usb_c_cable,usb_c_cable,0.0609,0
intento_125253_usb_c_cable,usb_c_cable,0.3037,0
intento_125253_usb_c_cable,usb_c_cable,0.3843,0
intento_125253_usb_c_cable,usb_c_cable,0.3678,1
intento_125253_usb_c_cable,usb_c_cable,0.1536,1
intento_125253_usb_c_cable,usb_c_cable,0.1692,0
intento_125253_usb_c_cable,usb_c_cable,0.3592,0
intento_125253_usb_c_cable,usb_c_cable,0.4834,0
intento_125253_usb_c_cable,usb_c_cable,0.2629,0
intento_125253_usb_c_cable,usb_c_cable,0.3606,0
intento_125253_usb_c_cable,usb_c_cable,0.0167,0
intento_125253_usb_c_cable,usb_c_cable,0.2305,0
intento_125253_usb_c_cable,usb_c_cable,0.3939,0
intento_125253_usb_c_cable,usb_c_cable,0.1688,0
intento_125253_usb_c_cable,usb_c_cable,0.4175,1
intento_125253_usb_c_cable,usb_c_cable,0.1207,0
intento_125253_usb_c_cable,usb_c_cable,0.3027,0
intento_125253_usb_c_cable,usb_c_cable,0.3665,1
intento_125253_usb_c_cable,usb_c_cable,0.0889,0
intento_125253_usb_c_cable,usb_c_cable,0.371,0
intento_125253_usb_c_cable,usb_c_cable,0.1711,0
intento_125253_usb_c_cable,usb_c_cable,0.677,0
intento_125253_usb_c_cable,usb_c_cable,0.2601,0
intento_125253_usb_c_cable,usb_c_cable,0.0226,0
intento_125253_usb_c_cable,usb_c_cable,0.4152,0
intento_125253_usb_c_cable,usb_c_cable,0.3789,0
intento_125253_usb_c_cable,usb_c_cable,0.1116,1
intento_125253_usb_c_cable,usb_c_cable,0.3777,0
intento_125253_usb_c_cable,usb_c_cable,0.1829,0
intento_125253_usb_c_cable,usb_c_cable,0.507,0
intento_125253_usb_c_cable,usb_c_cable,0.343,0
intento_125253_usb_c_cable,usb_c_cable,0.432,1
intento_125253_usb_c_cable,usb_c_cable,0.4537,0
intento_125253_usb_c_cable,usb_c_cable,0.3322,0
intento_125253_usb_c_cable,usb_c_cable,0.0011,1
intento_125253_usb_c_cable,usb_c_cable,0.0309,0
intento_125253_usb_c_cable,usb_c_cable,0.3373,0
intento_125253_usb_c_cable,usb_c_cable,0.289,1
intento_125253_usb_c_cable,usb_c_cable,0.0003,1
intento_125253_usb_c_cable,usb_c_cable,0.5332,0
intento_125253_usb_c_cable,usb_c_cable,0.5619,0
intento_125253_usb_c_cable,usb_c_cable,0.2968,0
intento_125253_usb_c_cable,usb_c_cable,0.2965,0
intento_125253_usb_c_cable,usb_c_cable,0.2395,0
intento_125253_usb_c_cable,usb_c_cable,0.5825,0
intento_125253_usb_c_cable,usb_c_cable,0.2549,0
intento_125253_usb_c_cable,usb_c_cable,0.4144,1
intento_125253_usb_c_cable,usb_c_cable,0.3822,1
intento_125253_usb_c_cable,usb_c_cable,0.2614,1
intento_125253_usb_c_cable,usb_c_cable,0.2858,0
intento_125253_usb_c_cable,usb_c_cable,0.0004,0
intento_125253_usb_c_cable,usb_c_cable,0.3546,0
intento_125253_usb_c_cable,usb_c_cable,0.0038,1
intento_125253_usb_c_cable,usb_c_cable,0.2159,0
intento_125253_usb_c_cable,usb_c_cable,0.7131,0
intento_125253_usb_c_cable,usb_c_cable,0.4173,0
intento_125253_usb_c_cable,usb_c_cable,0.4801,0
intento_125253_usb_c_cable,usb_c_cable,0.096,0
intento_125253_usb_c_cable,usb_c_cable,0.1944,0
intento_125253_usb_c_cable,usb_c_cable,0.2412,0
intento_125253_usb_c_cable,usb_c_cable,0.1168,0
intento_125253_usb_c_cable,usb_c_cable,0.1657,0
intento_125253_usb_c_cable,usb_c_cable,0.3823,0
intento_125253_usb_c_cable,usb_c_cable,0.1623,0
intento_125253_usb_c_cable,usb_c_cable,0.2964,0
intento_125253_usb_c_cable,usb_c_cable,0.6787,0
intento_125253_usb_c_cable,usb_c_cable,0.4251,0
intento_125253_usb_c_cable,usb_c_cable,0.373,0
intento_125253_usb_c_cable,usb_c_cable,0.4764,0
intento_125253_usb_c_cable,usb_c_cable,0.3458,0
intento_125253_usb_c_cable,usb_c_cable,0.2341,0
intento_125253_usb_c_cable,usb_c_cable,0.4352,0
intento_125253_usb_c_cable,usb_c_cable,0.021,0
intento_125253_usb_c_cable,usb_c_cable,0.2509,0
intento_125253_usb_c_cable,usb_c_cable,0.2999,0
intento_125253_usb_c_cable,usb_c_cable,0.0663,0
intento_125253_usb_c_cable,usb_c_cable,0.219,0
intento_125253_usb_c_cable,usb_c_cable,0.1158,1
intento_125253_usb_c_cable,usb_c_cable,0.3179,0
intento_125253_usb_c_cable,usb_c_cable,0.094,0
intento_125253_usb_c_cable,usb_c_cable,0.3068,0
intento_125253_usb_c_cable,usb_c_cable,0.1257,0
intento_125253_usb_c_cable,usb_c_cable,0.2119,1
intento_125253_usb_c_cable,usb_c_cable,0.3584,0
intento_125253_usb_c_cable,usb_c_cable,0.2081,1
intento_125253_usb_c_cable,usb_c_cable,0.5207,0
intento_125253_usb_c_cable,usb_c_cable,0.0412,0
intento_125253_usb_c_cable,usb_c_cable,0.3156,0
intento_125956_black_gloves,black_gloves,0.0196,0
intento_125956_black_gloves,black_gloves,0.3674,0
intento_125956_black_gloves,black_gloves,0.4491,0
intento_125956_black_gloves,black_gloves,0.0014,0
intento_125956_black_gloves,black_gloves,0.0057,0
intento_125956_black_gloves,black_gloves,0.0002,0
intento_125956_black_gloves,black_gloves,0.2046,0
intento_125956_black_gloves,black_gloves,0.0183,0
intento_125956_black_gloves,black_gloves,0.0344,0
intento_125956_black_gloves,black_gloves,0.0132,0
intento_125956_black_gloves,black_gloves,0.0815,0
intento_125956_black_gloves,black_gloves,0.0113,0
intento_125956_black_gloves,black_gloves,0.0136,0
intento_125956_black_gloves,black_gloves,0.0074,0
intento_125956_black_gloves,black_gloves,0.0259,0
intento_125956_black_gloves,black_gloves,0.005,0
intento_125956_black_gloves,black_gloves,0.0299,0
intento_125956_black_gloves,black_gloves,0.0198,0
intento_125956_black_gloves,black_gloves,0.0041,0
intento_125956_black_gloves,black_gloves,0.6747,0
intento_125956_black_gloves,black_gloves,0.008,0
intento_125956_black_gloves,black_gloves,0.0112,0
intento_125956_black_gloves,black_gloves,0.0132,0
intento_125956_black_gloves,black_gloves,0.0145,0
intento_125956_black_gloves,black_gloves,0.0391,0
intento_125956_black_gloves,black_gloves,0.0648,0
intento_125956_black_gloves,black_gloves,0.0428,0
intento_125956_black_gloves,black_gloves,0.0354,0
intento_125956_black_gloves,black_gloves,0.0346,0
intento_125956_black_gloves,black_gloves,0.0297,0
intento_125956_black_gloves,black_gloves,0.0042,0
intento_125956_black_gloves,black_gloves,0.0356,0
intento_125956_black_gloves,black_gloves,0.0549,0
intento_125956_black_gloves,black_gloves,0.0928,0
intento_125956_black_gloves,black_gloves,0.0346,0
intento_125956_black_gloves,black_gloves,0.0216,0
intento_125956_black_gloves,black_gloves,0.2996,0
intento_125956_black_gloves,black_gloves,0.0026,0
intento_125956_black_gloves,black_gloves,0.1901,0
intento_125956_black_gloves,black_gloves,0.4853,0
intento_125956_black_gloves,black_gloves,0.4232,0
intento_125956_black_gloves,black_gloves,0.0021,0
intento_125956_black_gloves,black_gloves,0.0472,0
intento_125956_black_gloves,black_gloves,0.0928,0
intento_125956_black_gloves,black_gloves,0.0697,0
intento_125956_black_gloves,black_gloves,0.0801,0
intento_125956_black_gloves,black_gloves,0.5497,0
intento_125956_black_gloves,black_gloves,0.2763,0
intento_125956_black_gloves,black_gloves,0.2375,0
intento_125956_black_gloves,black_gloves,0.0091,0
intento_125956_black_gloves,black_gloves,0.013,0
intento_125956_black_gloves,black_gloves,0.0362,0
intento_125956_black_gloves,black_gloves,0.0296,0
intento_125956_black_gloves,black_gloves,0.2197,0
intento_125956_black_gloves,black_gloves,0.0678,0
intento_125956_black_gloves,black_gloves,0.0236,0
intento_125956_black_gloves,black_gloves,0.0123,0
intento_125956_black_gloves,black_gloves,0.0516,0
intento_125956_black_gloves,black_gloves,0.1388,0
intento_125956_black_gloves,black_gloves,0.0335,0
intento_125956_black_gloves,black_gloves,0.0602,0
intento_125956_black_gloves,black_gloves,0.0154,0
intento_125956_black_gloves,black_gloves,0.0081,0
intento_125956_black_gloves,black_gloves,0.2955,0
intento_125956_black_gloves,black_gloves,0.033,0
intento_125956_black_gloves,black_gloves,0.0254,0
intento_125956_black_gloves,black_gloves,0.0318,0
intento_125956_black_gloves,black_gloves,0.036,0
intento_125956_black_gloves,black_gloves,0.3025,0
intento_125956_black_gloves,black_gloves,0.0049,0
intento_125956_black_gloves,black_gloves,0.0074,0
intento_125956_black_gloves,black_gloves,0.0571,0
intento_125956_black_gloves,black_gloves,0.0246,0
intento_125956_black_gloves,black_gloves,0.0434,0
intento_125956_black_gloves,black_gloves,0.021,0
intento_125956_black_gloves,black_gloves,0.0141,0
intento_125956_black_gloves,black_gloves,0.1067,0
intento_125956_black_gloves,black_gloves,0.0074,0
intento_125956_black_gloves,black_gloves,0.2855,0
intento_125956_black_gloves,black_gloves,0.0123,0
intento_125956_black_gloves,black_gloves,0.0006,0
intento_125956_black_gloves,black_gloves,0.1098,0
intento_125956_black_gloves,black_gloves,0.1092,0
intento_125956_black_gloves,black_gloves,0.0177,1
intento_125956_black_gloves,black_gloves,0.2609,0
intento_125956_black_gloves,black_gloves,0.0851,0
intento_125956_black_gloves,black_gloves,0.065,0
intento_125956_black_gloves,black_gloves,0.0095,0
intento_125956_black_gloves,black_gloves,0.0611,0
intento_125956_black_gloves,black_gloves,0.2073,0
intento_125956_black_gloves,black_gloves,0.0124,0
intento_125956_black_gloves,black_gloves,0.026,0
intento_125956_black_gloves,black_gloves,0.1695,0
intento_125956_black_gloves,black_gloves,0.098,0
intento_125956_black_gloves,black_gloves,0.0488,0
intento_125956_black_gloves,black_gloves,0.006,0
intento_125956_black_gloves,black_gloves,0.0509,0
intento_125956_black_gloves,black_gloves,0.2146,0
intento_125956_black_gloves,black_gloves,0.0021,0
intento_125956_black_gloves,black_gloves,0.0651,0
intento_125956_black_gloves,black_gloves,0.0226,0
intento_130030_usb_c_cable,usb_c_cable,0.3774,0
intento_130030_usb_c_cable,usb_c_cable,0.2633,1
intento_130030_usb_c_cable,usb_c_cable,0.7336,0
intento_130030_usb_c_cable,usb_c_cable,0.0039,0
intento_130030_usb_c_cable,usb_c_cable,0.2624,0
intento_130030_usb_c_cable,usb_c_cable,0.2939,0
intento_130030_usb_c_cable,usb_c_cable,0.0841,1
intento_130030_usb_c_cable,usb_c_cable,0.6579,0
intento_130030_usb_c_cable,usb_c_cable,0.2227,1
intento_130030_usb_c_cable,usb_c_cable,0.2172,0
intento_130030_usb_c_cable,usb_c_cable,0.1969,1
intento_130030_usb_c_cable,usb_c_cable,0.4956,0
intento_130030_usb_c_cable,usb_c_cable,0.0125,0
intento_130030_usb_c_cable,usb_c_cable,0.4571,0
intento_130030_usb_c_cable,usb_c_cable,0.6822,0
intento_130030_usb_c_cable,usb_c_cable,0.5628,0
intento_130030_usb_c_cable,usb_c_cable,0.115,0
intento_130030_usb_c_cable,usb_c_cable,0.7002,0
intento_130030_usb_c_cable,usb_c_cable,0.2354,1
intento_130030_usb_c_cable,usb_c_cable,0.5442,1
intento_130030_usb_c_cable,usb_c_cable,0.0138,1
intento_130030_usb_c_cable,usb_c_cable,0.4232,0
intento_130030_usb_c_cable,usb_c_cable,0.5411,0
intento_130030_usb_c_cable,usb_c_cable,0.7597,0
intento_130030_usb_c_cable,usb_c_cable,0.6139,0
intento_130030_usb_c_cable,usb_c_cable,0.2274,0
intento_130030_usb_c_cable,usb_c_cable,0.4132,0
intento_130030_usb_c_cable,usb_c_cable,0.3589,0
intento_130030_usb_c_cable,usb_c_cable,0.1508,0
intento_130030_usb_c_cable,usb_c_cable,0.7887,0
intento_130030_usb_c_cable,usb_c_cable,0.2618,0
intento_130030_usb_c_cable,usb_c_cable,0.0857,0
intento_130030_usb_c_cable,usb_c_cable,0.5062,0
intento_130030_usb_c_cable,usb_c_cable,0.4951,1
intento_130030_usb_c_cable,usb_c_cable,0.0934,0
intento_130030_usb_c_cable,usb_c_cable,0.652,0
intento_130030_usb_c_cable,usb_c_cable,0.4383,0
intento_130030_usb_c_cable,usb_c_cable,0.7163,1
intento_130030_usb_c_cable,usb_c_cable,0.1828,0
intento_130030_usb_c_cable,usb_c_cable,0.3222,1
intento_130030_usb_c_cable,usb_c_cable,0.627,0
intento_130030_usb_c_cable,usb_c_cable,0.2897,0
intento_130030_usb_c_cable,usb_c_cable,0.1797,0
intento_130030_usb_c_cable,usb_c_cable,0.726,0
intento_130030_usb_c_cable,usb_c_cable,0.5991,0
intento_130030_usb_c_cable,usb_c_cable,0.2673,0
intento_130030_usb_c_cable,usb_c_cable,0.5148,0
intento_130030_usb_c_cable,usb_c_cable,0.1756,1
intento_130030_usb_c_cable,usb_c_cable,0.1134,1
intento_130030_usb_c_cable,usb_c_cable,0.3727,0
intento_130030_usb_c_cable,usb_c_cable,0.3426,1
intento_130030_usb_c_cable,usb_c_cable,0.083,1
intento_130030_usb_c_cable,usb_c_cable,0.1566,0
intento_130030_usb_c_cable,usb_c_cable,0.1548,1
intento_130030_usb_c_cable,usb_c_cable,0.0101,0
intento_130030_usb_c_cable,usb_c_cable,0.5039,0
intento_130030_usb_c_cable,usb_c_cable,0.4581,0
intento_130030_usb_c_cable,usb_c_cable,0.5336,0
intento_130030_usb_c_cable,usb_c_cable,0.2441,1
intento_130030_usb_c_cable,usb_c_cable,0.1657,0
intento_130030_usb_c_cable,usb_c_cable,0.3775,0
intento_130030_usb_c_cable,usb_c_cable,0.4898,0
intento_130030_usb_c_cable,usb_c_cable,0.4522,0
intento_130030_usb_c_cable,usb_c_cable,0.3036,1
intento_130030_usb_c_cable,usb_c_cable,0.3876,0
intento_130030_usb_c_cable,usb_c_cable,0.1582,0
intento_130030_usb_c_cable,usb_c_cable,0.3784,0
intento_130030_usb_c_cable,usb_c_cable,0.0984,0
intento_130030_usb_c_cable,usb_c_cable,0.2649,0
intento_130030_usb_c_cable,usb_c_cable,0.3879,0
intento_130030_usb_c_cable,usb_c_cable,0.0778,1
intento_130030_usb_c_cable,usb_c_cable,0.2433,0
intento_130030_usb_c_cable,usb_c_cable,0.0363,1
intento_130030_usb_c_cable,usb_c_cable,0.315,0
intento_130030_usb_c_cable,usb_c_cable,0.0896,0
intento_130030_usb_c_cable,usb_c_cable,0.5064,1
intento_130030_usb_c_cable,usb_c_cable,0.0396,0
intento_130030_usb_c_cable,usb_c_cable,0.3021,0
intento_130030_usb_c_cable,usb_c_cable,0.1575,0
intento_130030_usb_c_cable,usb_c_cable,0.4605,1
intento_130030_usb_c_cable,usb_c_cable,0.306,0
intento_130030_usb_c_cable,usb_c_cable,0.5959,0
intento_130030_usb_c_cable,usb_c_cable,0.0529,0
intento_130030_usb_c_cable,usb_c_cable,0.0093,1
intento_130030_usb_c_cable,usb_c_cable,0.3886,0
intento_130030_usb_c_cable,usb_c_cable,0.3282,0
intento_130030_usb_c_cable,usb_c_cable,0.7293,0
intento_130030_usb_c_cable,usb_c_cable,0.2393,0
intento_130030_usb_c_cable,usb_c_cable,0.3056,0
intento_130030_usb_c_cable,usb_c_cable,0.0634,0
intento_130030_usb_c_cable,usb_c_cable,0.4379,0
intento_130030_usb_c_cable,usb_c_cable,0.4003,0
intento_130030_usb_c_cable,usb_c_cable,0.4312,1
intento_130030_usb_c_cable,usb_c_cable,0.1526,0
intento_130030_usb_c_cable,usb_c_cable,0.3959,0
intento_130030_usb_c_cable,usb_c_cable,0.4505,1
intento_130030_usb_c_cable,usb_c_cable,0.1771,0
intento_130030_usb_c_cable,usb_c_cable,0.3593,1
intento_130030_usb_c_cable,usb_c_cable,0.0554,0
intento_130030_usb_c_cable,usb_c_cable,0.3562,1
intento_130030_usb_c_cable,usb_c_cable,0.2353,0
intento_130030_usb_c_cable,usb_c_cable,0.4789,0
intento_130030_usb_c_cable,usb_c_cable,0.4401,0
intento_130030_usb_c_cable,usb_c_cable,0.3693,0
intento_130030_usb_c_cable,usb_c_cable,0.4417,0
intento_130030_usb_c_cable,usb_c_cable,0.3326,0
intento_130030_usb_c_cable,usb_c_cable,0.528,0
intento_130030_usb_c_cable,usb_c_cable,0.2511,0
intento_130030_usb_c_cable,usb_c_cable,0.1619,0
intento_130030_usb_c_cable,usb_c_cable,0.385,0
intento_130030_usb_c_cable,usb_c_cable,0.3119,0
intento_130030_usb_c_cable,usb_c_cable,0.0069,0
intento_130030_usb_c_cable,usb_c_cable,0.0353,0
intento_130030_usb_c_cable,usb_c_cable,0.383,1
intento_130030_usb_c_cable,usb_c_cable,0.4086,0
intento_130030_usb_c_cable,usb_c_cable,0.0003,0
intento_130030_usb_c_cable,usb_c_cable,0.0003,0
intento_130030_usb_c_cable,usb_c_cable,0.2693,0
intento_130030_usb_c_cable,usb_c_cable,0.0141,0
intento_130030_usb_c_cable,usb_c_cable,0.1867,1
intento_130030_usb_c_cable,usb_c_cable,0.4266,1
intento_130030_usb_c_cable,usb_c_cable,0.1376,0
intento_130030_usb_c_cable,usb_c_cable,0.431,1
intento_130030_usb_c_cable,usb_c_cable,0.4184,0
intento_130030_usb_c_cable,usb_c_cable,0.8442,0
intento_130030_usb_c_cable,usb_c_cable,0.0558,0
intento_130030_usb_c_cable,usb_c_cable,0.0025,0
intento_130030_usb_c_cable,usb_c_cable,0.0016,0
intento_130030_usb_c_cable,usb_c_cable,0.4203,1
intento_130030_usb_c_cable,usb_c_cable,0.3997,0
intento_130030_usb_c_cable,usb_c_cable,0.0003,0
intento_130030_usb_c_cable,usb_c_cable,0.0007,0
intento_130030_usb_c_cable,usb_c_cable,0.018,0
intento_130030_usb_c_cable,usb_c_cable,0.0076,1
intento_130030_usb_c_cable,usb_c_cable,0.1852,0
intento_130030_usb_c_cable,usb_c_cable,0.1388,0
intento_130030_usb_c_cable,usb_c_cable,0.4351,1
intento_130030_usb_c_cable,usb_c_cable,0.1314,0
intento_130030_usb_c_cable,usb_c_cable,0.2112,0
intento_130030_usb_c_cable,usb_c_cable,0.0004,0
intento_130030_usb_c_cable,usb_c_cable,0.3498,0
intento_130030_usb_c_cable,usb_c_cable,0.0511,0
intento_130030_usb_c_cable,usb_c_cable,0.0492,0
intento_130030_usb_c_cable,usb_c_cable,0.0269,0
intento_130030_usb_c_cable,usb_c_cable,0.3185,0
intento_130030_usb_c_cable,usb_c_cable,0.4831,1
intento_130030_usb_c_cable,usb_c_cable,0.1554,0
intento_130030_usb_c_cable,usb_c_cable,0.1035,0
intento_130030_usb_c_cable,usb_c_cable,0.0034,0
intento_130030_usb_c_cable,usb_c_cable,0.0306,0
intento_130030_usb_c_cable,usb_c_cable,0.4744,0
intento_130030_usb_c_cable,usb_c_cable,0.1334,0
intento_130030_usb_c_cable,usb_c_cable,0.0557,0
intento_130030_usb_c_cable,usb_c_cable,0.0025,0
intento_130030_usb_c_cable,usb_c_cable,0.3533,0
intento_130030_usb_c_cable,usb_c_cable,0.0031,0
intento_130030_usb_c_cable,usb_c_cable,0.3439,1
intento_130030_usb_c_cable,usb_c_cable,0.1399,0
intento_130030_usb_c_cable,usb_c_cable,0.006,0
intento_130030_usb_c_cable,usb_c_cable,0.2021,1
intento_130030_usb_c_cable,usb_c_cable,0.2606,0
intento_130030_usb_c_cable,usb_c_cable,0.1131,0
intento_130030_usb_c_cable,usb_c_cable,0.461,0
intento_130030_usb_c_cable,usb_c_cable,0.2971,1
intento_130030_usb_c_cable,usb_c_cable,0.1794,0
intento_130030_usb_c_cable,usb_c_cable,0.0072,0
intento_130030_usb_c_cable,usb_c_cable,0.3724,0
intento_130030_usb_c_cable,usb_c_cable,0.1275,1
intento_130030_usb_c_cable,usb_c_cable,0.3183,0
intento_130030_usb_c_cable,usb_c_cable,0.0866,1
intento_130030_usb_c_cable,usb_c_cable,0.2469,1
intento_130030_usb_c_cable,usb_c_cable,0.1499,0
intento_130030_usb_c_cable,usb_c_cable,0.4377,1
intento_130030_usb_c_cable,usb_c_cable,0.3114,1
intento_130030_usb_c_cable,usb_c_cable,0.6749,0
intento_130030_usb_c_cable,usb_c_cable,0.3405,1
intento_130030_usb_c_cable,usb_c_cable,0.1332,1
intento_130030_usb_c_cable,usb_c_cable,0.0548,0
intento_130030_usb_c_cable,usb_c_cable,0.1399,0
intento_130030_usb_c_cable,usb_c_cable,0.0105,1
intento_130030_usb_c_cable,usb_c_cable,0.1739,0
intento_130030_usb_c_cable,usb_c_cable,0.0689,0
intento_130030_usb_c_cable,usb_c_cable,0.1706,0
intento_130030_usb_c_cable,usb_c_cable,0.018,0
intento_130030_usb_c_cable,usb_c_cable,0.1766,1
intento_130030_usb_c_cable,usb_c_cable,0.0919,0
intento_130030_usb_c_cable,usb_c_cable,0.2625,0
intento_130030_usb_c_cable,usb_c_cable,0.2343,0
intento_130030_usb_c_cable,usb_c_cable,0.3425,0
intento_130030_usb_c_cable,usb_c_cable,0.0008,1
intento_130030_usb_c_cable,usb_c_cable,0.1958,1
intento_130030_usb_c_cable,usb_c_cable,0.2512,0
intento_132004_black_gloves,black_gloves,0.6434,0
intento_132004_black_gloves,black_gloves,0.0691,0
intento_132004_black_gloves,black_gloves,0.1402,0
intento_132004_black_gloves,black_gloves,0.0563,0
intento_132004_black_gloves,black_gloves,0.0102,0
intento_132004_black_gloves,black_gloves,0.0208,0
intento_132004_black_gloves,black_gloves,0.1401,0
intento_132004_black_gloves,black_gloves,0.0007,0
intento_132004_black_gloves,black_gloves,0.0139,0
intento_132004_black_gloves,black_gloves,0.0063,0
intento_132004_black_gloves,black_gloves,0.0399,0
intento_132004_black_gloves,black_gloves,0.0087,0
intento_132004_black_gloves,black_gloves,0.5976,0
intento_132004_black_gloves,black_gloves,0.0417,0
intento_132004_black_gloves,black_gloves,0.0817,0
intento_132004_black_gloves,black_gloves,0.0051,0
intento_132004_black_gloves,black_gloves,0.0242,0
intento_132004_black_gloves,black_gloves,0.0161,0
intento_132004_black_gloves,black_gloves,0.0022,0
intento_132004_black_gloves,black_gloves,0.0251,0
intento_132004_black_gloves,black_gloves,0.0079,0
intento_132004_black_gloves,black_gloves,0.0305,0
intento_132004_black_gloves,black_gloves,0.002,0
intento_132004_black_gloves,black_gloves,0.0017,0
intento_132004_black_gloves,black_gloves,0.0529,0
intento_132004_black_gloves,black_gloves,0.0532,0
intento_132004_black_gloves,black_gloves,0.0239,0
intento_132004_black_gloves,black_gloves,0.0426,0
intento_132004_black_gloves,black_gloves,0.0024,0
intento_132004_black_gloves,black_gloves,0.8026,0
intento_132004_black_gloves,black_gloves,0.0019,0
intento_132004_black_gloves,black_gloves,0.4806,0
intento_132004_black_gloves,black_gloves,0.0043,0
intento_132004_black_gloves,black_gloves,0.0047,0
intento_132004_black_gloves,black_gloves,0.4996,0
intento_132004_black_gloves,black_gloves,0.0178,0
intento_132004_black_gloves,black_gloves,0.0488,0
intento_132004_black_gloves,black_gloves,0.0084,0
intento_132004_black_gloves,black_gloves,0.0494,0
intento_132004_black_gloves,black_gloves,0.0112,0
intento_132004_black_gloves,black_gloves,0.1359,0
intento_132004_black_gloves,black_gloves,0.0119,0
intento_132004_black_gloves,black_gloves,0.0044,0
intento_132004_black_gloves,black_gloves,0.2288,0
intento_132004_black_gloves,black_gloves,0.3125,0
intento_132004_black_gloves,black_gloves,0.0154,0
intento_132004_black_gloves,black_gloves,0.0333,0
intento_132004_black_gloves,black_gloves,0.0454,0
intento_132004_black_gloves,black_gloves,0.0137,0
intento_132004_black_gloves,black_gloves,0.0121,0
intento_132004_black_gloves,black_gloves,0.0029,0
intento_132004_black_gloves,black_gloves,0.0283,0
intento_132004_black_gloves,black_gloves,0.0691,0
intento_132004_black_gloves,black_gloves,0.1522,0
intento_132004_black_gloves,black_gloves,0.2458,0
intento_132004_black_gloves,black_gloves,0.0245,0
intento_132004_black_gloves,black_gloves,0.0371,0
intento_132004_black_gloves,black_gloves,0.3826,0
intento_132004_black_gloves,black_gloves,0.314,0
intento_132004_black_gloves,black_gloves,0.3087,0
intento_132004_black_gloves,black_gloves,0.3385,0
intento_132004_black_gloves,black_gloves,0.0174,0
intento_132004_black_gloves,black_gloves,0.0514,0
intento_132004_black_gloves,black_gloves,0.0234,0
intento_132004_black_gloves,black_gloves,0.0295,0
intento_132004_black_gloves,black_gloves,0.3688,0
intento_132004_black_gloves,black_gloves,0.1962,0
intento_132004_black_gloves,black_gloves,0.175,0
intento_132004_black_gloves,black_gloves,0.0417,0
intento_132004_black_gloves,black_gloves,0.1326,0
intento_132004_black_gloves,black_gloves,0.051,0
intento_132004_black_gloves,black_gloves,0.1125,0
intento_132004_black_gloves,black_gloves,0.013,0
intento_132004_black_gloves,black_gloves,0.0158,0
intento_132004_black_gloves,black_gloves,0.0686,0
intento_132004_black_gloves,black_gloves,0.0005,0
intento_132004_black_gloves,black_gloves,0.0277,0
intento_132004_black_gloves,black_gloves,0.1172,0
intento_132004_black_gloves,black_gloves,0.1737,0
intento_132004_black_gloves,black_gloves,0.0509,0
intento_132004_black_gloves,black_gloves,0.1627,0
intento_132004_black_gloves,black_gloves,0.0061,0
intento_132004_black_gloves,black_gloves,0.1652,0
intento_132004_black_gloves,black_gloves,0.2128,0
intento_132004_black_gloves,black_gloves,0.0274,0
intento_132004_black_gloves,black_gloves,0.0684,0
intento_132004_black_gloves,black_gloves,0.1288,0
intento_132004_black_gloves,black_gloves,0.0416,0
intento_132004_black_gloves,black_gloves,0.1028,0
intento_132004_black_gloves,black_gloves,0.4499,0
intento_132004_black_gloves,black_gloves,0.0155,0
intento_132004_black_gloves,black_gloves,0.0307,0
intento_132004_black_gloves,black_gloves,0.0701,0
intento_132004_black_gloves,black_gloves,0.0892,0
intento_132004_black_gloves,black_gloves,0.0217,0
intento_132004_black_gloves,black_gloves,0.0091,0
intento_132004_black_gloves,black_gloves,0.0533,0
intento_132004_black_gloves,black_gloves,0.0114,0
intento_132004_black_gloves,black_gloves,0.0077,0
intento_132004_black_gloves,black_gloves,0.0914,0
intento_132004_black_gloves,black_gloves,0.0168,1
intento_132004_black_gloves,black_gloves,0.272,0
intento_132004_black_gloves,black_gloves,0.0227,0
intento_132004_black_gloves,black_gloves,0.0311,0
intento_132019_black_gloves,black_gloves,0.1995,0
intento_132019_black_gloves,black_gloves,0.1366,0
intento_132019_black_gloves,black_gloves,0.0668,0
intento_132019_black_gloves,black_gloves,0.0245,0
intento_132019_black_gloves,black_gloves,0.2076,0
intento_132019_black_gloves,black_gloves,0.1276,0
intento_132019_black_gloves,black_gloves,0.0103,0
intento_132019_black_gloves,black_gloves,0.0955,0
intento_132019_black_gloves,black_gloves,0.0031,0
intento_132019_black_gloves,black_gloves,0.0506,0
intento_132019_black_gloves,black_gloves,0.0129,0
intento_132019_black_gloves,black_gloves,0.0404,0
intento_132019_black_gloves,black_gloves,0.5085,0
intento_132019_black_gloves,black_gloves,0.8219,0
intento_132019_black_gloves,black_gloves,0.045,0
intento_132019_black_gloves,black_gloves,0.037,0
intento_132019_black_gloves,black_gloves,0.2659,0
intento_132019_black_gloves,black_gloves,0.0268,0
intento_132019_black_gloves,black_gloves,0.0147,0
intento_132019_black_gloves,black_gloves,0.056,0
intento_132019_black_gloves,black_gloves,0.1073,0
intento_132019_black_gloves,black_gloves,0.1269,0
intento_132019_black_gloves,black_gloves,0.6482,0
intento_132019_black_gloves,black_gloves,0.0062,0
intento_132019_black_gloves,black_gloves,0.0805,0
intento_132019_black_gloves,black_gloves,0.0083,0
intento_132019_black_gloves,black_gloves,0.0679,0
intento_132019_black_gloves,black_gloves,0.0624,0
intento_132019_black_gloves,black_gloves,0.1589,0
intento_132019_black_gloves,black_gloves,0.007,0
intento_132019_black_gloves,black_gloves,0.0861,0
intento_132019_black_gloves,black_gloves,0.4235,0
intento_132019_black_gloves,black_gloves,0.2472,0
intento_132019_black_gloves,black_gloves,0.0151,0
intento_132019_black_gloves,black_gloves,0.0618,0
intento_132019_black_gloves,black_gloves,0.2404,0
intento_132019_black_gloves,black_gloves,0.0268,0
intento_132019_black_gloves,black_gloves,0.0607,0
intento_132019_black_gloves,black_gloves,0.1534,0
intento_132019_black_gloves,black_gloves,0.0175,0
intento_132019_black_gloves,black_gloves,0.0138,0
intento_132019_black_gloves,black_gloves,0.0511,0
intento_132019_black_gloves,black_gloves,0.0778,0
intento_132019_black_gloves,black_gloves,0.3353,0
intento_132019_black_gloves,black_gloves,0.1515,0
intento_132019_black_gloves,black_gloves,0.035,0
intento_132019_black_gloves,black_gloves,0.1673,0
intento_132019_black_gloves,black_gloves,0.0545,0
intento_132019_black_gloves,black_gloves,0.6664,0
intento_132019_black_gloves,black_gloves,0.1845,0
intento_132019_black_gloves,black_gloves,0.3536,0
intento_132019_black_gloves,black_gloves,0.0149,0
intento_132019_black_gloves,black_gloves,0.151,0
intento_132019_black_gloves,black_gloves,0.2458,0
intento_132019_black_gloves,black_gloves,0.208,0
intento_132019_black_gloves,black_gloves,0.1274,0
intento_132019_black_gloves,black_gloves,0.5186,0
intento_132019_black_gloves,black_gloves,0.5225,0
intento_132019_black_gloves,black_gloves,0.0116,0
intento_132019_black_gloves,black_gloves,0.0391,0
intento_132019_black_gloves,black_gloves,0.0203,0
intento_132019_black_gloves,black_gloves,0.1073,0
intento_132019_black_gloves,black_gloves,0.0033,0
intento_132019_black_gloves,black_gloves,0.0007,0
intento_132019_black_gloves,black_gloves,0.044,0
intento_132019_black_gloves,black_gloves,0.0394,0
intento_132019_black_gloves,black_gloves,0.0855,0
intento_132019_black_gloves,black_gloves,0.0271,0
intento_132019_black_gloves,black_gloves,0.2554,0
intento_132019_black_gloves,black_gloves,0.0445,0
intento_132019_black_gloves,black_gloves,0.0281,0
intento_132019_black_gloves,black_gloves,0.003,0
intento_132019_black_gloves,black_gloves,0.0017,0
intento_132019_black_gloves,black_gloves,0.0087,0
intento_132019_black_gloves,black_gloves,0.0183,0
intento_132019_black_gloves,black_gloves,0.1374,0
intento_132019_black_gloves,black_gloves,0.0081,0
intento_132019_black_gloves,black_gloves,0.0518,0
intento_132019_black_gloves,black_gloves,0.0409,0
intento_132019_black_gloves,black_gloves,0.0195,0
intento_132019_black_gloves,black_gloves,0.0111,0
intento_132019_black_gloves,black_gloves,0.0406,0
intento_132019_black_gloves,black_gloves,0.0006,0
intento_132019_black_gloves,black_gloves,0.2735,0
intento_132019_black_gloves,black_gloves,0.2876,0
intento_132019_black_gloves,black_gloves,0.0499,0
intento_132019_black_gloves,black_gloves,0.013,0
intento_132019_black_gloves,black_gloves,0.5294,0
intento_132019_black_gloves,black_gloves,0.0167,0
intento_132019_black_gloves,black_gloves,0.0133,0
intento_132019_black_gloves,black_gloves,0.8623,0
intento_132019_black_gloves,black_gloves,0.0074,0
intento_132019_black_gloves,black_gloves,0.0071,0
intento_132019_black_gloves,black_gloves,0.3218,0
intento_132019_black_gloves,black_gloves,0.1253,0
intento_132019_black_gloves,black_gloves,0.1772,0
intento_132019_black_gloves,black_gloves,0.0534,0
intento_132019_black_gloves,black_gloves,0.0153,0
intento_132019_black_gloves,black_gloves,0.0214,0
intento_132019_black_gloves,black_gloves,0.0035,0
intento_132019_black_gloves,black_gloves,0.0017,0
intento_132019_black_gloves,black_gloves,0.0045,0
intento_132019_black_gloves,black_gloves,0.022,0
intento_132019_black_gloves,black_gloves,0.0309,0
intento_132019_black_gloves,black_gloves,0.4335,0
intento_132019_black_gloves,black_gloves,0.5929,0
intento_132019_black_gloves,black_gloves,0.006,0
intento_132019_black_gloves,black_gloves,0.0798,0
intento_132019_black_gloves,black_gloves,0.0202,0
intento_132019_black_gloves,black_gloves,0.0395,0
intento_132019_black_gloves,black_gloves,0.003,0
intento_132019_black_gloves,black_gloves,0.0178,0
intento_132019_black_gloves,black_gloves,0.0064,0
intento_132019_black_gloves,black_gloves,0.1243,0
intento_132019_black_gloves,black_gloves,0.0123,0
intento_132019_black_gloves,black_gloves,0.1373,0
intento_132019_black_gloves,black_gloves,0.0286,0
intento_132019_black_gloves,black_gloves,0.0025,0
intento_132019_black_gloves,black_gloves,0.0976,0
intento_132019_black_gloves,black_gloves,0.0256,0
intento_132019_black_gloves,black_gloves,0.0005,0
intento_132019_black_gloves,black_gloves,0.033,0
intento_132019_black_gloves,black_gloves,0.0007,0
intento_132019_black_gloves,black_gloves,0.0007,0
intento_132019_black_gloves,black_gloves,0.0659,0
intento_132019_black_gloves,black_gloves,0.0045,0
intento_132019_black_gloves,black_gloves,0.16,0
intento_132019_black_gloves,black_gloves,0.0325,0
intento_132019_black_gloves,black_gloves,0.3196,0
intento_132019_black_gloves,black_gloves,0.0309,0
intento_132019_black_gloves,black_gloves,0.0031,0
intento_132019_black_gloves,black_gloves,0.0309,0
intento_132019_black_gloves,black_gloves,0.0341,0
intento_132019_black_gloves,black_gloves,0.0198,0
intento_132019_black_gloves,black_gloves,0.0381,0
intento_132019_black_gloves,black_gloves,0.0186,0
intento_132019_black_gloves,black_gloves,0.0031,0
intento_132019_black_gloves,black_gloves,0.0268,0
intento_132019_black_gloves,black_gloves,0.0563,0
intento_132019_black_gloves,black_gloves,0.5862,0
intento_132019_black_gloves,black_gloves,0.0172,0
intento_132019_black_gloves,black_gloves,0.0,0
intento_132019_black_gloves,black_gloves,0.0148,0
intento_132019_black_gloves,black_gloves,0.0279,0
intento_132019_black_gloves,black_gloves,0.0003,0
intento_132019_black_gloves,black_gloves,0.0074,0
intento_132019_black_gloves,black_gloves,0.0077,0
intento_132019_black_gloves,black_gloves,0.0103,0
intento_132019_black_gloves,black_gloves,0.0142,0
intento_132019_black_gloves,black_gloves,0.0135,0
intento_132019_black_gloves,black_gloves,0.0001,0
intento_132019_black_gloves,black_gloves,0.0004,0
intento_132019_black_gloves,black_gloves,0.0866,0
intento_132019_black_gloves,black_gloves,0.0126,0
intento_132019_black_gloves,black_gloves,0.0337,0
intento_132019_black_gloves,black_gloves,0.0004,0
intento_132019_black_gloves,black_gloves,0.1366,0
intento_132019_black_gloves,black_gloves,0.0202,0
intento_132051_usb_c_cable,usb_c_cable,0.309,1
intento_132051_usb_c_cable,usb_c_cable,0.3406,1
intento_132051_usb_c_cable,usb_c_cable,0.0647,0
intento_132051_usb_c_cable,usb_c_cable,0.3273,0
intento_132051_usb_c_cable,usb_c_cable,0.2853,0
intento_132051_usb_c_cable,usb_c_cable,0.5808,1
intento_132051_usb_c_cable,usb_c_cable,0.1685,0
intento_132051_usb_c_cable,usb_c_cable,0.6272,0
intento_132051_usb_c_cable,usb_c_cable,0.3303,0
intento_132051_usb_c_cable,usb_c_cable,0.3923,0
intento_132051_usb_c_cable,usb_c_cable,0.4568,0
intento_132051_usb_c_cable,usb_c_cable,0.3349,1
intento_132051_usb_c_cable,usb_c_cable,0.6318,0
intento_132051_usb_c_cable,usb_c_cable,0.1941,1
intento_132051_usb_c_cable,usb_c_cable,0.1731,0
intento_132051_usb_c_cable,usb_c_cable,0.5738,0
intento_132051_usb_c_cable,usb_c_cable,0.451,0
intento_132051_usb_c_cable,usb_c_cable,0.3271,1
intento_132051_usb_c_cable,usb_c_cable,0.5537,0
intento_132051_usb_c_cable,usb_c_cable,0.7954,0
intento_132051_usb_c_cable,usb_c_cable,0.256,0
intento_132051_usb_c_cable,usb_c_cable,0.5648,0
intento_132051_usb_c_cable,usb_c_cable,0.5809,1
intento_132051_usb_c_cable,usb_c_cable,0.4636,0
intento_132051_usb_c_cable,usb_c_cable,0.3469,1
intento_132051_usb_c_cable,usb_c_cable,0.8388,0
intento_132051_usb_c_cable,usb_c_cable,0.8315,0
intento_132051_usb_c_cable,usb_c_cable,0.3279,0
intento_132051_usb_c_cable,usb_c_cable,0.6148,0
intento_132051_usb_c_cable,usb_c_cable,0.2526,0
intento_132051_usb_c_cable,usb_c_cable,0.3086,0
intento_132051_usb_c_cable,usb_c_cable,0.6714,0
intento_132051_usb_c_cable,usb_c_cable,0.0839,0
intento_132051_usb_c_cable,usb_c_cable,0.1795,0
intento_132051_usb_c_cable,usb_c_cable,0.8869,0
intento_132051_usb_c_cable,usb_c_cable,0.3726,0
intento_132051_usb_c_cable,usb_c_cable,0.0903,1
intento_132051_usb_c_cable,usb_c_cable,0.1336,0
intento_132051_usb_c_cable,usb_c_cable,0.5726,0
intento_132051_usb_c_cable,usb_c_cable,0.3639,0
intento_132051_usb_c_cable,usb_c_cable,0.5393,0
intento_132051_usb_c_cable,usb_c_cable,0.1342,0
intento_132051_usb_c_cable,usb_c_cable,0.1697,0
intento_132051_usb_c_cable,usb_c_cable,0.5757,0
intento_132051_usb_c_cable,usb_c_cable,0.1054,0
intento_132051_usb_c_cable,usb_c_cable,0.0868,0
intento_132051_usb_c_cable,usb_c_cable,0.0488,0
intento_132051_usb_c_cable,usb_c_cable,0.4612,0
intento_132051_usb_c_cable,usb_c_cable,0.3845,1
intento_132051_usb_c_cable,usb_c_cable,0.1201,0
intento_132051_usb_c_cable,usb_c_cable,0.4813,0
intento_132051_usb_c_cable,usb_c_cable,0.3801,0
intento_132051_usb_c_cable,usb_c_cable,0.3954,0
intento_132051_usb_c_cable,usb_c_cable,0.5144,0
intento_132051_usb_c_cable,usb_c_cable,0.618,0
intento_132051_usb_c_cable,usb_c_cable,0.2965,0
intento_132051_usb_c_cable,usb_c_cable,0.7079,0
intento_132051_usb_c_cable,usb_c_cable,0.0266,0
intento_132051_usb_c_cable,usb_c_cable,0.4484,0
intento_132051_usb_c_cable,usb_c_cable,0.1465,0
intento_132051_usb_c_cable,usb_c_cable,0.3167,0
intento_132051_usb_c_cable,usb_c_cable,0.0391,0
intento_132051_usb_c_cable,usb_c_cable,0.1979,1
intento_132051_usb_c_cable,usb_c_cable,0.1178,1
intento_132051_usb_c_cable,usb_c_cable,0.1664,1
intento_132051_usb_c_cable,usb_c_cable,0.2553,1
intento_132051_usb_c_cable,usb_c_cable,0.4863,0
intento_132051_usb_c_cable,usb_c_cable,0.1857,0
intento_132051_usb_c_cable,usb_c_cable,0.3578,0
intento_132051_usb_c_cable,usb_c_cable,0.2161,1
intento_132051_usb_c_cable,usb_c_cable,0.2574,1
intento_132051_usb_c_cable,usb_c_cable,0.0321,0
intento_132051_usb_c_cable,usb_c_cable,0.0258,1
intento_132051_usb_c_cable,usb_c_cable,0.6443,0
intento_132051_usb_c_cable,usb_c_cable,0.5414,1
intento_132051_usb_c_cable,usb_c_cable,0.1525,1
intento_132051_usb_c_cable,usb_c_cable,0.0799,0
intento_132051_usb_c_cable,usb_c_cable,0.7559,0
intento_132051_usb_c_cable,usb_c_cable,0.055,0
intento_132051_usb_c_cable,usb_c_cable,0.1124,0
intento_132051_usb_c_cable,usb_c_cable,0.2845,0
intento_132051_usb_c_cable,usb_c_cable,0.2928,0
intento_132051_usb_c_cable,usb_c_cable,0.1866,0
intento_132051_usb_c_cable,usb_c_cable,0.1903,0
intento_132051_usb_c_cable,usb_c_cable,0.0058,1
intento_132051_usb_c_cable,usb_c_cable,0.3665,1
intento_132051_usb_c_cable,usb_c_cable,0.0037,0
intento_132051_usb_c_cable,usb_c_cable,0.2255,0
intento_132051_usb_c_cable,usb_c_cable,0.3569,0
intento_132051_usb_c_cable,usb_c_cable,0.1679,1
intento_132051_usb_c_cable,usb_c_cable,0.169,0
intento_132051_usb_c_cable,usb_c_cable,0.0622,0
intento_132051_usb_c_cable,usb_c_cable,0.3686,1
intento_132051_usb_c_cable,usb_c_cable,0.4904,0
intento_132051_usb_c_cable,usb_c_cable,0.2898,0
intento_132051_usb_c_cable,usb_c_cable,0.1486,1
intento_132051_usb_c_cable,usb_c_cable,0.0902,0
intento_132051_usb_c_cable,usb_c_cable,0.7445,0
intento_132051_usb_c_cable,usb_c_cable,0.4793,0
intento_132051_usb_c_cable,usb_c_cable,0.3894,0
intento_132051_usb_c_cable,usb_c_cable,0.0869,1
intento_132051_usb_c_cable,usb_c_cable,0.3329,0
intento_132051_usb_c_cable,usb_c_cable,0.3466,0
intento_132051_usb_c_cable,usb_c_cable,0.5403,1
intento_132051_usb_c_cable,usb_c_cable,0.1148,0
intento_132051_usb_c_cable,usb_c_cable,0.0033,1
intento_132051_usb_c_cable,usb_c_cable,0.5257,0
intento_132051_usb_c_cable,usb_c_cable,0.2999,0
intento_132051_usb_c_cable,usb_c_cable,0.5818,1
intento_132051_usb_c_cable,usb_c_cable,0.1838,1
intento_132051_usb_c_cable,usb_c_cable,0.4213,0
intento_132051_usb_c_cable,usb_c_cable,0.2387,0
intento_132051_usb_c_cable,usb_c_cable,0.4415,1
intento_132051_usb_c_cable,usb_c_cable,0.2382,0
intento_132051_usb_c_cable,usb_c_cable,0.2657,1
intento_132051_usb_c_cable,usb_c_cable,0.7536,1
intento_132051_usb_c_cable,usb_c_cable,0.002,1
intento_132051_usb_c_cable,usb_c_cable,0.2236,1
intento_132051_usb_c_cable,usb_c_cable,0.456,0
intento_132051_usb_c_cable,usb_c_cable,0.3497,0
intento_132051_usb_c_cable,usb_c_cable,0.5112,0
intento_132051_usb_c_cable,usb_c_cable,0.8277,0
intento_132051_usb_c_cable,usb_c_cable,0.165,0
intento_132051_usb_c_cable,usb_c_cable,0.452,0
intento_132051_usb_c_cable,usb_c_cable,0.1243,0
intento_132051_usb_c_cable,usb_c_cable,0.2516,0
intento_132051_usb_c_cable,usb_c_cable,0.287,0
intento_132051_usb_c_cable,usb_c_cable,0.3098,0
intento_132051_usb_c_cable,usb_c_cable,0.3762,0
intento_132051_usb_c_cable,usb_c_cable,0.0558,0
intento_132051_usb_c_cable,usb_c_cable,0.0829,0
intento_132051_usb_c_cable,usb_c_cable,0.3223,0
intento_132051_usb_c_cable,usb_c_cable,0.228,1
intento_132051_usb_c_cable,usb_c_cable,0.314,0
intento_132051_usb_c_cable,usb_c_cable,0.6065,0
intento_132051_usb_c_cable,usb_c_cable,0.2754,1
intento_132051_usb_c_cable,usb_c_cable,0.485,0
intento_132051_usb_c_cable,usb_c_cable,0.1782,0
intento_132051_usb_c_cable,usb_c_cable,0.0064,1
intento_132051_usb_c_cable,usb_c_cable,0.1585,0
intento_132051_usb_c_cable,usb_c_cable,0.4032,0
intento_132051_usb_c_cable,usb_c_cable,0.0027,0
intento_132051_usb_c_cable,usb_c_cable,0.4144,0
intento_132051_usb_c_cable,usb_c_cable,0.3154,0
intento_132051_usb_c_cable,usb_c_cable,0.3084,1
intento_132051_usb_c_cable,usb_c_cable,0.0008,1
intento_132051_usb_c_cable,usb_c_cable,0.0045,1
intento_132051_usb_c_cable,usb_c_cable,0.0625,0
intento_132051_usb_c_cable,usb_c_cable,0.0923,0
intento_132051_usb_c_cable,usb_c_cable,0.4891,0
intento_132051_usb_c_cable,usb_c_cable,0.2065,0
intento_132051_usb_c_cable,usb_c_cable,0.3051,1
intento_132051_usb_c_cable,usb_c_cable,0.0029,0
intento_132051_usb_c_cable,usb_c_cable,0.2916,0
intento_132051_usb_c_cable,usb_c_cable,0.3133,0
intento_132051_usb_c_cable,usb_c_cable,0.1059,0
intento_132051_usb_c_cable,usb_c_cable,0.3092,0
intento_132051_usb_c_cable,usb_c_cable,0.0004,0
intento_132051_usb_c_cable,usb_c_cable,0.4601,0
intento_132051_usb_c_cable,usb_c_cable,0.0499,0
intento_132051_usb_c_cable,usb_c_cable,0.214,1
intento_132051_usb_c_cable,usb_c_cable,0.1454,0
intento_132051_usb_c_cable,usb_c_cable,0.0098,0
intento_132051_usb_c_cable,usb_c_cable,0.0011,1
intento_132051_usb_c_cable,usb_c_cable,0.2016,0
intento_132051_usb_c_cable,usb_c_cable,0.1369,1
intento_132051_usb_c_cable,usb_c_cable,0.0028,0
intento_132051_usb_c_cable,usb_c_cable,0.3144,0
intento_132051_usb_c_cable,usb_c_cable,0.0014,1
intento_132051_usb_c_cable,usb_c_cable,0.2427,0
intento_132051_usb_c_cable,usb_c_cable,0.3308,0
intento_132051_usb_c_cable,usb_c_cable,0.1229,0
intento_132051_usb_c_cable,usb_c_cable,0.0003,0
intento_132051_usb_c_cable,usb_c_cable,0.0368,0
intento_132051_usb_c_cable,usb_c_cable,0.4575,0
intento_132051_usb_c_cable,usb_c_cable,0.5929,0
intento_132051_usb_c_cable,usb_c_cable,0.0959,0
intento_132051_usb_c_cable,usb_c_cable,0.4486,0
intento_132051_usb_c_cable,usb_c_cable,0.0409,0
intento_132051_usb_c_cable,usb_c_cable,0.0124,0
intento_132051_usb_c_cable,usb_c_cable,0.2667,1
intento_132051_usb_c_cable,usb_c_cable,0.003,0
intento_132051_usb_c_cable,usb_c_cable,0.4791,0
intento_132051_usb_c_cable,usb_c_cable,0.3388,0
intento_132051_usb_c_cable,usb_c_cable,0.001,0
intento_132051_usb_c_cable,usb_c_cable,0.0001,1
intento_132051_usb_c_cable,usb_c_cable,0.7057,0
intento_132051_usb_c_cable,usb_c_cable,0.28,0
intento_132051_usb_c_cable,usb_c_cable,0.2418,0
intento_132051_usb_c_cable,usb_c_cable,0.2542,1
intento_132051_usb_c_cable,usb_c_cable,0.3453,0
intento_132051_usb_c_cable,usb_c_cable,0.2866,0
intento_132051_usb_c_cable,usb_c_cable,0.3107,0
intento_134144_black_gloves,black_gloves,0.0191,0
intento_134144_black_gloves,black_gloves,0.1333,0
intento_134144_black_gloves,black_gloves,0.3757,0
intento_134144_black_gloves,black_gloves,0.0179,0
intento_134144_black_gloves,black_gloves,0.0004,0
intento_134144_black_gloves,black_gloves,0.1777,0
intento_134144_black_gloves,black_gloves,0.0195,0
intento_134144_black_gloves,black_gloves,0.1089,0
intento_134144_black_gloves,black_gloves,0.0002,0
intento_134144_black_gloves,black_gloves,0.0012,0
intento_134144_black_gloves,black_gloves,0.0081,0
intento_134144_black_gloves,black_gloves,0.0057,0
intento_134144_black_gloves,black_gloves,0.143,0
intento_134144_black_gloves,black_gloves,0.0048,0
intento_134144_black_gloves,black_gloves,0.0068,0
intento_134144_black_gloves,black_gloves,0.0429,0
intento_134144_black_gloves,black_gloves,0.2298,0
intento_134144_black_gloves,black_gloves,0.0703,0
intento_134144_black_gloves,black_gloves,0.0036,0
intento_134144_black_gloves,black_gloves,0.0036,0
intento_134144_black_gloves,black_gloves,0.3251,0
intento_134144_black_gloves,black_gloves,0.1513,0
intento_134144_black_gloves,black_gloves,0.006,0
intento_134144_black_gloves,black_gloves,0.0354,0
intento_134144_black_gloves,black_gloves,0.0072,0
intento_134144_black_gloves,black_gloves,0.012,0
intento_134144_black_gloves,black_gloves,0.0051,0
intento_134144_black_gloves,black_gloves,0.0018,0
intento_134144_black_gloves,black_gloves,0.0129,0
intento_134144_black_gloves,black_gloves,0.0334,0
intento_134144_black_gloves,black_gloves,0.0154,0
intento_134144_black_gloves,black_gloves,0.0032,0
intento_134144_black_gloves,black_gloves,0.2771,0
intento_134144_black_gloves,black_gloves,0.0116,0
intento_134144_black_gloves,black_gloves,0.0022,0
intento_134144_black_gloves,black_gloves,0.6075,0
intento_134144_black_gloves,black_gloves,0.0011,0
intento_134144_black_gloves,black_gloves,0.0202,0
intento_134144_black_gloves,black_gloves,0.0451,0
intento_134144_black_gloves,black_gloves,0.0018,0
intento_134144_black_gloves,black_gloves,0.0193,0
intento_134144_black_gloves,black_gloves,0.0143,0
intento_134144_black_gloves,black_gloves,0.0055,0
intento_134144_black_gloves,black_gloves,0.561,0
intento_134144_black_gloves,black_gloves,0.0068,0
intento_134144_black_gloves,black_gloves,0.0828,0
intento_134144_black_gloves,black_gloves,0.2888,0
intento_134144_black_gloves,black_gloves,0.0095,0
intento_134144_black_gloves,black_gloves,0.0025,0
intento_134144_black_gloves,black_gloves,0.0082,0
intento_134144_black_gloves,black_gloves,0.0064,0
intento_134144_black_gloves,black_gloves,0.1829,0
intento_134144_black_gloves,black_gloves,0.002,0
intento_134144_black_gloves,black_gloves,0.3732,0
intento_134144_black_gloves,black_gloves,0.0186,0
intento_134144_black_gloves,black_gloves,0.0461,0
intento_134144_black_gloves,black_gloves,0.038,0
intento_134144_black_gloves,black_gloves,0.0075,0
intento_134144_black_gloves,black_gloves,0.3123,0
intento_134144_black_gloves,black_gloves,0.0549,0
intento_134144_black_gloves,black_gloves,0.0206,0
intento_134144_black_gloves,black_gloves,0.0696,0
intento_134144_black_gloves,black_gloves,0.003,0
intento_134144_black_gloves,black_gloves,0.113,0
intento_134144_black_gloves,black_gloves,0.1916,0
intento_134144_black_gloves,black_gloves,0.1076,0
intento_134144_black_gloves,black_gloves,0.0045,0
intento_134144_black_gloves,black_gloves,0.0042,0
intento_134144_black_gloves,black_gloves,0.0065,0
intento_134144_black_gloves,black_gloves,0.0224,0
intento_134144_black_gloves,black_gloves,0.4128,0
intento_134144_black_gloves,black_gloves,0.0056,0
intento_134144_black_gloves,black_gloves,0.0169,0
intento_134144_black_gloves,black_gloves,0.0538,0
intento_134144_black_gloves,black_gloves,0.4921,0
intento_134144_black_gloves,black_gloves,0.0008,0
intento_134144_black_gloves,black_gloves,0.0108,0
intento_134144_black_gloves,black_gloves,0.4373,0
intento_134144_black_gloves,black_gloves,0.0137,0
intento_134144_black_gloves,black_gloves,0.0212,0
intento_134144_black_gloves,black_gloves,0.0981,0
intento_134144_black_gloves,black_gloves,0.0017,0
intento_134144_black_gloves,black_gloves,0.0497,0
intento_134144_black_gloves,black_gloves,0.5071,0
intento_134144_black_gloves,black_gloves,0.0434,0
intento_134144_black_gloves,black_gloves,0.0715,0
intento_134144_black_gloves,black_gloves,0.0026,0
intento_134144_black_gloves,black_gloves,0.1708,0
intento_134144_black_gloves,black_gloves,0.0306,0
intento_134144_black_gloves,black_gloves,0.1058,0
intento_134144_black_gloves,black_gloves,0.259,0
intento_134144_black_gloves,black_gloves,0.1844,0
intento_134144_black_gloves,black_gloves,0.0818,0
intento_134144_black_gloves,black_gloves,0.0751,0
intento_134144_black_gloves,black_gloves,0.0058,0
intento_134148_black_gloves,black_gloves,0.2177,0
intento_134148_black_gloves,black_gloves,0.4278,0
intento_134148_black_gloves,black_gloves,0.5201,0
intento_134148_black_gloves,black_gloves,0.0881,0
intento_134148_black_gloves,black_gloves,0.0613,0
intento_134148_black_gloves,black_gloves,0.1973,0
intento_134148_black_gloves,black_gloves,0.0349,0
intento_134148_black_gloves,black_gloves,0.3908,0
intento_134148_black_gloves,black_gloves,0.0428,0
intento_134148_black_gloves,black_gloves,0.2344,1
intento_134148_black_gloves,black_gloves,0.2318,0
intento_134148_black_gloves,black_gloves,0.0438,0
intento_134148_black_gloves,black_gloves,0.1574,0
intento_134148_black_gloves,black_gloves,0.42,0
intento_134148_black_gloves,black_gloves,0.5318,0
intento_134148_black_gloves,black_gloves,0.6359,0
intento_134148_black_gloves,black_gloves,0.0234,0
intento_134148_black_gloves,black_gloves,0.2924,0
intento_134148_black_gloves,black_gloves,0.5471,0
intento_134148_black_gloves,black_gloves,0.6868,0
intento_134148_black_gloves,black_gloves,0.7384,0
intento_134148_black_gloves,black_gloves,0.6172,0
intento_134148_black_gloves,black_gloves,0.0654,0
intento_134148_black_gloves,black_gloves,0.0605,0
intento_134148_black_gloves,black_gloves,0.5777,0
intento_134148_black_gloves,black_gloves,0.0307,0
intento_134148_black_gloves,black_gloves,0.1123,0
intento_134148_black_gloves,black_gloves,0.3443,0
intento_134148_black_gloves,black_gloves,0.7702,0
intento_134148_black_gloves,black_gloves,0.1409,0
intento_134148_black_gloves,black_gloves,0.2257,0
intento_134148_black_gloves,black_gloves,0.1286,0
intento_134148_black_gloves,black_gloves,0.7372,0
intento_134148_black_gloves,black_gloves,0.0731,0
intento_134148_black_gloves,black_gloves,0.0919,0
intento_134148_black_gloves,black_gloves,0.1111,0
intento_134148_black_gloves,black_gloves,0.2402,0
intento_134148_black_gloves,black_gloves,0.0536,0
intento_134148_black_gloves,black_gloves,0.0783,0
intento_134148_black_gloves,black_gloves,0.0713,0
intento_134148_black_gloves,black_gloves,0.0289,0
intento_134148_black_gloves,black_gloves,0.0389,0
intento_134148_black_gloves,black_gloves,0.0088,0
intento_134148_black_gloves,black_gloves,0.616,0
intento_134148_black_gloves,black_gloves,0.1173,0
intento_134148_black_gloves,black_gloves,0.5894,0
intento_134148_black_gloves,black_gloves,0.5204,0
intento_134148_black_gloves,black_gloves,0.0231,0
intento_134148_black_gloves,black_gloves,0.0424,0
intento_134148_black_gloves,black_gloves,0.1838,0
intento_134148_black_gloves,black_gloves,0.318,0
intento_134148_black_gloves,black_gloves,0.0729,0
intento_134148_black_gloves,black_gloves,0.06,0
intento_134148_black_gloves,black_gloves,0.361,0
intento_134148_black_gloves,black_gloves,0.1026,0
intento_134148_black_gloves,black_gloves,0.3524,0
intento_134148_black_gloves,black_gloves,0.2017,0
intento_134148_black_gloves,black_gloves,0.0418,0
intento_134148_black_gloves,black_gloves,0.4294,0
intento_134148_black_gloves,black_gloves,0.0575,0
intento_134148_black_gloves,black_gloves,0.1976,0
intento_134148_black_gloves,black_gloves,0.5638,0
intento_134148_black_gloves,black_gloves,0.0327,0
intento_134148_black_gloves,black_gloves,0.0204,0
intento_134148_black_gloves,black_gloves,0.3288,0
intento_134148_black_gloves,black_gloves,0.1318,0
intento_134148_black_gloves,black_gloves,0.0401,0
intento_134148_black_gloves,black_gloves,0.0469,0
intento_134148_black_gloves,black_gloves,0.1329,0
intento_134148_black_gloves,black_gloves,0.0502,0
intento_134148_black_gloves,black_gloves,0.106,0
intento_134148_black_gloves,black_gloves,0.3653,0
intento_134148_black_gloves,black_gloves,0.2175,0
intento_134148_black_gloves,black_gloves,0.5312,0
intento_134148_black_gloves,black_gloves,0.0568,0
intento_134148_black_gloves,black_gloves,0.2145,0
intento_134148_black_gloves,black_gloves,0.6002,1
intento_134149_black_gloves,black_gloves,0.1173,0
intento_134149_black_gloves,black_gloves,0.1003,0
intento_134149_black_gloves,black_gloves,0.3236,0
intento_134149_black_gloves,black_gloves,0.0217,0
intento_134149_black_gloves,black_gloves,0.5101,0
intento_134149_black_gloves,black_gloves,0.0253,0
intento_134149_black_gloves,black_gloves,0.0614,0
intento_134149_black_gloves,black_gloves,0.1287,0
intento_134149_black_gloves,black_gloves,0.1864,0
intento_134149_black_gloves,black_gloves,0.125,0
intento_134149_black_gloves,black_gloves,0.1831,0
intento_134149_black_gloves,black_gloves,0.3185,0
intento_134149_black_gloves,black_gloves,0.0601,0
intento_134149_black_gloves,black_gloves,0.6497,0
intento_134149_black_gloves,black_gloves,0.2035,0
intento_134149_black_gloves,black_gloves,0.3163,0
intento_134149_black_gloves,black_gloves,0.4831,0
intento_134149_black_gloves,black_gloves,0.009,0
intento_134149_black_gloves,black_gloves,0.4955,0
intento_134149_black_gloves,black_gloves,0.6008,0
intento_134149_black_gloves,black_gloves,0.4218,0
intento_134149_black_gloves,black_gloves,0.2106,0
intento_134149_black_gloves,black_gloves,0.2976,0
intento_134149_black_gloves,black_gloves,0.1271,0
intento_134149_black_gloves,black_gloves,0.2854,0
intento_134149_black_gloves,black_gloves,0.0098,0
intento_134149_black_gloves,black_gloves,0.2558,0
intento_134149_black_gloves,black_gloves,0.1418,0
intento_134149_black_gloves,black_gloves,0.0655,0
intento_134149_black_gloves,black_gloves,0.2181,0
intento_134149_black_gloves,black_gloves,0.0758,0
intento_134149_black_gloves,black_gloves,0.451,0
intento_134149_black_gloves,black_gloves,0.6989,0
intento_134149_black_gloves,black_gloves,0.0956,0
intento_134149_black_gloves,black_gloves,0.209,0
intento_134149_black_gloves,black_gloves,0.3292,0
intento_134149_black_gloves,black_gloves,0.4418,0
intento_134149_black_gloves,black_gloves,0.0581,0
intento_134149_black_gloves,black_gloves,0.0995,0
intento_134149_black_gloves,black_gloves,0.4863,0
intento_134149_black_gloves,black_gloves,0.2902,0
intento_134149_black_gloves,black_gloves,0.0559,0
intento_134149_black_gloves,black_gloves,0.3367,0
intento_134149_black_gloves,black_gloves,0.0398,0
intento_134149_black_gloves,black_gloves,0.0534,0
intento_134149_black_gloves,black_gloves,0.695,0
intento_134149_black_gloves,black_gloves,0.0185,0
intento_134149_black_gloves,black_gloves,0.4294,0
intento_134149_black_gloves,black_gloves,0.2199,0
intento_134149_black_gloves,black_gloves,0.337,0
intento_134149_black_gloves,black_gloves,0.0824,0
intento_134149_black_gloves,black_gloves,0.0236,0
intento_134149_black_gloves,black_gloves,0.1379,0
intento_134149_black_gloves,black_gloves,0.216,0
intento_134149_black_gloves,black_gloves,0.0904,0
intento_134149_black_gloves,black_gloves,0.786,0
intento_134149_black_gloves,black_gloves,0.2153,0
intento_134149_black_gloves,black_gloves,0.6465,0
intento_134149_black_gloves,black_gloves,0.3838,0
intento_134149_black_gloves,black_gloves,0.0377,0
intento_134149_black_gloves,black_gloves,0.5605,0
intento_134149_black_gloves,black_gloves,0.3685,0
intento_134149_black_gloves,black_gloves,0.068,0
intento_134149_black_gloves,black_gloves,0.3246,0
intento_134149_black_gloves,black_gloves,0.1655,0
intento_134149_black_gloves,black_gloves,0.5368,0
intento_134149_black_gloves,black_gloves,0.0351,0
intento_134149_black_gloves,black_gloves,0.1014,0
intento_134149_black_gloves,black_gloves,0.3881,0
intento_134149_black_gloves,black_gloves,0.3802,0
intento_134149_black_gloves,black_gloves,0.5846,0
intento_134149_black_gloves,black_gloves,0.2811,0
intento_134149_black_gloves,black_gloves,0.0657,0
intento_134149_black_gloves,black_gloves,0.2013,0
intento_134149_black_gloves,black_gloves,0.0314,0
intento_134149_black_gloves,black_gloves,0.1206,0
intento_134149_black_gloves,black_gloves,0.0242,0
intento_134149_black_gloves,black_gloves,0.5734,1
intento_134149_black_gloves,black_gloves,0.0283,0
intento_134149_black_gloves,black_gloves,0.0133,0
intento_134149_black_gloves,black_gloves,0.0279,0
intento_134149_black_gloves,black_gloves,0.5463,0
intento_134149_black_gloves,black_gloves,0.0315,0
intento_134149_black_gloves,black_gloves,0.0299,0
intento_134149_black_gloves,black_gloves,0.3614,0
intento_134149_black_gloves,black_gloves,0.0781,0
intento_134149_black_gloves,black_gloves,0.3336,0
intento_134149_black_gloves,black_gloves,0.382,0
intento_134149_black_gloves,black_gloves,0.2381,0
intento_134149_black_gloves,black_gloves,0.3333,1
intento_134149_black_gloves,black_gloves,0.0171,0
intento_134149_black_gloves,black_gloves,0.383,0
intento_134149_black_gloves,black_gloves,0.0212,0
intento_134149_black_gloves,black_gloves,0.2388,0
intento_134149_black_gloves,black_gloves,0.3623,0
intento_134149_black_gloves,black_gloves,0.0681,0
intento_134149_black_gloves,black_gloves,0.186,0
intento_134149_black_gloves,black_gloves,0.2697,0
intento_134149_black_gloves,black_gloves,0.0635,0
intento_134149_black_gloves,black_gloves,0.1045,0
intento_134149_black_gloves,black_gloves,0.1154,0
intento_134149_black_gloves,black_gloves,0.1881,0
intento_134149_black_gloves,black_gloves,0.378,0
intento_134149_black_gloves,black_gloves,0.1171,0
intento_134149_black_gloves,black_gloves,0.2529,0
intento_134149_black_gloves,black_gloves,0.0337,0
intento_134149_black_gloves,black_gloves,0.1365,0
intento_134149_black_gloves,black_gloves,0.4307,1
intento_134149_black_gloves,black_gloves,0.0315,0
intento_134149_black_gloves,black_gloves,0.5026,0
intento_134149_black_gloves,black_gloves,0.1346,0
intento_134149_black_gloves,black_gloves,0.0929,0
intento_134149_black_gloves,black_gloves,0.261,0
intento_134149_black_gloves,black_gloves,0.7836,0
intento_134149_black_gloves,black_gloves,0.016,0
intento_134149_black_gloves,black_gloves,0.0803,0
intento_134149_black_gloves,black_gloves,0.1334,0
intento_134149_black_gloves,black_gloves,0.2058,0
intento_134149_black_gloves,black_gloves,0.4836,0
intento_134149_black_gloves,black_gloves,0.0359,0
intento_134149_black_gloves,black_gloves,0.2082,0
intento_134149_black_gloves,black_gloves,0.5607,0
intento_134149_black_gloves,black_gloves,0.2236,0
intento_134149_black_gloves,black_gloves,0.1692,0
intento_134149_black_gloves,black_gloves,0.0285,0
intento_134149_black_gloves,black_gloves,0.7659,0
intento_134149_black_gloves,black_gloves,0.1991,0
intento_134149_black_gloves,black_gloves,0.1417,0
intento_134149_black_gloves,black_gloves,0.0099,0
intento_134149_black_gloves,black_gloves,0.1642,0
intento_134149_black_gloves,black_gloves,0.619,0
intento_134149_black_gloves,black_gloves,0.3492,0
intento_134149_black_gloves,black_gloves,0.9297,0
intento_134149_black_gloves,black_gloves,0.0879,0
intento_134149_black_gloves,black_gloves,0.0436,0
intento_134149_black_gloves,black_gloves,0.2334,0
intento_134149_black_gloves,black_gloves,0.2233,0
intento_134149_black_gloves,black_gloves,0.5866,1
intento_134200_usb_c_cable,usb_c_cable,0.0118,0
intento_134200_usb_c_cable,usb_c_cable,0.2707,1
intento_134200_usb_c_cable,usb_c_cable,0.5721,0
intento_134200_usb_c_cable,usb_c_cable,0.7544,0
intento_134200_usb_c_cable,usb_c_cable,0.5209,0
intento_134200_usb_c_cable,usb_c_cable,0.3093,0
intento_134200_usb_c_cable,usb_c_cable,0.791,0
intento_134200_usb_c_cable,usb_c_cable,0.8592,0
intento_134200_usb_c_cable,usb_c_cable,0.2387,0
intento_134200_usb_c_cable,usb_c_cable,0.5658,0
intento_134200_usb_c_cable,usb_c_cable,0.5581,0
intento_134200_usb_c_cable,usb_c_cable,0.7114,0
intento_134200_usb_c_cable,usb_c_cable,0.6819,0
intento_134200_usb_c_cable,usb_c_cable,0.6052,0
intento_134200_usb_c_cable,usb_c_cable,0.1054,0
intento_134200_usb_c_cable,usb_c_cable,0.4651,0
intento_134200_usb_c_cable,usb_c_cable,0.1866,0
intento_134200_usb_c_cable,usb_c_cable,0.5728,0
intento_134200_usb_c_cable,usb_c_cable,0.3407,0
intento_134200_usb_c_cable,usb_c_cable,0.3954,0
intento_134200_usb_c_cable,usb_c_cable,0.3592,0
intento_134200_usb_c_cable,usb_c_cable,0.2744,1
intento_134200_usb_c_cable,usb_c_cable,0.4673,0
intento_134200_usb_c_cable,usb_c_cable,0.4662,0
intento_134200_usb_c_cable,usb_c_cable,0.1783,0
intento_134200_usb_c_cable,usb_c_cable,0.3058,0
intento_134200_usb_c_cable,usb_c_cable,0.3456,0
intento_134200_usb_c_cable,usb_c_cable,0.5557,0
intento_134200_usb_c_cable,usb_c_cable,0.3203,0
intento_134200_usb_c_cable,usb_c_cable,0.27,0
intento_134200_usb_c_cable,usb_c_cable,0.4647,0
intento_134200_usb_c_cable,usb_c_cable,0.1836,0
intento_134200_usb_c_cable,usb_c_cable,0.5595,1
intento_134200_usb_c_cable,usb_c_cable,0.3035,0
intento_134200_usb_c_cable,usb_c_cable,0.0548,0
intento_134200_usb_c_cable,usb_c_cable,0.0599,0
intento_134200_usb_c_cable,usb_c_cable,0.4553,0
intento_134200_usb_c_cable,usb_c_cable,0.1396,0
intento_134200_usb_c_cable,usb_c_cable,0.4171,0
intento_134200_usb_c_cable,usb_c_cable,0.3291,0
intento_134200_usb_c_cable,usb_c_cable,0.2435,0
intento_134200_usb_c_cable,usb_c_cable,0.4088,0
intento_134200_usb_c_cable,usb_c_cable,0.3178,0
intento_134200_usb_c_cable,usb_c_cable,0.549,0
intento_134200_usb_c_cable,usb_c_cable,0.7516,0
intento_134200_usb_c_cable,usb_c_cable,0.2214,0
intento_134200_usb_c_cable,usb_c_cable,0.3406,0
intento_134200_usb_c_cable,usb_c_cable,0.2777,0
intento_134200_usb_c_cable,usb_c_cable,0.7722,0
intento_134200_usb_c_cable,usb_c_cable,0.2,0
intento_134200_usb_c_cable,usb_c_cable,0.199,0
intento_134200_usb_c_cable,usb_c_cable,0.0052,0
intento_134200_usb_c_cable,usb_c_cable,0.1865,0
intento_134200_usb_c_cable,usb_c_cable,0.279,0
intento_134200_usb_c_cable,usb_c_cable,0.2314,0
intento_134200_usb_c_cable,usb_c_cable,0.3406,0
intento_134200_usb_c_cable,usb_c_cable,0.5981,0
intento_134200_usb_c_cable,usb_c_cable,0.1592,0
intento_134200_usb_c_cable,usb_c_cable,0.2236,0
intento_134200_usb_c_cable,usb_c_cable,0.4003,0
intento_134200_usb_c_cable,usb_c_cable,0.2552,1
intento_134200_usb_c_cable,usb_c_cable,0.204,1
intento_134200_usb_c_cable,usb_c_cable,0.3485,1
intento_134200_usb_c_cable,usb_c_cable,0.184,0
intento_134200_usb_c_cable,usb_c_cable,0.3876,1
intento_134200_usb_c_cable,usb_c_cable,0.0966,1
intento_134200_usb_c_cable,usb_c_cable,0.1205,0
intento_134200_usb_c_cable,usb_c_cable,0.4269,0
intento_134200_usb_c_cable,usb_c_cable,0.4049,0
intento_134200_usb_c_cable,usb_c_cable,0.1301,0
intento_134200_usb_c_cable,usb_c_cable,0.0012,0
intento_134200_usb_c_cable,usb_c_cable,0.069,0
intento_134200_usb_c_cable,usb_c_cable,0.0732,0
intento_134200_usb_c_cable,usb_c_cable,0.4,0
intento_134200_usb_c_cable,usb_c_cable,0.0009,0
intento_134200_usb_c_cable,usb_c_cable,0.4066,1
intento_134200_usb_c_cable,usb_c_cable,0.0674,0
intento_134200_usb_c_cable,usb_c_cable,0.1732,0
intento_134200_usb_c_cable,usb_c_cable,0.2156,0
intento_134200_usb_c_cable,usb_c_cable,0.111,1
intento_134200_usb_c_cable,usb_c_cable,0.3468,0
intento_134200_usb_c_cable,usb_c_cable,0.1462,0
intento_134200_usb_c_cable,usb_c_cable,0.0563,0
intento_134200_usb_c_cable,usb_c_cable,0.2591,0
intento_134200_usb_c_cable,usb_c_cable,0.4917,0
intento_134200_usb_c_cable,usb_c_cable,0.4857,0
intento_134200_usb_c_cable,usb_c_cable,0.4669,0
intento_134200_usb_c_cable,usb_c_cable,0.2301,1
intento_134200_usb_c_cable,usb_c_cable,0.0019,0
intento_134200_usb_c_cable,usb_c_cable,0.0386,0
intento_134200_usb_c_cable,usb_c_cable,0.1921,0
intento_134200_usb_c_cable,usb_c_cable,0.167,0
intento_134200_usb_c_cable,usb_c_cable,0.3473,0
intento_134200_usb_c_cable,usb_c_cable,0.2698,0
intento_134200_usb_c_cable,usb_c_cable,0.4304,0
intento_134200_usb_c_cable,usb_c_cable,0.7269,0
intento_134200_usb_c_cable,usb_c_cable,0.3302,1
intento_134200_usb_c_cable,usb_c_cable,0.1496,0
intento_134200_usb_c_cable,usb_c_cable,0.0001,0
intento_134200_usb_c_cable,usb_c_cable,0.2835,0
intento_134200_usb_c_cable,usb_c_cable,0.1572,0
intento_134200_usb_c_cable,usb_c_cable,0.2873,0
intento_134200_usb_c_cable,usb_c_cable,0.143,1
intento_134200_usb_c_cable,usb_c_cable,0.5577,0
intento_134200_usb_c_cable,usb_c_cable,0.0128,1
intento_134200_usb_c_cable,usb_c_cable,0.3432,0
intento_134200_usb_c_cable,usb_c_cable,0.3411,0
intento_134200_usb_c_cable,usb_c_cable,0.3038,0
intento_134200_usb_c_cable,usb_c_cable,0.3645,1
intento_134200_usb_c_cable,usb_c_cable,0.4541,0
intento_134200_usb_c_cable,usb_c_cable,0.3559,0
intento_134200_usb_c_cable,usb_c_cable,0.2871,0
intento_134200_usb_c_cable,usb_c_cable,0.3481,0
intento_134200_usb_c_cable,usb_c_cable,0.0054,0
intento_134200_usb_c_cable,usb_c_cable,0.1184,0
intento_134200_usb_c_cable,usb_c_cable,0.083,0
intento_134200_usb_c_cable,usb_c_cable,0.2376,0
intento_134200_usb_c_cable,usb_c_cable,0.0876,0
intento_134200_usb_c_cable,usb_c_cable,0.0004,0
intento_134200_usb_c_cable,usb_c_cable,0.5385,0
intento_134200_usb_c_cable,usb_c_cable,0.0945,1
intento_134200_usb_c_cable,usb_c_cable,0.6538,0
intento_134200_usb_c_cable,usb_c_cable,0.3313,1
intento_134200_usb_c_cable,usb_c_cable,0.0353,0
intento_134200_usb_c_cable,usb_c_cable,0.3474,0
intento_134200_usb_c_cable,usb_c_cable,0.0427,1
intento_134200_usb_c_cable,usb_c_cable,0.1466,0
intento_134200_usb_c_cable,usb_c_cable,0.2099,0
intento_134200_usb_c_cable,usb_c_cable,0.0022,0
intento_134200_usb_c_cable,usb_c_cable,0.0378,0
intento_134200_usb_c_cable,usb_c_cable,0.1439,0
intento_134200_usb_c_cable,usb_c_cable,0.4427,0
intento_134200_usb_c_cable,usb_c_cable,0.4489,1
intento_134200_usb_c_cable,usb_c_cable,0.1801,0
intento_134200_usb_c_cable,usb_c_cable,0.3292,0
intento_134200_usb_c_cable,usb_c_cable,0.1439,0
intento_134200_usb_c_cable,usb_c_cable,0.2412,1
intento_134200_usb_c_cable,usb_c_cable,0.0004,0
intento_134200_usb_c_cable,usb_c_cable,0.292,1
intento_134200_usb_c_cable,usb_c_cable,0.0278,0
intento_134200_usb_c_cable,usb_c_cable,0.1514,0
intento_134200_usb_c_cable,usb_c_cable,0.6204,0
intento_134200_usb_c_cable,usb_c_cable,0.0008,0
intento_134200_usb_c_cable,usb_c_cable,0.5245,0
intento_134200_usb_c_cable,usb_c_cable,0.0072,0
intento_134200_usb_c_cable,usb_c_cable,0.0218,0
intento_134200_usb_c_cable,usb_c_cable,0.0008,0
intento_134200_usb_c_cable,usb_c_cable,0.3946,0
intento_134200_usb_c_cable,usb_c_cable,0.2166,0
intento_134200_usb_c_cable,usb_c_cable,0.2591,0
intento_134200_usb_c_cable,usb_c_cable,0.2981,1
intento_134200_usb_c_cable,usb_c_cable,0.1599,0
intento_134200_usb_c_cable,usb_c_cable,0.3437,0
intento_134200_usb_c_cable,usb_c_cable,0.0022,0
intento_134200_usb_c_cable,usb_c_cable,0.1832,0
intento_134200_usb_c_cable,usb_c_cable,0.4824,0
intento_134200_usb_c_cable,usb_c_cable,0.2084,0
intento_134200_usb_c_cable,usb_c_cable,0.0241,0
intento_134200_usb_c_cable,usb_c_cable,0.3303,0
intento_134200_usb_c_cable,usb_c_cable,0.1608,0
intento_134200_usb_c_cable,usb_c_cable,0.0053,0
intento_134200_usb_c_cable,usb_c_cable,0.0209,0
intento_134200_usb_c_cable,usb_c_cable,0.1054,1
intento_134200_usb_c_cable,usb_c_cable,0.4762,0
intento_134200_usb_c_cable,usb_c_cable,0.0011,1
intento_134200_usb_c_cable,usb_c_cable,0.0016,0
intento_134200_usb_c_cable,usb_c_cable,0.2258,0
intento_134200_usb_c_cable,usb_c_cable,0.2452,0
intento_134200_usb_c_cable,usb_c_cable,0.0017,1
intento_134200_usb_c_cable,usb_c_cable,0.082,1
intento_134200_usb_c_cable,usb_c_cable,0.302,0
intento_134200_usb_c_cable,usb_c_cable,0.2349,0
intento_134200_usb_c_cable,usb_c_cable,0.0011,0
intento_134200_usb_c_cable,usb_c_cable,0.29,0
intento_134200_usb_c_cable,usb_c_cable,0.529,0
intento_134200_usb_c_cable,usb_c_cable,0.2076,0
intento_134200_usb_c_cable,usb_c_cable,0.1693,0
intento_134200_usb_c_cable,usb_c_cable,0.1038,0
intento_134200_usb_c_cable,usb_c_cable,0.0909,0
intento_134200_usb_c_cable,usb_c_cable,0.0005,0
intento_134200_usb_c_cable,usb_c_cable,0.0014,0
intento_134213_black_gloves,black_gloves,0.0453,0
intento_134213_black_gloves,black_gloves,0.0404,0
intento_134213_black_gloves,black_gloves,0.183,0
intento_134213_black_gloves,black_gloves,0.1025,0
intento_134213_black_gloves,black_gloves,0.0184,0
intento_134213_black_gloves,black_gloves,0.019,0
intento_134213_black_gloves,black_gloves,0.1656,0
intento_134213_black_gloves,black_gloves,0.0283,0
intento_134213_black_gloves,black_gloves,0.1914,0
intento_134213_black_gloves,black_gloves,0.0104,0
intento_134213_black_gloves,black_gloves,0.0814,0
intento_134213_black_gloves,black_gloves,0.0682,0
intento_134213_black_gloves,black_gloves,0.0676,0
intento_134213_black_gloves,black_gloves,0.2945,0
intento_134213_black_gloves,black_gloves,0.0131,0
intento_134213_black_gloves,black_gloves,0.1078,0
intento_134213_black_gloves,black_gloves,0.0953,0
intento_134213_black_gloves,black_gloves,0.0129,0
intento_134213_black_gloves,black_gloves,0.012,0
intento_134213_black_gloves,black_gloves,0.0138,0
intento_134213_black_gloves,black_gloves,0.4494,0
intento_134213_black_gloves,black_gloves,0.029,0
intento_134213_black_gloves,black_gloves,0.456,0
intento_134213_black_gloves,black_gloves,0.3247,0
intento_134213_black_gloves,black_gloves,0.0205,0
intento_134213_black_gloves,black_gloves,0.2613,0
intento_134213_black_gloves,black_gloves,0.6872,0
intento_134213_black_gloves,black_gloves,0.0204,0
intento_134213_black_gloves,black_gloves,0.0268,0
intento_134213_black_gloves,black_gloves,0.5483,0
intento_134213_black_gloves,black_gloves,0.0136,0
intento_134213_black_gloves,black_gloves,0.2047,0
intento_134213_black_gloves,black_gloves,0.0814,0
intento_134213_black_gloves,black_gloves,0.0218,0
intento_134213_black_gloves,black_gloves,0.0212,0
intento_134213_black_gloves,black_gloves,0.3622,0
intento_134213_black_gloves,black_gloves,0.1159,0
intento_134213_black_gloves,black_gloves,0.0243,0
intento_134213_black_gloves,black_gloves,0.0082,0
intento_134213_black_gloves,black_gloves,0.2346,0
intento_134213_black_gloves,black_gloves,0.0105,0
intento_134213_black_gloves,black_gloves,0.0191,0
intento_134213_black_gloves,black_gloves,0.0831,0
intento_134213_black_gloves,black_gloves,0.0831,0
intento_134213_black_gloves,black_gloves,0.0007,0
intento_134213_black_gloves,black_gloves,0.0121,0
intento_134213_black_gloves,black_gloves,0.0073,0
intento_134213_black_gloves,black_gloves,0.3827,0
intento_134213_black_gloves,black_gloves,0.0419,0
intento_134213_black_gloves,black_gloves,0.0009,0
intento_134213_black_gloves,black_gloves,0.0074,0
intento_134213_black_gloves,black_gloves,0.0322,0
intento_134213_black_gloves,black_gloves,0.022,0
intento_134213_black_gloves,black_gloves,0.126,0
intento_134213_black_gloves,black_gloves,0.6548,0
intento_134213_black_gloves,black_gloves,0.7034,0
intento_134213_black_gloves,black_gloves,0.0067,0
intento_134213_black_gloves,black_gloves,0.0208,0
intento_134213_black_gloves,black_gloves,0.017,0
intento_134213_black_gloves,black_gloves,0.1337,0
intento_134213_black_gloves,black_gloves,0.0272,0
intento_134213_black_gloves,black_gloves,0.3717,0
intento_134213_black_gloves,black_gloves,0.0096,0
intento_134213_black_gloves,black_gloves,0.0465,0
intento_134213_black_gloves,black_gloves,0.1935,0
intento_134213_black_gloves,black_gloves,0.0622,0
intento_134213_black_gloves,black_gloves,0.5321,0
intento_134213_black_gloves,black_gloves,0.0051,0
intento_134213_black_gloves,black_gloves,0.6025,0
intento_134213_black_gloves,black_gloves,0.0077,0
intento_134213_black_gloves,black_gloves,0.6306,0
intento_134213_black_gloves,black_gloves,0.0256,0
intento_134213_black_gloves,black_gloves,0.0122,0
intento_134213_black_gloves,black_gloves,0.0007,0
intento_134213_black_gloves,black_gloves,0.0014,0
intento_134213_black_gloves,black_gloves,0.0167,0
intento_134213_black_gloves,black_gloves,0.0331,0
intento_134213_black_gloves,black_gloves,0.0025,0
intento_134213_black_gloves,black_gloves,0.0592,0
intento_134213_black_gloves,black_gloves,0.0834,0
intento_134213_black_gloves,black_gloves,0.0166,0
intento_134213_black_gloves,black_gloves,0.0046,0
intento_134213_black_gloves,black_gloves,0.005,0
intento_134213_black_gloves,black_gloves,0.0051,0
intento_134213_black_gloves,black_gloves,0.0347,0
intento_134213_black_gloves,black_gloves,0.5638,0
intento_134213_black_gloves,black_gloves,0.0737,1
intento_134213_black_gloves,black_gloves,0.6645,0
intento_134213_black_gloves,black_gloves,0.0072,0
intento_134213_black_gloves,black_gloves,0.0022,0
intento_134213_black_gloves,black_gloves,0.1423,0
intento_134213_black_gloves,black_gloves,0.0204,0
intento_134213_black_gloves,black_gloves,0.0009,0
intento_134213_black_gloves,black_gloves,0.0191,1
intento_134213_black_gloves,black_gloves,0.0023,0
intento_134213_black_gloves,black_gloves,0.001,0
intento_134213_black_gloves,black_gloves,0.0036,0
intento_134213_black_gloves,black_gloves,0.0264,1
intento_134213_black_gloves,black_gloves,0.074,0
intento_134213_black_gloves,black_gloves,0.1755,0
intento_134213_black_gloves,black_gloves,0.1058,0
intento_134213_black_gloves,black_gloves,0.0009,0
intento_134213_black_gloves,black_gloves,0.001,0
intento_134213_black_gloves,black_gloves,0.0219,0
intento_134213_black_gloves,black_gloves,0.0307,0
intento_134213_black_gloves,black_gloves,0.0339,0
intento_134213_black_gloves,black_gloves,0.1595,0
intento_134213_black_gloves,black_gloves,0.1133,0
intento_134213_black_gloves,black_gloves,0.0015,0
intento_134213_black_gloves,black_gloves,0.1256,0
intento_134213_black_gloves,black_gloves,0.1488,0
intento_134213_black_gloves,black_gloves,0.0093,0
intento_134213_black_gloves,black_gloves,0.0027,0
intento_134213_black_gloves,black_gloves,0.0029,1
intento_134213_black_gloves,black_gloves,0.2775,0
intento_134213_black_gloves,black_gloves,0.1318,0
intento_134213_black_gloves,black_gloves,0.0748,0
intento_134213_black_gloves,black_gloves,0.0514,1
intento_134213_black_gloves,black_gloves,0.0383,0
intento_134213_black_gloves,black_gloves,0.0298,1
intento_134213_black_gloves,black_gloves,0.0222,1
intento_134213_black_gloves,black_gloves,0.3409,0
intento_134213_black_gloves,black_gloves,0.0016,1
intento_134213_black_gloves,black_gloves,0.0059,0
intento_134213_black_gloves,black_gloves,0.0406,0
intento_134213_black_gloves,black_gloves,0.0262,0
intento_134213_black_gloves,black_gloves,0.3327,0
intento_134213_black_gloves,black_gloves,0.1187,0
intento_134213_black_gloves,black_gloves,0.0799,0
intento_134213_black_gloves,black_gloves,0.0189,1
intento_134213_black_gloves,black_gloves,0.0175,0
intento_134213_black_gloves,black_gloves,0.0059,0
intento_134213_black_gloves,black_gloves,0.0005,0
intento_134213_black_gloves,black_gloves,0.0586,0
intento_134213_black_gloves,black_gloves,0.0347,0
intento_134213_black_gloves,black_gloves,0.0113,0
intento_134213_black_gloves,black_gloves,0.0031,0
intento_134213_black_gloves,black_gloves,0.0017,0
intento_134213_black_gloves,black_gloves,0.0457,0
intento_134213_black_gloves,black_gloves,0.0655,0
intento_134213_black_gloves,black_gloves,0.0039,0
intento_134213_black_gloves,black_gloves,0.006,0
intento_134213_black_gloves,black_gloves,0.0069,0
intento_134213_black_gloves,black_gloves,0.0071,0
intento_134213_black_gloves,black_gloves,0.0171,0
intento_134213_black_gloves,black_gloves,0.0073,0
intento_135241_camiseta_doblada,camiseta_doblada,0.0293,0
intento_135241_camiseta_doblada,camiseta_doblada,0.1321,0
intento_135241_camiseta_doblada,camiseta_doblada,0.0433,0
intento_135241_camiseta_doblada,camiseta_doblada,0.0277,0
intento_135241_camiseta_doblada,camiseta_doblada,0.02,0
intento_135241_camiseta_doblada,camiseta_doblada,0.3657,0
intento_135241_camiseta_doblada,camiseta_doblada,0.0026,0
intento_135241_camiseta_doblada,camiseta_doblada,0.0105,0
intento_135241_camiseta_doblada,camiseta_doblada,0.5116,0
intento_135241_camiseta_doblada,camiseta_doblada,0.0093,0
intento_135241_camiseta_doblada,camiseta_doblada,0.0155,0
intento_135241_camiseta_doblada,camiseta_doblada,0.0301,0
intento_135241_camiseta_doblada,camiseta_doblada,0.0048,0
intento_135241_camiseta_doblada,camiseta_doblada,0.0315,0
intento_135241_camiseta_doblada,camiseta_doblada,0.0398,0
intento_135241_camiseta_doblada,camiseta_doblada,0.0047,0
intento_135241_camiseta_doblada,camiseta_doblada,0.0058,1
intento_135241_camiseta_doblada,camiseta_doblada,0.1319,0
intento_135241_camiseta_doblada,camiseta_doblada,0.026,0
intento_135241_camiseta_doblada,camiseta_doblada,0.0027,0
intento_135241_camiseta_doblada,camiseta_doblada,0.1877,0
intento_135241_camiseta_doblada,camiseta_doblada,0.0038,0
intento_135241_camiseta_doblada,camiseta_doblada,0.0102,0
intento_135241_camiseta_doblada,camiseta_doblada,0.5684,0
intento_135241_camiseta_doblada,camiseta_doblada,0.1321,0
intento_135241_camiseta_doblada,camiseta_doblada,0.0066,0
intento_135241_camiseta_doblada,camiseta_doblada,0.0008,1
intento_135241_camiseta_doblada,camiseta_doblada,0.2091,0
intento_135241_camiseta_doblada,camiseta_doblada,0.011,0
intento_135241_camiseta_doblada,camiseta_doblada,0.2959,0
intento_135241_camiseta_doblada,camiseta_doblada,0.0067,0
intento_135241_camiseta_doblada,camiseta_doblada,0.0161,0
intento_135241_camiseta_doblada,camiseta_doblada,0.0714,0
intento_135241_camiseta_doblada,camiseta_doblada,0.0141,0
intento_135241_camiseta_doblada,camiseta_doblada,0.0224,0
intento_135241_camiseta_doblada,camiseta_doblada,0.102,0
intento_135241_camiseta_doblada,camiseta_doblada,0.1419,0
intento_135241_camiseta_doblada,camiseta_doblada,0.0594,0
intento_135241_camiseta_doblada,camiseta_doblada,0.0097,1
intento_135241_camiseta_doblada,camiseta_doblada,0.0229,0
intento_135241_camiseta_doblada,camiseta_doblada,0.0063,1
intento_135241_camiseta_doblada,camiseta_doblada,0.0148,1
intento_135241_camiseta_doblada,camiseta_doblada,0.0844,0
intento_135241_camiseta_doblada,camiseta_doblada,0.1184,0
intento_135241_camiseta_doblada,camiseta_doblada,0.0086,0
intento_135241_camiseta_doblada,camiseta_doblada,0.0376,0
intento_135241_camiseta_doblada,camiseta_doblada,0.0226,0
intento_135241_camiseta_doblada,camiseta_doblada,0.1028,0
intento_135241_camiseta_doblada,camiseta_doblada,0.0365,0
intento_135241_camiseta_doblada,camiseta_doblada,0.0088,1
intento_135241_camiseta_doblada,camiseta_doblada,0.0073,0
intento_135241_camiseta_doblada,camiseta_doblada,0.0582,0
intento_135241_camiseta_doblada,camiseta_doblada,0.0416,0
intento_135241_camiseta_doblada,camiseta_doblada,0.0063,0
intento_135241_camiseta_doblada,camiseta_doblada,0.0311,0
intento_135241_camiseta_doblada,camiseta_doblada,0.1374,0
intento_135241_camiseta_doblada,camiseta_doblada,0.0248,0
intento_135241_camiseta_doblada,camiseta_doblada,0.0107,0
intento_135241_camiseta_doblada,camiseta_doblada,0.0159,0
intento_135241_camiseta_doblada,camiseta_doblada,0.0203,0
intento_135241_camiseta_doblada,camiseta_doblada,0.0029,1
intento_135241_camiseta_doblada,camiseta_doblada,0.0398,0
intento_135241_camiseta_doblada,camiseta_doblada,0.2667,0
intento_135241_camiseta_doblada,camiseta_doblada,0.0484,1
intento_135241_camiseta_doblada,camiseta_doblada,0.005,0
intento_135241_camiseta_doblada,camiseta_doblada,0.1686,0
intento_135241_camiseta_doblada,camiseta_doblada,0.0319,0
intento_135241_camiseta_doblada,camiseta_doblada,0.0065,0
intento_135241_camiseta_doblada,camiseta_doblada,0.0629,0
intento_135241_camiseta_doblada,camiseta_doblada,0.0103,0
intento_135241_camiseta_doblada,camiseta_doblada,0.1252,0
intento_135241_camiseta_doblada,camiseta_doblada,0.1629,0
intento_135241_camiseta_doblada,camiseta_doblada,0.0013,0
intento_135241_camiseta_doblada,camiseta_doblada,0.0146,1
intento_135241_camiseta_doblada,camiseta_doblada,0.0449,0
intento_135241_camiseta_doblada,camiseta_doblada,0.0005,0
intento_135241_camiseta_doblada,camiseta_doblada,0.0021,0
intento_135241_camiseta_doblada,camiseta_doblada,0.0285,1
intento_135241_camiseta_doblada,camiseta_doblada,0.1464,0
intento_135241_camiseta_doblada,camiseta_doblada,0.0622,1
intento_135241_camiseta_doblada,camiseta_doblada,0.0043,0
intento_135241_camiseta_doblada,camiseta_doblada,0.0418,1
intento_135241_camiseta_doblada,camiseta_doblada,0.0135,1
intento_135241_camiseta_doblada,camiseta_doblada,0.0074,0
intento_135241_camiseta_doblada,camiseta_doblada,0.1834,0
intento_135241_camiseta_doblada,camiseta_doblada,0.0055,0
intento_135241_camiseta_doblada,camiseta_doblada,0.0319,0
intento_135241_camiseta_doblada,camiseta_doblada,0.0251,1
intento_135241_camiseta_doblada,camiseta_doblada,0.003,0
intento_135241_camiseta_doblada,camiseta_doblada,0.0462,0
intento_135241_camiseta_doblada,camiseta_doblada,0.077,0
intento_135241_camiseta_doblada,camiseta_doblada,0.0185,0
intento_135241_camiseta_doblada,camiseta_doblada,0.1511,0
intento_135241_camiseta_doblada,camiseta_doblada,0.0554,0
intento_135241_camiseta_doblada,camiseta_doblada,0.1405,1
intento_135241_camiseta_doblada,camiseta_doblada,0.0167,0
intento_135241_camiseta_doblada,camiseta_doblada,0.0358,0
intento_135241_camiseta_doblada,camiseta_doblada,0.0145,0
intento_135241_camiseta_doblada,camiseta_doblada,0.0039,0
intento_135241_camiseta_doblada,camiseta_doblada,0.004,0
intento_135241_camiseta_doblada,camiseta_doblada,0.0758,0
intento_135241_camiseta_doblada,camiseta_doblada,0.0236,0
intento_135241_camiseta_doblada,camiseta_doblada,0.0087,1
intento_135241_camiseta_doblada,camiseta_doblada,0.112,0
intento_135241_camiseta_doblada,camiseta_doblada,0.0547,0
intento_135241_camiseta_doblada,camiseta_doblada,0.0305,0
intento_135241_camiseta_doblada,camiseta_doblada,0.0761,0
intento_135241_camiseta_doblada,camiseta_doblada,0.0254,0
intento_135241_camiseta_doblada,camiseta_doblada,0.0053,1
intento_135241_camiseta_doblada,camiseta_doblada,0.0344,0
intento_135241_camiseta_doblada,camiseta_doblada,0.0029,0
intento_135241_camiseta_doblada,camiseta_doblada,0.0145,1
intento_135241_camiseta_doblada,camiseta_doblada,0.0174,1
intento_135241_camiseta_doblada,camiseta_doblada,0.0025,1
intento_135241_camiseta_doblada,camiseta_doblada,0.0076,0
intento_135241_camiseta_doblada,camiseta_doblada,0.0064,1
intento_135241_camiseta_doblada,camiseta_doblada,0.0041,1
intento_135241_camiseta_doblada,camiseta_doblada,0.0101,1
intento_135241_camiseta_doblada,camiseta_doblada,0.1885,1
intento_135241_camiseta_doblada,camiseta_doblada,0.002,1
intento_135241_camiseta_doblada,camiseta_doblada,0.0132,0
intento_135241_camiseta_doblada,camiseta_doblada,0.0555,0
intento_135241_camiseta_doblada,camiseta_doblada,0.0033,0
intento_135241_camiseta_doblada,camiseta_doblada,0.0103,0
intento_135241_camiseta_doblada,camiseta_doblada,0.0007,1
intento_135241_camiseta_doblada,camiseta_doblada,0.0052,0
intento_135241_camiseta_doblada,camiseta_doblada,0.0158,1
intento_135241_camiseta_doblada,camiseta_doblada,0.0305,0
intento_135241_camiseta_doblada,camiseta_doblada,0.0781,0
intento_135241_camiseta_doblada,camiseta_doblada,0.0022,1
intento_135241_camiseta_doblada,camiseta_doblada,0.0533,0
intento_135241_camiseta_doblada,camiseta_doblada,0.0052,0
intento_135241_camiseta_doblada,camiseta_doblada,0.0395,0
intento_135241_camiseta_doblada,camiseta_doblada,0.0734,1
intento_135316_camiseta_doblada,camiseta_doblada,0.0025,1
intento_135316_camiseta_doblada,camiseta_doblada,0.1813,0
intento_135316_camiseta_doblada,camiseta_doblada,0.0622,0
intento_135316_camiseta_doblada,camiseta_doblada,0.0091,1
intento_135316_camiseta_doblada,camiseta_doblada,0.0737,0
intento_135316_camiseta_doblada,camiseta_doblada,0.0192,1
intento_135316_camiseta_doblada,camiseta_doblada,0.0032,1
intento_135316_camiseta_doblada,camiseta_doblada,0.0193,0
intento_135316_camiseta_doblada,camiseta_doblada,0.0028,1
intento_135316_camiseta_doblada,camiseta_doblada,0.002,1
intento_135316_camiseta_doblada,camiseta_doblada,0.0182,0
intento_135316_camiseta_doblada,camiseta_doblada,0.004,0
intento_135316_camiseta_doblada,camiseta_doblada,0.0157,1
intento_135316_camiseta_doblada,camiseta_doblada,0.1308,0
intento_135316_camiseta_doblada,camiseta_doblada,0.0261,0
intento_135316_camiseta_doblada,camiseta_doblada,0.0111,0
intento_135316_camiseta_doblada,camiseta_doblada,0.0499,0
intento_135316_camiseta_doblada,camiseta_doblada,0.6471,0
intento_135316_camiseta_doblada,camiseta_doblada,0.0142,0
intento_135316_camiseta_doblada,camiseta_doblada,0.0285,0
intento_135316_camiseta_doblada,camiseta_doblada,0.0819,0
intento_135316_camiseta_doblada,camiseta_doblada,0.1243,0
intento_135316_camiseta_doblada,camiseta_doblada,0.0024,1
intento_135316_camiseta_doblada,camiseta_doblada,0.2844,0
intento_135316_camiseta_doblada,camiseta_doblada,0.0202,1
intento_135316_camiseta_doblada,camiseta_doblada,0.0883,1
intento_135316_camiseta_doblada,camiseta_doblada,0.0041,0
intento_135316_camiseta_doblada,camiseta_doblada,0.0426,0
intento_135316_camiseta_doblada,camiseta_doblada,0.0019,0
intento_135316_camiseta_doblada,camiseta_doblada,0.0143,1
intento_135316_camiseta_doblada,camiseta_doblada,0.0167,0
intento_135316_camiseta_doblada,camiseta_doblada,0.424,0
intento_135316_camiseta_doblada,camiseta_doblada,0.0167,0
intento_135316_camiseta_doblada,camiseta_doblada,0.017,1
intento_135316_camiseta_doblada,camiseta_doblada,0.0034,0
intento_135316_camiseta_doblada,camiseta_doblada,0.0059,0
intento_135316_camiseta_doblada,camiseta_doblada,0.007,0
intento_135316_camiseta_doblada,camiseta_doblada,0.0563,0
intento_135316_camiseta_doblada,camiseta_doblada,0.6778,0
intento_135316_camiseta_doblada,camiseta_doblada,0.055,0
intento_135316_camiseta_doblada,camiseta_doblada,0.0048,0
intento_135316_camiseta_doblada,camiseta_doblada,0.0396,0
intento_135316_camiseta_doblada,camiseta_doblada,0.0187,0
intento_135316_camiseta_doblada,camiseta_doblada,0.0032,0
intento_135316_camiseta_doblada,camiseta_doblada,0.0045,0
intento_135316_camiseta_doblada,camiseta_doblada,0.2944,0
intento_135316_camiseta_doblada,camiseta_doblada,0.0059,0
intento_135316_camiseta_doblada,camiseta_doblada,0.0228,0
intento_135316_camiseta_doblada,camiseta_doblada,0.1788,0
intento_135316_camiseta_doblada,camiseta_doblada,0.0627,0
intento_135316_camiseta_doblada,camiseta_doblada,0.023,0
intento_135316_camiseta_doblada,camiseta_doblada,0.0048,0
intento_135316_camiseta_doblada,camiseta_doblada,0.0168,0
intento_135316_camiseta_doblada,camiseta_doblada,0.0597,0
intento_135316_camiseta_doblada,camiseta_doblada,0.1624,0
intento_135316_camiseta_doblada,camiseta_doblada,0.0052,0
intento_135316_camiseta_doblada,camiseta_doblada,0.2185,0
intento_135316_camiseta_doblada,camiseta_doblada,0.4497,0
intento_135316_camiseta_doblada,camiseta_doblada,0.0316,1
intento_135316_camiseta_doblada,camiseta_doblada,0.0029,0
intento_135316_camiseta_doblada,camiseta_doblada,0.0753,0
intento_135316_camiseta_doblada,camiseta_doblada,0.0285,0
intento_135316_camiseta_doblada,camiseta_doblada,0.0035,0
intento_135316_camiseta_doblada,camiseta_doblada,0.0504,0
intento_135316_camiseta_doblada,camiseta_doblada,0.0017,0
intento_135316_camiseta_doblada,camiseta_doblada,0.0013,0
intento_135316_camiseta_doblada,camiseta_doblada,0.0237,0
intento_135316_camiseta_doblada,camiseta_doblada,0.258,0
intento_135316_camiseta_doblada,camiseta_doblada,0.1677,0
intento_135316_camiseta_doblada,camiseta_doblada,0.0418,0
intento_135316_camiseta_doblada,camiseta_doblada,0.0021,1
intento_135316_camiseta_doblada,camiseta_doblada,0.0167,0
intento_135316_camiseta_doblada,camiseta_doblada,0.2082,0
intento_135316_camiseta_doblada,camiseta_doblada,0.0036,1
intento_135316_camiseta_doblada,camiseta_doblada,0.004,0
intento_135316_camiseta_doblada,camiseta_doblada,0.0066,0
intento_135316_camiseta_doblada,camiseta_doblada,0.0065,1
intento_135316_camiseta_doblada,camiseta_doblada,0.0018,0
intento_135316_camiseta_doblada,camiseta_doblada,0.0083,0
intento_135316_camiseta_doblada,camiseta_doblada,0.0689,0
intento_135316_camiseta_doblada,camiseta_doblada,0.0603,0
intento_135316_camiseta_doblada,camiseta_doblada,0.0411,0
intento_135316_camiseta_doblada,camiseta_doblada,0.0077,0
intento_135316_camiseta_doblada,camiseta_doblada,0.0016,1
intento_135316_camiseta_doblada,camiseta_doblada,0.0062,0
intento_135316_camiseta_doblada,camiseta_doblada,0.0241,0
intento_135316_camiseta_doblada,camiseta_doblada,0.0025,0
intento_135316_camiseta_doblada,camiseta_doblada,0.0109,0
intento_135316_camiseta_doblada,camiseta_doblada,0.0289,0
intento_135316_camiseta_doblada,camiseta_doblada,0.029,0
intento_135316_camiseta_doblada,camiseta_doblada,0.0102,0
intento_135316_camiseta_doblada,camiseta_doblada,0.0146,0
intento_135316_camiseta_doblada,camiseta_doblada,0.254,0
intento_135316_camiseta_doblada,camiseta_doblada,0.0023,0
intento_135316_camiseta_doblada,camiseta_doblada,0.0066,0
intento_135316_camiseta_doblada,camiseta_doblada,0.0024,0
intento_135316_camiseta_doblada,camiseta_doblada,0.0037,0
intento_135316_camiseta_doblada,camiseta_doblada,0.032,0
intento_135316_camiseta_doblada,camiseta_doblada,0.0231,0
intento_135316_camiseta_doblada,camiseta_doblada,0.0014,1
intento_135316_camiseta_doblada,camiseta_doblada,0.0045,0
intento_135316_camiseta_doblada,camiseta_doblada,0.0032,0
intento_135316_camiseta_doblada,camiseta_doblada,0.0129,0
intento_135316_camiseta_doblada,camiseta_doblada,0.0007,0
intento_135316_camiseta_doblada,camiseta_doblada,0.1576,0
intento_135316_camiseta_doblada,camiseta_doblada,0.0076,0
intento_135316_camiseta_doblada,camiseta_doblada,0.0138,0
intento_135316_camiseta_doblada,camiseta_doblada,0.0832,1
intento_135316_camiseta_doblada,camiseta_doblada,0.0047,0
intento_135316_camiseta_doblada,camiseta_doblada,0.019,0
intento_135316_camiseta_doblada,camiseta_doblada,0.0089,0
intento_135316_camiseta_doblada,camiseta_doblada,0.0069,0
intento_135316_camiseta_doblada,camiseta_doblada,0.0031,0
intento_135316_camiseta_doblada,camiseta_doblada,0.0572,0
intento_135316_camiseta_doblada,camiseta_doblada,0.2071,0
intento_135316_camiseta_doblada,camiseta_doblada,0.0394,1
intento_135316_camiseta_doblada,camiseta_doblada,0.0059,0
intento_135316_camiseta_doblada,camiseta_doblada,0.0007,0
intento_135316_camiseta_doblada,camiseta_doblada,0.0039,1
intento_135316_camiseta_doblada,camiseta_doblada,0.0025,0
intento_135316_camiseta_doblada,camiseta_doblada,0.0069,0
intento_135316_camiseta_doblada,camiseta_doblada,0.051,0
intento_135316_camiseta_doblada,camiseta_doblada,0.0029,0
intento_135316_camiseta_doblada,camiseta_doblada,0.0039,0
intento_135316_camiseta_doblada,camiseta_doblada,0.1303,0
intento_135316_camiseta_doblada,camiseta_doblada,0.0022,0
intento_135316_camiseta_doblada,camiseta_doblada,0.0026,0
intento_135316_camiseta_doblada,camiseta_doblada,0.0018,0
intento_135316_camiseta_doblada,camiseta_doblada,0.0099,0
intento_135316_camiseta_doblada,camiseta_doblada,0.0301,0
intento_135316_camiseta_doblada,camiseta_doblada,0.0038,0
intento_135316_camiseta_doblada,camiseta_doblada,0.0093,0
intento_135316_camiseta_doblada,camiseta_doblada,0.0036,0
intento_135316_camiseta_doblada,camiseta_doblada,0.0782,0
intento_135316_camiseta_doblada,camiseta_doblada,0.0042,0
intento_135316_camiseta_doblada,camiseta_doblada,0.0028,0
intento_135316_camiseta_doblada,camiseta_doblada,0.0053,0
intento_135316_camiseta_doblada,camiseta_doblada,0.0777,0
intento_135316_camiseta_doblada,camiseta_doblada,0.0352,0
intento_135316_camiseta_doblada,camiseta_doblada,0.5301,0
intento_135316_camiseta_doblada,camiseta_doblada,0.0072,0
intento_135316_camiseta_doblada,camiseta_doblada,0.009,0
intento_135316_camiseta_doblada,camiseta_doblada,0.0311,0
intento_135316_camiseta_doblada,camiseta_doblada,0.0058,0
intento_135316_camiseta_doblada,camiseta_doblada,0.0425,0
intento_135316_camiseta_doblada,camiseta_doblada,0.019,0
intento_135316_camiseta_doblada,camiseta_doblada,0.0289,0
intento_135316_camiseta_doblada,camiseta_doblada,0.0173,0
intento_135316_camiseta_doblada,camiseta_doblada,0.0402,0
intento_135316_camiseta_doblada,camiseta_doblada,0.0013,1
intento_135316_camiseta_doblada,camiseta_doblada,0.003,0
intento_135316_camiseta_doblada,camiseta_doblada,0.0035,0
intento_135316_camiseta_doblada,camiseta_doblada,0.0953,0
intento_135316_camiseta_doblada,camiseta_doblada,0.1594,0
intento_135316_camiseta_doblada,camiseta_doblada,0.0059,0
intento_135316_camiseta_doblada,camiseta_doblada,0.0639,0
intento_135316_camiseta_doblada,camiseta_doblada,0.0422,0
intento_135316_camiseta_doblada,camiseta_doblada,0.0002,1
intento_135316_camiseta_doblada,camiseta_doblada,0.0028,0
intento_135316_camiseta_doblada,camiseta_doblada,0.0068,0
intento_135316_camiseta_doblada,camiseta_doblada,0.0069,0
intento_135316_camiseta_doblada,camiseta_doblada,0.0041,0
intento_135316_camiseta_doblada,camiseta_doblada,0.0063,0
intento_135316_camiseta_doblada,camiseta_doblada,0.0428,0
intento_135316_camiseta_doblada,camiseta_doblada,0.0036,0
intento_135316_camiseta_doblada,camiseta_doblada,0.0034,1
intento_135316_camiseta_doblada,camiseta_doblada,0.0434,0
intento_135316_camiseta_doblada,camiseta_doblada,0.0076,0
intento_135316_camiseta_doblada,camiseta_doblada,0.0042,1
intento_135316_camiseta_doblada,camiseta_doblada,0.0086,0
intento_135316_camiseta_doblada,camiseta_doblada,0.0211,0
intento_135316_camiseta_doblada,camiseta_doblada,0.0036,0
intento_135316_camiseta_doblada,camiseta_doblada,0.0053,1
intento_135316_camiseta_doblada,camiseta_doblada,0.0368,0
intento_135316_camiseta_doblada,camiseta_doblada,0.0006,0
intento_135316_camiseta_doblada,camiseta_doblada,0.0153,0
intento_135316_camiseta_doblada,camiseta_doblada,0.0149,0
intento_135316_camiseta_doblada,camiseta_doblada,0.0006,0
intento_135316_camiseta_doblada,camiseta_doblada,0.0367,1
intento_135316_camiseta_doblada,camiseta_doblada,0.5199,0
intento_135316_camiseta_doblada,camiseta_doblada,0.0365,0
intento_135316_camiseta_doblada,camiseta_doblada,0.0358,0
intento_135316_camiseta_doblada,camiseta_doblada,0.0251,0
intento_135316_camiseta_doblada,camiseta_doblada,0.4303,0
intento_135316_camiseta_doblada,camiseta_doblada,0.1303,0
intento_135316_camiseta_doblada,camiseta_doblada,0.0083,0
intento_135316_camiseta_doblada,camiseta_doblada,0.0046,0
intento_135316_camiseta_doblada,camiseta_doblada,0.0045,1
intento_135316_camiseta_doblada,camiseta_doblada,0.1027,0
intento_135316_camiseta_doblada,camiseta_doblada,0.0053,0
intento_135316_camiseta_doblada,camiseta_doblada,0.0335,0
intento_135316_camiseta_doblada,camiseta_doblada,0.015,0
intento_135316_camiseta_doblada,camiseta_doblada,0.003,0
intento_135316_camiseta_doblada,camiseta_doblada,0.0144,0
intento_135316_camiseta_doblada,camiseta_doblada,0.0055,0
intento_135316_camiseta_doblada,camiseta_doblada,0.0221,0
intento_135316_camiseta_doblada,camiseta_doblada,0.0281,0
intento_135316_camiseta_doblada,camiseta_doblada,0.0009,0
intento_135316_camiseta_doblada,camiseta_doblada,0.0043,1
intento_135316_camiseta_doblada,camiseta_doblada,0.0122,0
intento_135316_camiseta_doblada,camiseta_doblada,0.0548,0
intento_135316_camiseta_doblada,camiseta_doblada,0.2155,1
intento_135316_camiseta_doblada,camiseta_doblada,0.0331,0
intento_135316_camiseta_doblada,camiseta_doblada,0.0029,1
intento_135316_camiseta_doblada,camiseta_doblada,0.018,0
intento_135316_camiseta_doblada,camiseta_doblada,0.009,1
intento_135316_camiseta_doblada,camiseta_doblada,0.0162,0
intento_135316_camiseta_doblada,camiseta_doblada,0.0336,0
intento_135316_camiseta_doblada,camiseta_doblada,0.0142,0
intento_135316_camiseta_doblada,camiseta_doblada,0.217,0
intento_135316_camiseta_doblada,camiseta_doblada,0.019,1
intento_135316_camiseta_doblada,camiseta_doblada,0.0021,0
intento_135316_camiseta_doblada,camiseta_doblada,0.0091,0
intento_135316_camiseta_doblada,camiseta_doblada,0.0781,0
intento_135316_camiseta_doblada,camiseta_doblada,0.0321,0
intento_135316_camiseta_doblada,camiseta_doblada,0.0105,0
intento_135316_camiseta_doblada,camiseta_doblada,0.0041,1
intento_135316_camiseta_doblada,camiseta_doblada,0.0402,0
intento_135316_camiseta_doblada,camiseta_doblada,0.0075,0
intento_135316_camiseta_doblada,camiseta_doblada,0.0065,0
intento_135316_camiseta_doblada,camiseta_doblada,0.0158,0
intento_135316_camiseta_doblada,camiseta_doblada,0.0728,0
intento_135316_camiseta_doblada,camiseta_doblada,0.0723,0
intento_135316_camiseta_doblada,camiseta_doblada,0.0218,0
intento_135316_camiseta_doblada,camiseta_doblada,0.0333,0
intento_135316_camiseta_doblada,camiseta_doblada,0.0022,0
intento_135316_camiseta_doblada,camiseta_doblada,0.0152,1
intento_135316_camiseta_doblada,camiseta_doblada,0.128,0
intento_135316_camiseta_doblada,camiseta_doblada,0.0053,0
intento_135316_camiseta_doblada,camiseta_doblada,0.148,0
intento_135316_camiseta_doblada,camiseta_doblada,0.0032,0
intento_135316_camiseta_doblada,camiseta_doblada,0.1056,0
intento_135316_camiseta_doblada,camiseta_doblada,0.01,0
intento_135316_camiseta_doblada,camiseta_doblada,0.1457,0
intento_135316_camiseta_doblada,camiseta_doblada,0.0054,0
intento_135316_camiseta_doblada,camiseta_doblada,0.003,0
intento_135316_camiseta_doblada,camiseta_doblada,0.0037,0
intento_135316_camiseta_doblada,camiseta_doblada,0.0528,0
intento_135316_camiseta_doblada,camiseta_doblada,0.1059,0
intento_135316_camiseta_doblada,camiseta_doblada,0.0596,0
intento_135316_camiseta_doblada,camiseta_doblada,0.0142,0
intento_135316_camiseta_doblada,camiseta_doblada,0.0398,0
intento_135316_camiseta_doblada,camiseta_doblada,0.0022,1
intento_135316_camiseta_doblada,camiseta_doblada,0.0947,1
intento_135316_camiseta_doblada,camiseta_doblada,0.0194,0
intento_135316_camiseta_doblada,camiseta_doblada,0.0029,0
intento_135316_camiseta_doblada,camiseta_doblada,0.0035,0
intento_135316_camiseta_doblada,camiseta_doblada,0.0534,0
intento_135316_camiseta_doblada,camiseta_doblada,0.0044,0
intento_135316_camiseta_doblada,camiseta_doblada,0.0085,0
intento_135316_camiseta_doblada,camiseta_doblada,0.0012,1
intento_135316_camiseta_doblada,camiseta_doblada,0.1102,0
intento_135316_camiseta_doblada,camiseta_doblada,0.0013,0
intento_135328_camiseta_doblada,camiseta_doblada,0.0112,0
intento_135328_camiseta_doblada,camiseta_doblada,0.0652,0
intento_135328_camiseta_doblada,camiseta_doblada,0.0641,0
intento_135328_camiseta_doblada,camiseta_doblada,0.0569,0
intento_135328_camiseta_doblada,camiseta_doblada,0.0087,0
intento_135328_camiseta_doblada,camiseta_doblada,0.3615,0
intento_135328_camiseta_doblada,camiseta_doblada,0.0236,0
intento_135328_camiseta_doblada,camiseta_doblada,0.48,0
intento_135328_camiseta_doblada,camiseta_doblada,0.2647,0
intento_135328_camiseta_doblada,camiseta_doblada,0.0542,0
intento_135328_camiseta_doblada,camiseta_doblada,0.007,0
intento_135328_camiseta_doblada,camiseta_doblada,0.0061,0
intento_135328_camiseta_doblada,camiseta_doblada,0.1693,0
intento_135328_camiseta_doblada,camiseta_doblada,0.0085,0
intento_135328_camiseta_doblada,camiseta_doblada,0.5871,0
intento_135328_camiseta_doblada,camiseta_doblada,0.0223,0
intento_135328_camiseta_doblada,camiseta_doblada,0.196,0
intento_135328_camiseta_doblada,camiseta_doblada,0.0409,0
intento_135328_camiseta_doblada,camiseta_doblada,0.3115,0
intento_135328_camiseta_doblada,camiseta_doblada,0.4087,0
intento_135328_camiseta_doblada,camiseta_doblada,0.0059,0
intento_135328_camiseta_doblada,camiseta_doblada,0.0631,0
intento_135328_camiseta_doblada,camiseta_doblada,0.0246,0
intento_135328_camiseta_doblada,camiseta_doblada,0.0107,0
intento_135328_camiseta_doblada,camiseta_doblada,0.0506,0
intento_135328_camiseta_doblada,camiseta_doblada,0.2786,0
intento_135328_camiseta_doblada,camiseta_doblada,0.0064,0
intento_135328_camiseta_doblada,camiseta_doblada,0.4659,0
intento_135328_camiseta_doblada,camiseta_doblada,0.0119,0
intento_135328_camiseta_doblada,camiseta_doblada,0.0226,0
intento_135328_camiseta_doblada,camiseta_doblada,0.2766,0
intento_135328_camiseta_doblada,camiseta_doblada,0.3066,0
intento_135328_camiseta_doblada,camiseta_doblada,0.0238,0
intento_135328_camiseta_doblada,camiseta_doblada,0.0531,0
intento_135328_camiseta_doblada,camiseta_doblada,0.5375,1
intento_135328_camiseta_doblada,camiseta_doblada,0.4485,0
intento_135328_camiseta_doblada,camiseta_doblada,0.4246,0
intento_135328_camiseta_doblada,camiseta_doblada,0.0391,0
intento_135328_camiseta_doblada,camiseta_doblada,0.2,0
intento_135328_camiseta_doblada,camiseta_doblada,0.0452,0
intento_135328_camiseta_doblada,camiseta_doblada,0.0738,0
intento_135328_camiseta_doblada,camiseta_doblada,0.1428,0
intento_135328_camiseta_doblada,camiseta_doblada,0.0272,0
intento_135328_camiseta_doblada,camiseta_doblada,0.4458,0
intento_135328_camiseta_doblada,camiseta_doblada,0.0242,0
intento_135328_camiseta_doblada,camiseta_doblada,0.0491,0
intento_135328_camiseta_doblada,camiseta_doblada,0.5916,1
intento_135328_camiseta_doblada,camiseta_doblada,0.1882,0
intento_135328_camiseta_doblada,camiseta_doblada,0.3403,0
intento_135328_camiseta_doblada,camiseta_doblada,0.303,1
intento_135328_camiseta_doblada,camiseta_doblada,0.3696,0
intento_135328_camiseta_doblada,camiseta_doblada,0.0681,0
intento_135328_camiseta_doblada,camiseta_doblada,0.0981,1
intento_135328_camiseta_doblada,camiseta_doblada,0.0146,0
intento_135328_camiseta_doblada,camiseta_doblada,0.0303,0
intento_135328_camiseta_doblada,camiseta_doblada,0.2731,0
intento_135328_camiseta_doblada,camiseta_doblada,0.1211,0
intento_135328_camiseta_doblada,camiseta_doblada,0.0483,0
intento_135328_camiseta_doblada,camiseta_doblada,0.0074,0
intento_135328_camiseta_doblada,camiseta_doblada,0.0443,0
intento_135328_camiseta_doblada,camiseta_doblada,0.6059,0
intento_135328_camiseta_doblada,camiseta_doblada,0.1052,0
intento_135328_camiseta_doblada,camiseta_doblada,0.0175,0
intento_135328_camiseta_doblada,camiseta_doblada,0.0371,0
intento_135328_camiseta_doblada,camiseta_doblada,0.1662,0
intento_135328_camiseta_doblada,camiseta_doblada,0.2381,1
intento_135328_camiseta_doblada,camiseta_doblada,0.0408,0
intento_135328_camiseta_doblada,camiseta_doblada,0.0673,0
intento_135328_camiseta_doblada,camiseta_doblada,0.2309,0
intento_135328_camiseta_doblada,camiseta_doblada,0.0119,0
intento_135328_camiseta_doblada,camiseta_doblada,0.5841,0
intento_135328_camiseta_doblada,camiseta_doblada,0.0331,0
intento_135328_camiseta_doblada,camiseta_doblada,0.0276,0
intento_135328_camiseta_doblada,camiseta_doblada,0.0432,0
intento_135328_camiseta_doblada,camiseta_doblada,0.2356,1
intento_135328_camiseta_doblada,camiseta_doblada,0.1906,0
intento_135328_camiseta_doblada,camiseta_doblada,0.4004,0
intento_135328_camiseta_doblada,camiseta_doblada,0.0085,0
intento_135328_camiseta_doblada,camiseta_doblada,0.0325,0
intento_135328_camiseta_doblada,camiseta_doblada,0.0412,0
intento_135328_camiseta_doblada,camiseta_doblada,0.2319,0
intento_135328_camiseta_doblada,camiseta_doblada,0.3146,0
intento_135328_camiseta_doblada,camiseta_doblada,0.2819,1
intento_135328_camiseta_doblada,camiseta_doblada,0.0371,0
intento_135328_camiseta_doblada,camiseta_doblada,0.0308,0
intento_135328_camiseta_doblada,camiseta_doblada,0.0487,0
intento_135328_camiseta_doblada,camiseta_doblada,0.0133,0
intento_135328_camiseta_doblada,camiseta_doblada,0.024,0
intento_135328_camiseta_doblada,camiseta_doblada,0.0435,0
intento_135328_camiseta_doblada,camiseta_doblada,0.0441,0
intento_135328_camiseta_doblada,camiseta_doblada,0.0084,0
intento_135328_camiseta_doblada,camiseta_doblada,0.2345,0
intento_135328_camiseta_doblada,camiseta_doblada,0.0146,0
intento_135328_camiseta_doblada,camiseta_doblada,0.2368,1
intento_135328_camiseta_doblada,camiseta_doblada,0.2018,0
intento_135328_camiseta_doblada,camiseta_doblada,0.2927,0
intento_135328_camiseta_doblada,camiseta_doblada,0.2054,0
intento_135328_camiseta_doblada,camiseta_doblada,0.346,0
intento_135328_camiseta_doblada,camiseta_doblada,0.4351,1
intento_135328_camiseta_doblada,camiseta_doblada,0.0989,1
intento_135328_camiseta_doblada,camiseta_doblada,0.0129,0
intento_135328_camiseta_doblada,camiseta_doblada,0.0357,0
intento_135328_camiseta_doblada,camiseta_doblada,0.3956,0
intento_135328_camiseta_doblada,camiseta_doblada,0.2444,1
intento_135328_camiseta_doblada,camiseta_doblada,0.0812,0
intento_135328_camiseta_doblada,camiseta_doblada,0.1693,0
intento_135328_camiseta_doblada,camiseta_doblada,0.0074,1
intento_135328_camiseta_doblada,camiseta_doblada,0.0975,0
intento_135328_camiseta_doblada,camiseta_doblada,0.211,1
intento_135328_camiseta_doblada,camiseta_doblada,0.0265,0
intento_135328_camiseta_doblada,camiseta_doblada,0.1606,0
intento_135328_camiseta_doblada,camiseta_doblada,0.2526,0
intento_135328_camiseta_doblada,camiseta_doblada,0.0126,0
intento_135328_camiseta_doblada,camiseta_doblada,0.0925,0
intento_135328_camiseta_doblada,camiseta_doblada,0.3312,1
intento_135328_camiseta_doblada,camiseta_doblada,0.1644,0
intento_135328_camiseta_doblada,camiseta_doblada,0.1728,0
intento_135328_camiseta_doblada,camiseta_doblada,0.4005,0
intento_135328_camiseta_doblada,camiseta_doblada,0.2007,1
intento_135328_camiseta_doblada,camiseta_doblada,0.0864,0
intento_135328_camiseta_doblada,camiseta_doblada,0.2115,0
intento_135328_camiseta_doblada,camiseta_doblada,0.1698,0
intento_135328_camiseta_doblada,camiseta_doblada,0.0584,0
intento_135328_camiseta_doblada,camiseta_doblada,0.0951,0
intento_135328_camiseta_doblada,camiseta_doblada,0.214,0
intento_135328_camiseta_doblada,camiseta_doblada,0.0377,0
intento_135328_camiseta_doblada,camiseta_doblada,0.154,0
intento_135328_camiseta_doblada,camiseta_doblada,0.1537,0
intento_135328_camiseta_doblada,camiseta_doblada,0.1286,0
intento_135328_camiseta_doblada,camiseta_doblada,0.1075,0
intento_135328_camiseta_doblada,camiseta_doblada,0.462,0
intento_135328_camiseta_doblada,camiseta_doblada,0.1592,0
intento_135328_camiseta_doblada,camiseta_doblada,0.0273,0
intento_135328_camiseta_doblada,camiseta_doblada,0.2382,0
intento_135328_camiseta_doblada,camiseta_doblada,0.0321,0
intento_135328_camiseta_doblada,camiseta_doblada,0.0081,0
intento_135328_camiseta_doblada,camiseta_doblada,0.0374,0
intento_135328_camiseta_doblada,camiseta_doblada,0.0853,0
intento_135328_camiseta_doblada,camiseta_doblada,0.1408,0
intento_135328_camiseta_doblada,camiseta_doblada,0.066,0
intento_135328_camiseta_doblada,camiseta_doblada,0.1327,0
intento_135328_camiseta_doblada,camiseta_doblada,0.0224,0
intento_135328_camiseta_doblada,camiseta_doblada,0.056,1
intento_135328_camiseta_doblada,camiseta_doblada,0.2202,0
intento_135328_camiseta_doblada,camiseta_doblada,0.0167,0
intento_135328_camiseta_doblada,camiseta_doblada,0.0195,0
intento_135328_camiseta_doblada,camiseta_doblada,0.0981,0
intento_135328_camiseta_doblada,camiseta_doblada,0.134,0
intento_135328_camiseta_doblada,camiseta_doblada,0.4857,1
intento_135328_camiseta_doblada,camiseta_doblada,0.0427,0
intento_135328_camiseta_doblada,camiseta_doblada,0.1799,0
intento_135328_camiseta_doblada,camiseta_doblada,0.0102,0
intento_135328_camiseta_doblada,camiseta_doblada,0.1864,0
intento_135328_camiseta_doblada,camiseta_doblada,0.045,0
intento_135328_camiseta_doblada,camiseta_doblada,0.4871,0
intento_135328_camiseta_doblada,camiseta_doblada,0.033,0
intento_135328_camiseta_doblada,camiseta_doblada,0.0538,0
intento_135328_camiseta_doblada,camiseta_doblada,0.115,1
intento_135328_camiseta_doblada,camiseta_doblada,0.0294,0
intento_135328_camiseta_doblada,camiseta_doblada,0.1487,0
intento_135328_camiseta_doblada,camiseta_doblada,0.0765,1
intento_135328_camiseta_doblada,camiseta_doblada,0.5605,0
intento_135328_camiseta_doblada,camiseta_doblada,0.0774,0
intento_135328_camiseta_doblada,camiseta_doblada,0.0607,0
intento_135328_camiseta_doblada,camiseta_doblada,0.0365,0
intento_135328_camiseta_doblada,camiseta_doblada,0.013,0
intento_135328_camiseta_doblada,camiseta_doblada,0.1057,1
intento_135328_camiseta_doblada,camiseta_doblada,0.0765,0
intento_135328_camiseta_doblada,camiseta_doblada,0.2444,1
intento_135328_camiseta_doblada,camiseta_doblada,0.0203,0
intento_135328_camiseta_doblada,camiseta_doblada,0.4882,1
intento_135328_camiseta_doblada,camiseta_doblada,0.2434,0
intento_135328_camiseta_doblada,camiseta_doblada,0.0067,0
intento_135328_camiseta_doblada,camiseta_doblada,0.1046,0
intento_135328_camiseta_doblada,camiseta_doblada,0.1229,0
intento_135328_camiseta_doblada,camiseta_doblada,0.0126,0
intento_135328_camiseta_doblada,camiseta_doblada,0.2248,0
intento_135328_camiseta_doblada,camiseta_doblada,0.1317,0
intento_135328_camiseta_doblada,camiseta_doblada,0.0135,0
intento_135328_camiseta_doblada,camiseta_doblada,0.0675,0
intento_135328_camiseta_doblada,camiseta_doblada,0.0419,0
intento_135328_camiseta_doblada,camiseta_doblada,0.0445,0
intento_135328_camiseta_doblada,camiseta_doblada,0.1261,0
intento_135328_camiseta_doblada,camiseta_doblada,0.0112,1
intento_135328_camiseta_doblada,camiseta_doblada,0.0189,0
intento_135328_camiseta_doblada,camiseta_doblada,0.0299,1
intento_135328_camiseta_doblada,camiseta_doblada,0.044,0
intento_135328_camiseta_doblada,camiseta_doblada,0.0385,0
intento_135328_camiseta_doblada,camiseta_doblada,0.0552,0
intento_135328_camiseta_doblada,camiseta_doblada,0.008,1
intento_135328_camiseta_doblada,camiseta_doblada,0.0344,0
intento_135328_camiseta_doblada,camiseta_doblada,0.1506,0
intento_135328_camiseta_doblada,camiseta_doblada,0.0917,0
intento_135328_camiseta_doblada,camiseta_doblada,0.1994,1
intento_135328_camiseta_doblada,camiseta_doblada,0.3698,0
intento_135328_camiseta_doblada,camiseta_doblada,0.0684,0
intento_135328_camiseta_doblada,camiseta_doblada,0.0603,1
intento_135328_camiseta_doblada,camiseta_doblada,0.0968,0
intento_135328_camiseta_doblada,camiseta_doblada,0.138,0
intento_135328_camiseta_doblada,camiseta_doblada,0.0738,0
intento_135328_camiseta_doblada,camiseta_doblada,0.0965,0
intento_135328_camiseta_doblada,camiseta_doblada,0.0888,0
intento_135328_camiseta_doblada,camiseta_doblada,0.0666,0
intento_135328_camiseta_doblada,camiseta_doblada,0.1814,0
intento_135328_camiseta_doblada,camiseta_doblada,0.0684,1
intento_135328_camiseta_doblada,camiseta_doblada,0.0134,0
intento_135328_camiseta_doblada,camiseta_doblada,0.0565,0
intento_135328_camiseta_doblada,camiseta_doblada,0.0142,1
intento_135328_camiseta_doblada,camiseta_doblada,0.0952,0
intento_135328_camiseta_doblada,camiseta_doblada,0.0598,0
intento_135328_camiseta_doblada,camiseta_doblada,0.0433,0
intento_135328_camiseta_doblada,camiseta_doblada,0.0746,0
intento_135328_camiseta_doblada,camiseta_doblada,0.3232,1
intento_135328_camiseta_doblada,camiseta_doblada,0.2334,0
intento_135328_camiseta_doblada,camiseta_doblada,0.1237,0
intento_135328_camiseta_doblada,camiseta_doblada,0.0096,1
intento_135328_camiseta_doblada,camiseta_doblada,0.0639,0
intento_135328_camiseta_doblada,camiseta_doblada,0.0421,0
intento_135328_camiseta_doblada,camiseta_doblada,0.0137,0
intento_135328_camiseta_doblada,camiseta_doblada,0.0146,0
intento_135328_camiseta_doblada,camiseta_doblada,0.008,0
intento_135328_camiseta_doblada,camiseta_doblada,0.1638,0
intento_135328_camiseta_doblada,camiseta_doblada,0.0397,0
intento_135328_camiseta_doblada,camiseta_doblada,0.1117,1
intento_135328_camiseta_doblada,camiseta_doblada,0.1521,0
intento_135328_camiseta_doblada,camiseta_doblada,0.0289,0
intento_135328_camiseta_doblada,camiseta_doblada,0.2419,0
intento_135328_camiseta_doblada,camiseta_doblada,0.0097,1
intento_135328_camiseta_doblada,camiseta_doblada,0.3887,0
intento_135328_camiseta_doblada,camiseta_doblada,0.0286,0
intento_135328_camiseta_doblada,camiseta_doblada,0.223,1
intento_135328_camiseta_doblada,camiseta_doblada,0.3511,0
intento_135341_camiseta_doblada,camiseta_doblada,0.0041,0
intento_135341_camiseta_doblada,camiseta_doblada,0.0014,0
intento_135341_camiseta_doblada,camiseta_doblada,0.0314,0
intento_135341_camiseta_doblada,camiseta_doblada,0.0235,0
intento_135341_camiseta_doblada,camiseta_doblada,0.0844,0
intento_135341_camiseta_doblada,camiseta_doblada,0.0126,0
intento_135341_camiseta_doblada,camiseta_doblada,0.0075,0
intento_135341_camiseta_doblada,camiseta_doblada,0.0096,0
intento_135341_camiseta_doblada,camiseta_doblada,0.0213,0
intento_135341_camiseta_doblada,camiseta_doblada,0.0144,0
intento_135341_camiseta_doblada,camiseta_doblada,0.3969,0
intento_135341_camiseta_doblada,camiseta_doblada,0.1874,0
intento_135341_camiseta_doblada,camiseta_doblada,0.2591,0
intento_135341_camiseta_doblada,camiseta_doblada,0.5617,0
intento_135341_camiseta_doblada,camiseta_doblada,0.3991,0
intento_135341_camiseta_doblada,camiseta_doblada,0.4871,0
intento_135341_camiseta_doblada,camiseta_doblada,0.0829,1
intento_135341_camiseta_doblada,camiseta_doblada,0.3041,0
intento_135341_camiseta_doblada,camiseta_doblada,0.0162,0
intento_135341_camiseta_doblada,camiseta_doblada,0.0095,1
intento_135341_camiseta_doblada,camiseta_doblada,0.0213,0
intento_135341_camiseta_doblada,camiseta_doblada,0.0604,0
intento_135341_camiseta_doblada,camiseta_doblada,0.0105,0
intento_135341_camiseta_doblada,camiseta_doblada,0.004,0
intento_135341_camiseta_doblada,camiseta_doblada,0.0297,0
intento_135341_camiseta_doblada,camiseta_doblada,0.0644,0
intento_135341_camiseta_doblada,camiseta_doblada,0.0115,1
intento_135341_camiseta_doblada,camiseta_doblada,0.0145,1
intento_135341_camiseta_doblada,camiseta_doblada,0.0535,0
intento_135341_camiseta_doblada,camiseta_doblada,0.0573,0
intento_135341_camiseta_doblada,camiseta_doblada,0.006,0
intento_135341_camiseta_doblada,camiseta_doblada,0.0464,1
intento_135341_camiseta_doblada,camiseta_doblada,0.0802,0
intento_135341_camiseta_doblada,camiseta_doblada,0.3908,1
intento_135341_camiseta_doblada,camiseta_doblada,0.0124,0
intento_135341_camiseta_doblada,camiseta_doblada,0.054,0
intento_135341_camiseta_doblada,camiseta_doblada,0.0025,0
intento_135341_camiseta_doblada,camiseta_doblada,0.0596,1
intento_135341_camiseta_doblada,camiseta_doblada,0.0662,0
intento_135341_camiseta_doblada,camiseta_doblada,0.0666,0
intento_135341_camiseta_doblada,camiseta_doblada,0.0029,0
intento_135341_camiseta_doblada,camiseta_doblada,0.0125,0
intento_135341_camiseta_doblada,camiseta_doblada,0.001,0
intento_135341_camiseta_doblada,camiseta_doblada,0.0092,0
intento_135341_camiseta_doblada,camiseta_doblada,0.0448,0
intento_135341_camiseta_doblada,camiseta_doblada,0.1843,0
intento_135341_camiseta_doblada,camiseta_doblada,0.0524,0
intento_135341_camiseta_doblada,camiseta_doblada,0.2085,0
intento_135341_camiseta_doblada,camiseta_doblada,0.0461,0
intento_135341_camiseta_doblada,camiseta_doblada,0.0285,0
intento_135341_camiseta_doblada,camiseta_doblada,0.1023,0
intento_135341_camiseta_doblada,camiseta_doblada,0.0116,0
intento_135341_camiseta_doblada,camiseta_doblada,0.0329,0
intento_135341_camiseta_doblada,camiseta_doblada,0.0303,0
intento_135341_camiseta_doblada,camiseta_doblada,0.1516,0
intento_135341_camiseta_doblada,camiseta_doblada,0.0237,1
intento_135341_camiseta_doblada,camiseta_doblada,0.1946,0
intento_135341_camiseta_doblada,camiseta_doblada,0.0059,0
intento_135341_camiseta_doblada,camiseta_doblada,0.0117,0
intento_135341_camiseta_doblada,camiseta_doblada,0.0007,1
intento_135341_camiseta_doblada,camiseta_doblada,0.0359,0
intento_135341_camiseta_doblada,camiseta_doblada,0.0517,0
intento_135341_camiseta_doblada,camiseta_doblada,0.06,0
intento_135341_camiseta_doblada,camiseta_doblada,0.269,0
intento_135341_camiseta_doblada,camiseta_doblada,0.0966,0
intento_135341_camiseta_doblada,camiseta_doblada,0.0572,0
intento_135341_camiseta_doblada,camiseta_doblada,0.0466,1
intento_135341_camiseta_doblada,camiseta_doblada,0.0767,0
intento_135341_camiseta_doblada,camiseta_doblada,0.18,0
intento_135341_camiseta_doblada,camiseta_doblada,0.0246,0
intento_135341_camiseta_doblada,camiseta_doblada,0.0494,0
intento_135341_camiseta_doblada,camiseta_doblada,0.0132,0
intento_135341_camiseta_doblada,camiseta_doblada,0.2816,0
intento_135341_camiseta_doblada,camiseta_doblada,0.0161,0
intento_135341_camiseta_doblada,camiseta_doblada,0.0039,0
intento_135341_camiseta_doblada,camiseta_doblada,0.4345,0
intento_135341_camiseta_doblada,camiseta_doblada,0.0188,0
intento_135341_camiseta_doblada,camiseta_doblada,0.0228,0
intento_135341_camiseta_doblada,camiseta_doblada,0.1481,1
intento_135341_camiseta_doblada,camiseta_doblada,0.0567,0
intento_135341_camiseta_doblada,camiseta_doblada,0.0058,0
intento_135341_camiseta_doblada,camiseta_doblada,0.0544,0
intento_135341_camiseta_doblada,camiseta_doblada,0.0536,0
intento_135341_camiseta_doblada,camiseta_doblada,0.0322,0
intento_135341_camiseta_doblada,camiseta_doblada,0.002,0
intento_135341_camiseta_doblada,camiseta_doblada,0.0184,0
intento_135341_camiseta_doblada,camiseta_doblada,0.0492,0
intento_135341_camiseta_doblada,camiseta_doblada,0.1664,1
intento_135341_camiseta_doblada,camiseta_doblada,0.0334,0
intento_135341_camiseta_doblada,camiseta_doblada,0.1002,0
intento_135341_camiseta_doblada,camiseta_doblada,0.0187,0
intento_135341_camiseta_doblada,camiseta_doblada,0.0249,0
intento_135341_camiseta_doblada,camiseta_doblada,0.1888,0
intento_135341_camiseta_doblada,camiseta_doblada,0.042,0
intento_135341_camiseta_doblada,camiseta_doblada,0.015,0
intento_135341_camiseta_doblada,camiseta_doblada,0.0365,0
intento_135341_camiseta_doblada,camiseta_doblada,0.0184,0
intento_135341_camiseta_doblada,camiseta_doblada,0.0174,0
intento_135341_camiseta_doblada,camiseta_doblada,0.025,0
intento_135341_camiseta_doblada,camiseta_doblada,0.0323,0
intento_135341_camiseta_doblada,camiseta_doblada,0.0468,0
intento_135341_camiseta_doblada,camiseta_doblada,0.0182,0
intento_135341_camiseta_doblada,camiseta_doblada,0.0252,0
intento_135341_camiseta_doblada,camiseta_doblada,0.1863,0
intento_135341_camiseta_doblada,camiseta_doblada,0.1013,0
intento_135341_camiseta_doblada,camiseta_doblada,0.2075,0
intento_135341_camiseta_doblada,camiseta_doblada,0.0075,1
intento_135341_camiseta_doblada,camiseta_doblada,0.0603,0
intento_135341_camiseta_doblada,camiseta_doblada,0.005,1
intento_135341_camiseta_doblada,camiseta_doblada,0.061,0
intento_135341_camiseta_doblada,camiseta_doblada,0.013,0
intento_135341_camiseta_doblada,camiseta_doblada,0.0252,0
intento_135341_camiseta_doblada,camiseta_doblada,0.2676,0
intento_135341_camiseta_doblada,camiseta_doblada,0.0714,0
intento_135341_camiseta_doblada,camiseta_doblada,0.0388,0
intento_135341_camiseta_doblada,camiseta_doblada,0.058,0
intento_135341_camiseta_doblada,camiseta_doblada,0.0162,0
intento_135341_camiseta_doblada,camiseta_doblada,0.0795,1
intento_135341_camiseta_doblada,camiseta_doblada,0.048,0
intento_135341_camiseta_doblada,camiseta_doblada,0.0425,0
intento_135341_camiseta_doblada,camiseta_doblada,0.0713,1
intento_135341_camiseta_doblada,camiseta_doblada,0.0196,0
intento_135341_camiseta_doblada,camiseta_doblada,0.0596,0
intento_135341_camiseta_doblada,camiseta_doblada,0.1762,0
intento_135341_camiseta_doblada,camiseta_doblada,0.0269,0
intento_135341_camiseta_doblada,camiseta_doblada,0.1161,0
intento_135341_camiseta_doblada,camiseta_doblada,0.0401,0
intento_135341_camiseta_doblada,camiseta_doblada,0.0541,0
intento_135341_camiseta_doblada,camiseta_doblada,0.0307,0
intento_135341_camiseta_doblada,camiseta_doblada,0.2156,0
intento_135341_camiseta_doblada,camiseta_doblada,0.0176,0
intento_135341_camiseta_doblada,camiseta_doblada,0.0946,0
intento_135341_camiseta_doblada,camiseta_doblada,0.0409,0
intento_135341_camiseta_doblada,camiseta_doblada,0.0542,0
intento_135341_camiseta_doblada,camiseta_doblada,0.0773,0
intento_135341_camiseta_doblada,camiseta_doblada,0.0223,0
intento_135341_camiseta_doblada,camiseta_doblada,0.0239,0
intento_135341_camiseta_doblada,camiseta_doblada,0.0508,0
intento_135341_camiseta_doblada,camiseta_doblada,0.0167,0
intento_135341_camiseta_doblada,camiseta_doblada,0.042,0
intento_135341_camiseta_doblada,camiseta_doblada,0.0074,0
intento_135341_camiseta_doblada,camiseta_doblada,0.2784,0
intento_135341_camiseta_doblada,camiseta_doblada,0.0258,0
intento_135341_camiseta_doblada,camiseta_doblada,0.1886,0
intento_135341_camiseta_doblada,camiseta_doblada,0.0065,0
intento_135341_camiseta_doblada,camiseta_doblada,0.006,1
intento_135341_camiseta_doblada,camiseta_doblada,0.0038,0
intento_135341_camiseta_doblada,camiseta_doblada,0.0778,0
intento_135341_camiseta_doblada,camiseta_doblada,0.0086,0
intento_135341_camiseta_doblada,camiseta_doblada,0.042,0
intento_135341_camiseta_doblada,camiseta_doblada,0.0297,0
intento_135341_camiseta_doblada,camiseta_doblada,0.0564,0
intento_135341_camiseta_doblada,camiseta_doblada,0.0255,0
intento_135341_camiseta_doblada,camiseta_doblada,0.0586,0
intento_135341_camiseta_doblada,camiseta_doblada,0.0175,0
intento_135341_camiseta_doblada,camiseta_doblada,0.0213,0
intento_135341_camiseta_doblada,camiseta_doblada,0.0602,0
intento_135341_camiseta_doblada,camiseta_doblada,0.0631,1
intento_135341_camiseta_doblada,camiseta_doblada,0.1051,0
intento_135341_camiseta_doblada,camiseta_doblada,0.0708,0
intento_135341_camiseta_doblada,camiseta_doblada,0.0614,1
intento_135341_camiseta_doblada,camiseta_doblada,0.0171,0
intento_135341_camiseta_doblada,camiseta_doblada,0.0216,0
intento_135341_camiseta_doblada,camiseta_doblada,0.029,0
intento_135341_camiseta_doblada,camiseta_doblada,0.0174,1
intento_135341_camiseta_doblada,camiseta_doblada,0.0069,0
intento_135341_camiseta_doblada,camiseta_doblada,0.0229,0
intento_135341_camiseta_doblada,camiseta_doblada,0.0071,0
intento_135341_camiseta_doblada,camiseta_doblada,0.0245,0
intento_135341_camiseta_doblada,camiseta_doblada,0.0061,0
intento_135341_camiseta_doblada,camiseta_doblada,0.0097,0
intento_135341_camiseta_doblada,camiseta_doblada,0.0053,0
intento_135341_camiseta_doblada,camiseta_doblada,0.0484,0
intento_135341_camiseta_doblada,camiseta_doblada,0.006,0
intento_135341_camiseta_doblada,camiseta_doblada,0.2087,0
intento_135341_camiseta_doblada,camiseta_doblada,0.0179,0
intento_135341_camiseta_doblada,camiseta_doblada,0.0413,0
intento_135341_camiseta_doblada,camiseta_doblada,0.0054,1
intento_135341_camiseta_doblada,camiseta_doblada,0.2588,0
intento_135341_camiseta_doblada,camiseta_doblada,0.0262,0
intento_135341_camiseta_doblada,camiseta_doblada,0.1521,0
intento_135341_camiseta_doblada,camiseta_doblada,0.0087,0
intento_135341_camiseta_doblada,camiseta_doblada,0.0479,0
intento_135341_camiseta_doblada,camiseta_doblada,0.0775,0
intento_135341_camiseta_doblada,camiseta_doblada,0.0287,1
intento_135341_camiseta_doblada,camiseta_doblada,0.0225,0
intento_135341_camiseta_doblada,camiseta_doblada,0.0172,0
intento_135341_camiseta_doblada,camiseta_doblada,0.1252,0
intento_135341_camiseta_doblada,camiseta_doblada,0.034,0
intento_135341_camiseta_doblada,camiseta_doblada,0.0031,0
intento_135341_camiseta_doblada,camiseta_doblada,0.0224,0
intento_135341_camiseta_doblada,camiseta_doblada,0.1242,0
intento_135341_camiseta_doblada,camiseta_doblada,0.0347,0
intento_135341_camiseta_doblada,camiseta_doblada,0.0854,0
intento_135341_camiseta_doblada,camiseta_doblada,0.0246,0
intento_135341_camiseta_doblada,camiseta_doblada,0.0387,0
intento_135341_camiseta_doblada,camiseta_doblada,0.1039,0
intento_135341_camiseta_doblada,camiseta_doblada,0.0195,0
intento_135341_camiseta_doblada,camiseta_doblada,0.037,0
intento_135341_camiseta_doblada,camiseta_doblada,0.0042,0
intento_135341_camiseta_doblada,camiseta_doblada,0.003,0
intento_135341_camiseta_doblada,camiseta_doblada,0.0444,0
intento_135341_camiseta_doblada,camiseta_doblada,0.0082,1
intento_135341_camiseta_doblada,camiseta_doblada,0.0317,0
intento_135341_camiseta_doblada,camiseta_doblada,0.0044,0
intento_135341_camiseta_doblada,camiseta_doblada,0.0096,0
intento_135341_camiseta_doblada,camiseta_doblada,0.0145,0
intento_135341_camiseta_doblada,camiseta_doblada,0.0371,0
intento_135341_camiseta_doblada,camiseta_doblada,0.0033,1
intento_135341_camiseta_doblada,camiseta_doblada,0.024,0
intento_135341_camiseta_doblada,camiseta_doblada,0.0528,0
intento_135341_camiseta_doblada,camiseta_doblada,0.0048,1
intento_135341_camiseta_doblada,camiseta_doblada,0.0119,0
intento_135341_camiseta_doblada,camiseta_doblada,0.092,1
intento_135341_camiseta_doblada,camiseta_doblada,0.0036,0
intento_135341_camiseta_doblada,camiseta_doblada,0.2385,0
intento_135341_camiseta_doblada,camiseta_doblada,0.0546,0
intento_135341_camiseta_doblada,camiseta_doblada,0.0044,0
intento_135341_camiseta_doblada,camiseta_doblada,0.0198,1
intento_135341_camiseta_doblada,camiseta_doblada,0.0197,0
intento_135341_camiseta_doblada,camiseta_doblada,0.0304,0
intento_135341_camiseta_doblada,camiseta_doblada,0.0103,0
intento_135341_camiseta_doblada,camiseta_doblada,0.0029,0
intento_135341_camiseta_doblada,camiseta_doblada,0.0469,0
intento_135341_camiseta_doblada,camiseta_doblada,0.1527,0
intento_135341_camiseta_doblada,camiseta_doblada,0.0083,0
intento_135341_camiseta_doblada,camiseta_doblada,0.0702,0
intento_135341_camiseta_doblada,camiseta_doblada,0.1275,0
intento_135341_camiseta_doblada,camiseta_doblada,0.0296,0
intento_135341_camiseta_doblada,camiseta_doblada,0.0235,0
intento_135341_camiseta_doblada,camiseta_doblada,0.0039,1
intento_135341_camiseta_doblada,camiseta_doblada,0.0244,0
intento_135341_camiseta_doblada,camiseta_doblada,0.1065,0
intento_135341_camiseta_doblada,camiseta_doblada,0.0437,0
intento_135341_camiseta_doblada,camiseta_doblada,0.0601,0
intento_135341_camiseta_doblada,camiseta_doblada,0.2508,1
intento_135341_camiseta_doblada,camiseta_doblada,0.0182,0
intento_135341_camiseta_doblada,camiseta_doblada,0.1189,1
intento_135341_camiseta_doblada,camiseta_doblada,0.0097,0
intento_135341_camiseta_doblada,camiseta_doblada,0.0187,0
intento_135353_camiseta_doblada,camiseta_doblada,0.0575,0
intento_135353_camiseta_doblada,camiseta_doblada,0.0368,0
intento_135353_camiseta_doblada,camiseta_doblada,0.0085,0
intento_135353_camiseta_doblada,camiseta_doblada,0.0951,1
intento_135353_camiseta_doblada,camiseta_doblada,0.1966,1
intento_135353_camiseta_doblada,camiseta_doblada,0.1207,0
intento_135353_camiseta_doblada,camiseta_doblada,0.0008,0
intento_135353_camiseta_doblada,camiseta_doblada,0.0427,0
intento_135353_camiseta_doblada,camiseta_doblada,0.0048,0
intento_135353_camiseta_doblada,camiseta_doblada,0.0752,0
intento_135353_camiseta_doblada,camiseta_doblada,0.2025,1
intento_135353_camiseta_doblada,camiseta_doblada,0.2359,1
intento_135353_camiseta_doblada,camiseta_doblada,0.1133,0
intento_135353_camiseta_doblada,camiseta_doblada,0.0111,0
intento_135353_camiseta_doblada,camiseta_doblada,0.0128,1
intento_135353_camiseta_doblada,camiseta_doblada,0.0042,0
intento_135353_camiseta_doblada,camiseta_doblada,0.0574,0
intento_135353_camiseta_doblada,camiseta_doblada,0.0398,0
intento_135353_camiseta_doblada,camiseta_doblada,0.0403,0
intento_135353_camiseta_doblada,camiseta_doblada,0.0814,0
intento_135353_camiseta_doblada,camiseta_doblada,0.0974,1
intento_135353_camiseta_doblada,camiseta_doblada,0.0155,0
intento_135353_camiseta_doblada,camiseta_doblada,0.1232,0
intento_135353_camiseta_doblada,camiseta_doblada,0.1203,1
intento_135353_camiseta_doblada,camiseta_doblada,0.0218,1
intento_135353_camiseta_doblada,camiseta_doblada,0.0044,0
intento_135353_camiseta_doblada,camiseta_doblada,0.1373,1
intento_135353_camiseta_doblada,camiseta_doblada,0.0176,1
intento_135353_camiseta_doblada,camiseta_doblada,0.433,0
intento_135353_camiseta_doblada,camiseta_doblada,0.063,1
intento_135353_camiseta_doblada,camiseta_doblada,0.1077,1
intento_135353_camiseta_doblada,camiseta_doblada,0.0222,0
intento_135353_camiseta_doblada,camiseta_doblada,0.0109,0
intento_135353_camiseta_doblada,camiseta_doblada,0.0077,0
intento_135353_camiseta_doblada,camiseta_doblada,0.0082,1
intento_135353_camiseta_doblada,camiseta_doblada,0.0784,0
intento_135353_camiseta_doblada,camiseta_doblada,0.0026,0
intento_135353_camiseta_doblada,camiseta_doblada,0.1862,0
intento_135353_camiseta_doblada,camiseta_doblada,0.0314,0
intento_135353_camiseta_doblada,camiseta_doblada,0.0037,1
intento_135353_camiseta_doblada,camiseta_doblada,0.0161,0
intento_135353_camiseta_doblada,camiseta_doblada,0.0065,0
intento_135353_camiseta_doblada,camiseta_doblada,0.018,0
intento_135353_camiseta_doblada,camiseta_doblada,0.0139,0
intento_135353_camiseta_doblada,camiseta_doblada,0.0087,0
intento_135353_camiseta_doblada,camiseta_doblada,0.0596,0
intento_135353_camiseta_doblada,camiseta_doblada,0.0443,0
intento_135353_camiseta_doblada,camiseta_doblada,0.0288,0
intento_135353_camiseta_doblada,camiseta_doblada,0.0036,0
intento_135353_camiseta_doblada,camiseta_doblada,0.0118,1
intento_135353_camiseta_doblada,camiseta_doblada,0.212,0
intento_135353_camiseta_doblada,camiseta_doblada,0.0351,1
intento_135353_camiseta_doblada,camiseta_doblada,0.0146,0
intento_135353_camiseta_doblada,camiseta_doblada,0.2524,1
intento_135353_camiseta_doblada,camiseta_doblada,0.129,1
intento_135353_camiseta_doblada,camiseta_doblada,0.0252,0
intento_135353_camiseta_doblada,camiseta_doblada,0.0083,0
intento_135353_camiseta_doblada,camiseta_doblada,0.0272,0
intento_135353_camiseta_doblada,camiseta_doblada,0.1667,0
intento_135353_camiseta_doblada,camiseta_doblada,0.0826,0
intento_135353_camiseta_doblada,camiseta_doblada,0.0121,1
intento_135353_camiseta_doblada,camiseta_doblada,0.0009,1
intento_135353_camiseta_doblada,camiseta_doblada,0.0834,1
intento_135353_camiseta_doblada,camiseta_doblada,0.0011,1
intento_135353_camiseta_doblada,camiseta_doblada,0.0037,0
intento_135353_camiseta_doblada,camiseta_doblada,0.0347,0
intento_135353_camiseta_doblada,camiseta_doblada,0.0139,0
intento_135353_camiseta_doblada,camiseta_doblada,0.0121,0
intento_135353_camiseta_doblada,camiseta_doblada,0.1908,0
intento_135353_camiseta_doblada,camiseta_doblada,0.0561,1
intento_135353_camiseta_doblada,camiseta_doblada,0.0321,0
intento_135353_camiseta_doblada,camiseta_doblada,0.0297,0
intento_135353_camiseta_doblada,camiseta_doblada,0.0021,0
intento_135353_camiseta_doblada,camiseta_doblada,0.0047,0
intento_135353_camiseta_doblada,camiseta_doblada,0.0068,0
intento_135353_camiseta_doblada,camiseta_doblada,0.017,0
intento_135353_camiseta_doblada,camiseta_doblada,0.2603,1
intento_135353_camiseta_doblada,camiseta_doblada,0.161,0
intento_135353_camiseta_doblada,camiseta_doblada,0.0202,0
intento_135353_camiseta_doblada,camiseta_doblada,0.0045,0
intento_135353_camiseta_doblada,camiseta_doblada,0.0162,1
intento_135353_camiseta_doblada,camiseta_doblada,0.0064,0
intento_135353_camiseta_doblada,camiseta_doblada,0.1873,0
intento_135353_camiseta_doblada,camiseta_doblada,0.0198,0
intento_135353_camiseta_doblada,camiseta_doblada,0.0195,0
intento_135353_camiseta_doblada,camiseta_doblada,0.0008,1
intento_135353_camiseta_doblada,camiseta_doblada,0.1779,0
intento_135353_camiseta_doblada,camiseta_doblada,0.0015,0
intento_135353_camiseta_doblada,camiseta_doblada,0.0318,1
intento_135353_camiseta_doblada,camiseta_doblada,0.326,0
intento_135353_camiseta_doblada,camiseta_doblada,0.0718,0
intento_135353_camiseta_doblada,camiseta_doblada,0.0131,0
intento_135353_camiseta_doblada,camiseta_doblada,0.0438,0
intento_135353_camiseta_doblada,camiseta_doblada,0.0951,1
intento_135353_camiseta_doblada,camiseta_doblada,0.0453,1
intento_135353_camiseta_doblada,camiseta_doblada,0.024,1
intento_135353_camiseta_doblada,camiseta_doblada,0.0126,1
intento_135353_camiseta_doblada,camiseta_doblada,0.0267,0
intento_135353_camiseta_doblada,camiseta_doblada,0.1937,1
intento_135353_camiseta_doblada,camiseta_doblada,0.0043,0
intento_135353_camiseta_doblada,camiseta_doblada,0.0194,0
intento_135353_camiseta_doblada,camiseta_doblada,0.306,1
intento_135353_camiseta_doblada,camiseta_doblada,0.0088,0
intento_135353_camiseta_doblada,camiseta_doblada,0.058,0
intento_135353_camiseta_doblada,camiseta_doblada,0.0176,0
intento_135353_camiseta_doblada,camiseta_doblada,0.028,0
intento_135353_camiseta_doblada,camiseta_doblada,0.4212,0
intento_135353_camiseta_doblada,camiseta_doblada,0.021,1
intento_135353_camiseta_doblada,camiseta_doblada,0.0275,0
intento_135353_camiseta_doblada,camiseta_doblada,0.0063,1
intento_135353_camiseta_doblada,camiseta_doblada,0.0053,0
intento_135353_camiseta_doblada,camiseta_doblada,0.0687,1
intento_135353_camiseta_doblada,camiseta_doblada,0.059,0
intento_135353_camiseta_doblada,camiseta_doblada,0.1887,0
intento_135353_camiseta_doblada,camiseta_doblada,0.0141,0
intento_135353_camiseta_doblada,camiseta_doblada,0.0581,0
intento_135353_camiseta_doblada,camiseta_doblada,0.0553,0
intento_135353_camiseta_doblada,camiseta_doblada,0.0438,0
intento_135353_camiseta_doblada,camiseta_doblada,0.0011,0
intento_135353_camiseta_doblada,camiseta_doblada,0.0113,1
intento_135353_camiseta_doblada,camiseta_doblada,0.0368,1
intento_135353_camiseta_doblada,camiseta_doblada,0.0257,0
intento_135353_camiseta_doblada,camiseta_doblada,0.004,0
intento_135353_camiseta_doblada,camiseta_doblada,0.0286,0
intento_135353_camiseta_doblada,camiseta_doblada,0.0059,0
intento_135353_camiseta_doblada,camiseta_doblada,0.0199,0
intento_135353_camiseta_doblada,camiseta_doblada,0.301,0
intento_135353_camiseta_doblada,camiseta_doblada,0.1346,0
intento_135353_camiseta_doblada,camiseta_doblada,0.0242,0
intento_135353_camiseta_doblada,camiseta_doblada,0.0545,0
intento_135353_camiseta_doblada,camiseta_doblada,0.0985,0
intento_135353_camiseta_doblada,camiseta_doblada,0.0012,0
intento_135353_camiseta_doblada,camiseta_doblada,0.0108,0
intento_135353_camiseta_doblada,camiseta_doblada,0.004,1
intento_135353_camiseta_doblada,camiseta_doblada,0.0544,0
intento_135353_camiseta_doblada,camiseta_doblada,0.0901,0
intento_135353_camiseta_doblada,camiseta_doblada,0.0729,1
intento_135353_camiseta_doblada,camiseta_doblada,0.0825,0
intento_135353_camiseta_doblada,camiseta_doblada,0.013,0
intento_135353_camiseta_doblada,camiseta_doblada,0.0064,0
intento_135353_camiseta_doblada,camiseta_doblada,0.0058,0
intento_135353_camiseta_doblada,camiseta_doblada,0.0503,0
intento_135353_camiseta_doblada,camiseta_doblada,0.0289,0
intento_135353_camiseta_doblada,camiseta_doblada,0.0192,0
intento_135353_camiseta_doblada,camiseta_doblada,0.0344,1
intento_135353_camiseta_doblada,camiseta_doblada,0.1049,0
intento_135353_camiseta_doblada,camiseta_doblada,0.0066,1
intento_135353_camiseta_doblada,camiseta_doblada,0.0008,0
intento_135353_camiseta_doblada,camiseta_doblada,0.0361,0
intento_135353_camiseta_doblada,camiseta_doblada,0.0084,0
intento_135353_camiseta_doblada,camiseta_doblada,0.0259,1
intento_135353_camiseta_doblada,camiseta_doblada,0.0271,0
intento_135353_camiseta_doblada,camiseta_doblada,0.1121,0
intento_135353_camiseta_doblada,camiseta_doblada,0.004,0
intento_135353_camiseta_doblada,camiseta_doblada,0.0059,0
intento_135353_camiseta_doblada,camiseta_doblada,0.0625,0
intento_135353_camiseta_doblada,camiseta_doblada,0.0126,1
intento_135353_camiseta_doblada,camiseta_doblada,0.0073,0
intento_135353_camiseta_doblada,camiseta_doblada,0.0138,1
intento_135353_camiseta_doblada,camiseta_doblada,0.0251,0
intento_135353_camiseta_doblada,camiseta_doblada,0.1877,1
intento_135353_camiseta_doblada,camiseta_doblada,0.0247,0
intento_135353_camiseta_doblada,camiseta_doblada,0.0039,1
intento_135353_camiseta_doblada,camiseta_doblada,0.0449,0
intento_135353_camiseta_doblada,camiseta_doblada,0.0762,0
intento_135353_camiseta_doblada,camiseta_doblada,0.0624,1
intento_135353_camiseta_doblada,camiseta_doblada,0.0167,0
intento_135353_camiseta_doblada,camiseta_doblada,0.0098,0
intento_135353_camiseta_doblada,camiseta_doblada,0.0464,1
intento_135353_camiseta_doblada,camiseta_doblada,0.0085,0
intento_135353_camiseta_doblada,camiseta_doblada,0.0413,0
intento_135353_camiseta_doblada,camiseta_doblada,0.0475,0
intento_135353_camiseta_doblada,camiseta_doblada,0.0469,0
intento_135353_camiseta_doblada,camiseta_doblada,0.0489,0
intento_135353_camiseta_doblada,camiseta_doblada,0.0181,0
intento_135353_camiseta_doblada,camiseta_doblada,0.0186,1
intento_135353_camiseta_doblada,camiseta_doblada,0.0999,0
intento_135353_camiseta_doblada,camiseta_doblada,0.0092,1
intento_135353_camiseta_doblada,camiseta_doblada,0.1144,0
intento_135353_camiseta_doblada,camiseta_doblada,0.0182,1
intento_135353_camiseta_doblada,camiseta_doblada,0.0236,1
intento_135353_camiseta_doblada,camiseta_doblada,0.0255,0
intento_135353_camiseta_doblada,camiseta_doblada,0.0473,0
intento_135353_camiseta_doblada,camiseta_doblada,0.0781,0
intento_135353_camiseta_doblada,camiseta_doblada,0.0059,0
intento_135353_camiseta_doblada,camiseta_doblada,0.0042,0
intento_135353_camiseta_doblada,camiseta_doblada,0.0177,0
intento_135353_camiseta_doblada,camiseta_doblada,0.053,0
intento_135353_camiseta_doblada,camiseta_doblada,0.0204,0
intento_135353_camiseta_doblada,camiseta_doblada,0.0118,0
intento_135353_camiseta_doblada,camiseta_doblada,0.0104,0
intento_135353_camiseta_doblada,camiseta_doblada,0.0114,0
intento_135353_camiseta_doblada,camiseta_doblada,0.0758,0
intento_135353_camiseta_doblada,camiseta_doblada,0.006,0
intento_135353_camiseta_doblada,camiseta_doblada,0.0036,0
intento_135353_camiseta_doblada,camiseta_doblada,0.0116,1
intento_135353_camiseta_doblada,camiseta_doblada,0.0737,0
intento_135353_camiseta_doblada,camiseta_doblada,0.034,0
intento_135353_camiseta_doblada,camiseta_doblada,0.0169,0
intento_135353_camiseta_doblada,camiseta_doblada,0.3498,0
intento_135353_camiseta_doblada,camiseta_doblada,0.0028,0
intento_135353_camiseta_doblada,camiseta_doblada,0.0234,0
intento_135353_camiseta_doblada,camiseta_doblada,0.0012,1
intento_135353_camiseta_doblada,camiseta_doblada,0.0074,0
intento_135353_camiseta_doblada,camiseta_doblada,0.0206,0
intento_135353_camiseta_doblada,camiseta_doblada,0.0034,0
intento_135353_camiseta_doblada,camiseta_doblada,0.0379,0
intento_135353_camiseta_doblada,camiseta_doblada,0.0116,0
intento_135353_camiseta_doblada,camiseta_doblada,0.0044,0
intento_135353_camiseta_doblada,camiseta_doblada,0.0665,0
intento_135353_camiseta_doblada,camiseta_doblada,0.0337,0
intento_135353_camiseta_doblada,camiseta_doblada,0.0035,0
intento_135353_camiseta_doblada,camiseta_doblada,0.0258,0
intento_135353_camiseta_doblada,camiseta_doblada,0.0116,0
intento_135353_camiseta_doblada,camiseta_doblada,0.0046,0
intento_135353_camiseta_doblada,camiseta_doblada,0.1029,1
intento_135353_camiseta_doblada,camiseta_doblada,0.0073,0
intento_135353_camiseta_doblada,camiseta_doblada,0.0021,0
intento_135353_camiseta_doblada,camiseta_doblada,0.0012,0
intento_135353_camiseta_doblada,camiseta_doblada,0.0345,0
intento_135353_camiseta_doblada,camiseta_doblada,0.0152,0
intento_135353_camiseta_doblada,camiseta_doblada,0.0341,0
intento_135353_camiseta_doblada,camiseta_doblada,0.0029,0
intento_135353_camiseta_doblada,camiseta_doblada,0.004,0
intento_135353_camiseta_doblada,camiseta_doblada,0.0043,0
intento_135353_camiseta_doblada,camiseta_doblada,0.0839,0
intento_135353_camiseta_doblada,camiseta_doblada,0.0117,1
intento_135353_camiseta_doblada,camiseta_doblada,0.0384,0
intento_135353_camiseta_doblada,camiseta_doblada,0.257,0
intento_135353_camiseta_doblada,camiseta_doblada,0.0064,0
intento_135353_camiseta_doblada,camiseta_doblada,0.0035,1
intento_135353_camiseta_doblada,camiseta_doblada,0.0681,1
intento_135353_camiseta_doblada,camiseta_doblada,0.0329,0
intento_135353_camiseta_doblada,camiseta_doblada,0.0175,1
intento_135353_camiseta_doblada,camiseta_doblada,0.0151,1
intento_135353_camiseta_doblada,camiseta_doblada,0.027,0
intento_135353_camiseta_doblada,camiseta_doblada,0.0541,1
intento_135353_camiseta_doblada,camiseta_doblada,0.0206,0
intento_135353_camiseta_doblada,camiseta_doblada,0.0383,0
intento_135353_camiseta_doblada,camiseta_doblada,0.0268,0
intento_135353_camiseta_doblada,camiseta_doblada,0.0701,0
intento_135353_camiseta_doblada,camiseta_doblada,0.0143,0
intento_135353_camiseta_doblada,camiseta_doblada,0.1073,0
intento_135353_camiseta_doblada,camiseta_doblada,0.0032,1
intento_135353_camiseta_doblada,camiseta_doblada,0.0225,0
intento_135353_camiseta_doblada,camiseta_doblada,0.0076,0
intento_135353_camiseta_doblada,camiseta_doblada,0.023,0
intento_135353_camiseta_doblada,camiseta_doblada,0.1244,0
intento_135353_camiseta_doblada,camiseta_doblada,0.034,0
intento_135353_camiseta_doblada,camiseta_doblada,0.0698,0
intento_135353_camiseta_doblada,camiseta_doblada,0.1891,0
intento_135353_camiseta_doblada,camiseta_doblada,0.1722,0
intento_135353_camiseta_doblada,camiseta_doblada,0.0006,1
intento_135353_camiseta_doblada,camiseta_doblada,0.1296,0
intento_135405_camiseta_doblada,camiseta_doblada,0.0565,0
intento_135405_camiseta_doblada,camiseta_doblada,0.0123,0
intento_135405_camiseta_doblada,camiseta_doblada,0.0867,0
intento_135405_camiseta_doblada,camiseta_doblada,0.0123,0
intento_135405_camiseta_doblada,camiseta_doblada,0.0116,0
intento_135405_camiseta_doblada,camiseta_doblada,0.0123,0
intento_135405_camiseta_doblada,camiseta_doblada,0.0214,0
intento_135405_camiseta_doblada,camiseta_doblada,0.0144,0
intento_135405_camiseta_doblada,camiseta_doblada,0.0078,0
intento_135405_camiseta_doblada,camiseta_doblada,0.014,0
intento_135405_camiseta_doblada,camiseta_doblada,0.0051,0
intento_135405_camiseta_doblada,camiseta_doblada,0.0171,0
intento_135405_camiseta_doblada,camiseta_doblada,0.0648,0
intento_135405_camiseta_doblada,camiseta_doblada,0.2658,1
intento_135405_camiseta_doblada,camiseta_doblada,0.0546,0
intento_135405_camiseta_doblada,camiseta_doblada,0.0056,0
intento_135405_camiseta_doblada,camiseta_doblada,0.0349,1
intento_135405_camiseta_doblada,camiseta_doblada,0.1285,1
intento_135405_camiseta_doblada,camiseta_doblada,0.0151,0
intento_135405_camiseta_doblada,camiseta_doblada,0.1496,0
intento_135405_camiseta_doblada,camiseta_doblada,0.1183,0
intento_135405_camiseta_doblada,camiseta_doblada,0.0591,0
intento_135405_camiseta_doblada,camiseta_doblada,0.0041,0
intento_135405_camiseta_doblada,camiseta_doblada,0.0102,0
intento_135405_camiseta_doblada,camiseta_doblada,0.0152,0
intento_135405_camiseta_doblada,camiseta_doblada,0.0288,0
intento_135405_camiseta_doblada,camiseta_doblada,0.0267,0
intento_135405_camiseta_doblada,camiseta_doblada,0.2168,0
intento_135405_camiseta_doblada,camiseta_doblada,0.0129,1
intento_135405_camiseta_doblada,camiseta_doblada,0.0172,0
intento_135405_camiseta_doblada,camiseta_doblada,0.0372,0
intento_135405_camiseta_doblada,camiseta_doblada,0.007,0
intento_135405_camiseta_doblada,camiseta_doblada,0.4827,0
intento_135405_camiseta_doblada,camiseta_doblada,0.0409,0
intento_135405_camiseta_doblada,camiseta_doblada,0.0155,0
intento_135405_camiseta_doblada,camiseta_doblada,0.0621,0
intento_135405_camiseta_doblada,camiseta_doblada,0.0062,0
intento_135405_camiseta_doblada,camiseta_doblada,0.0121,0
intento_135405_camiseta_doblada,camiseta_doblada,0.0211,0
intento_135405_camiseta_doblada,camiseta_doblada,0.0991,0
intento_135405_camiseta_doblada,camiseta_doblada,0.0012,0
intento_135405_camiseta_doblada,camiseta_doblada,0.0055,0
intento_135405_camiseta_doblada,camiseta_doblada,0.4641,0
intento_135405_camiseta_doblada,camiseta_doblada,0.0043,0
intento_135405_camiseta_doblada,camiseta_doblada,0.0639,0
intento_135405_camiseta_doblada,camiseta_doblada,0.0569,0
intento_135405_camiseta_doblada,camiseta_doblada,0.0435,0
intento_135405_camiseta_doblada,camiseta_doblada,0.0027,0
intento_135405_camiseta_doblada,camiseta_doblada,0.0192,0
intento_135405_camiseta_doblada,camiseta_doblada,0.0353,0
intento_135405_camiseta_doblada,camiseta_doblada,0.0558,0
intento_135405_camiseta_doblada,camiseta_doblada,0.0175,0
intento_135405_camiseta_doblada,camiseta_doblada,0.4356,0
intento_135405_camiseta_doblada,camiseta_doblada,0.0086,0
intento_135405_camiseta_doblada,camiseta_doblada,0.0373,0
intento_135405_camiseta_doblada,camiseta_doblada,0.0232,0
intento_135405_camiseta_doblada,camiseta_doblada,0.1069,0
intento_135405_camiseta_doblada,camiseta_doblada,0.004,0
intento_135405_camiseta_doblada,camiseta_doblada,0.6378,0
intento_135405_camiseta_doblada,camiseta_doblada,0.1705,1
intento_135405_camiseta_doblada,camiseta_doblada,0.0014,0
intento_135405_camiseta_doblada,camiseta_doblada,0.019,0
intento_135405_camiseta_doblada,camiseta_doblada,0.1411,0
intento_135405_camiseta_doblada,camiseta_doblada,0.0068,1
intento_135405_camiseta_doblada,camiseta_doblada,0.0626,0
intento_135405_camiseta_doblada,camiseta_doblada,0.0368,0
intento_135405_camiseta_doblada,camiseta_doblada,0.0631,0
intento_135405_camiseta_doblada,camiseta_doblada,0.6249,0
intento_135405_camiseta_doblada,camiseta_doblada,0.0251,0
intento_135405_camiseta_doblada,camiseta_doblada,0.0147,0
intento_135405_camiseta_doblada,camiseta_doblada,0.0094,0
intento_135405_camiseta_doblada,camiseta_doblada,0.1538,1
intento_135405_camiseta_doblada,camiseta_doblada,0.0035,1
intento_135405_camiseta_doblada,camiseta_doblada,0.0166,0
intento_135405_camiseta_doblada,camiseta_doblada,0.0106,0
intento_135405_camiseta_doblada,camiseta_doblada,0.3311,1
intento_135405_camiseta_doblada,camiseta_doblada,0.0032,0
intento_135405_camiseta_doblada,camiseta_doblada,0.5533,0
intento_135405_camiseta_doblada,camiseta_doblada,0.4022,0
intento_135405_camiseta_doblada,camiseta_doblada,0.0372,0
intento_135405_camiseta_doblada,camiseta_doblada,0.3406,0
intento_135405_camiseta_doblada,camiseta_doblada,0.0104,0
intento_135405_camiseta_doblada,camiseta_doblada,0.125,0
intento_135405_camiseta_doblada,camiseta_doblada,0.0048,0
intento_135405_camiseta_doblada,camiseta_doblada,0.6141,0
intento_135405_camiseta_doblada,camiseta_doblada,0.6421,0
intento_135405_camiseta_doblada,camiseta_doblada,0.0121,0
intento_135405_camiseta_doblada,camiseta_doblada,0.0753,0
intento_135405_camiseta_doblada,camiseta_doblada,0.1204,0
intento_135405_camiseta_doblada,camiseta_doblada,0.0155,0
intento_135405_camiseta_doblada,camiseta_doblada,0.0887,1
intento_135405_camiseta_doblada,camiseta_doblada,0.5182,0
intento_135405_camiseta_doblada,camiseta_doblada,0.0651,0
intento_135405_camiseta_doblada,camiseta_doblada,0.0196,0
intento_135405_camiseta_doblada,camiseta_doblada,0.2712,0
intento_135405_camiseta_doblada,camiseta_doblada,0.0529,0
intento_135405_camiseta_doblada,camiseta_doblada,0.0082,0
intento_135405_camiseta_doblada,camiseta_doblada,0.0062,0
intento_135405_camiseta_doblada,camiseta_doblada,0.0185,0
intento_135405_camiseta_doblada,camiseta_doblada,0.0039,0
intento_135405_camiseta_doblada,camiseta_doblada,0.1209,0
intento_135405_camiseta_doblada,camiseta_doblada,0.0054,1
intento_135405_camiseta_doblada,camiseta_doblada,0.1296,0
intento_135405_camiseta_doblada,camiseta_doblada,0.2192,1
intento_135405_camiseta_doblada,camiseta_doblada,0.5085,0
intento_135405_camiseta_doblada,camiseta_doblada,0.2829,1
intento_135405_camiseta_doblada,camiseta_doblada,0.0165,0
intento_135405_camiseta_doblada,camiseta_doblada,0.0271,0
intento_135405_camiseta_doblada,camiseta_doblada,0.5877,0
intento_135405_camiseta_doblada,camiseta_doblada,0.0345,0
intento_135405_camiseta_doblada,camiseta_doblada,0.0168,0
intento_135405_camiseta_doblada,camiseta_doblada,0.0098,0
intento_135405_camiseta_doblada,camiseta_doblada,0.0424,1
intento_135405_camiseta_doblada,camiseta_doblada,0.0691,1
intento_135405_camiseta_doblada,camiseta_doblada,0.0064,0
intento_135405_camiseta_doblada,camiseta_doblada,0.0055,0
intento_135405_camiseta_doblada,camiseta_doblada,0.2072,1
intento_135405_camiseta_doblada,camiseta_doblada,0.077,0
intento_135405_camiseta_doblada,camiseta_doblada,0.0098,1
intento_135405_camiseta_doblada,camiseta_doblada,0.2032,0
intento_135405_camiseta_doblada,camiseta_doblada,0.1537,1
intento_135405_camiseta_doblada,camiseta_doblada,0.039,0
intento_135405_camiseta_doblada,camiseta_doblada,0.4892,0
intento_135405_camiseta_doblada,camiseta_doblada,0.175,0
intento_135405_camiseta_doblada,camiseta_doblada,0.0077,0
intento_135405_camiseta_doblada,camiseta_doblada,0.0038,0
intento_135405_camiseta_doblada,camiseta_doblada,0.0868,0
intento_135405_camiseta_doblada,camiseta_doblada,0.2955,0
intento_135405_camiseta_doblada,camiseta_doblada,0.0011,0
intento_135405_camiseta_doblada,camiseta_doblada,0.0153,0
intento_135405_camiseta_doblada,camiseta_doblada,0.0006,0
intento_135405_camiseta_doblada,camiseta_doblada,0.2353,0
intento_135405_camiseta_doblada,camiseta_doblada,0.3312,1
intento_135405_camiseta_doblada,camiseta_doblada,0.0084,0
intento_135405_camiseta_doblada,camiseta_doblada,0.0232,0
intento_135405_camiseta_doblada,camiseta_doblada,0.0041,1
intento_135405_camiseta_doblada,camiseta_doblada,0.0345,0
intento_135405_camiseta_doblada,camiseta_doblada,0.0588,0
intento_135405_camiseta_doblada,camiseta_doblada,0.0092,0
intento_135405_camiseta_doblada,camiseta_doblada,0.0197,0
intento_135405_camiseta_doblada,camiseta_doblada,0.0202,0
intento_135405_camiseta_doblada,camiseta_doblada,0.0466,0
intento_135405_camiseta_doblada,camiseta_doblada,0.0083,0
intento_135405_camiseta_doblada,camiseta_doblada,0.0007,0
intento_135405_camiseta_doblada,camiseta_doblada,0.0077,0
intento_135405_camiseta_doblada,camiseta_doblada,0.0042,0
intento_135405_camiseta_doblada,camiseta_doblada,0.3022,0
intento_135405_camiseta_doblada,camiseta_doblada,0.0099,0
intento_135405_camiseta_doblada,camiseta_doblada,0.3811,0
intento_135405_camiseta_doblada,camiseta_doblada,0.1142,0
intento_135405_camiseta_doblada,camiseta_doblada,0.0046,1
intento_135405_camiseta_doblada,camiseta_doblada,0.0567,0
intento_135405_camiseta_doblada,camiseta_doblada,0.0014,1
intento_135405_camiseta_doblada,camiseta_doblada,0.0005,0
intento_135405_camiseta_doblada,camiseta_doblada,0.1271,0
intento_135405_camiseta_doblada,camiseta_doblada,0.082,0
intento_135405_camiseta_doblada,camiseta_doblada,0.0008,0
intento_135405_camiseta_doblada,camiseta_doblada,0.3105,1
intento_135405_camiseta_doblada,camiseta_doblada,0.2156,0
intento_135405_camiseta_doblada,camiseta_doblada,0.1236,1
intento_135405_camiseta_doblada,camiseta_doblada,0.0552,0
intento_135405_camiseta_doblada,camiseta_doblada,0.0016,0
intento_135405_camiseta_doblada,camiseta_doblada,0.0192,0
intento_135405_camiseta_doblada,camiseta_doblada,0.1809,0
intento_135405_camiseta_doblada,camiseta_doblada,0.1868,0
intento_135405_camiseta_doblada,camiseta_doblada,0.0335,0
intento_135405_camiseta_doblada,camiseta_doblada,0.0487,0
intento_135405_camiseta_doblada,camiseta_doblada,0.2655,0
intento_135405_camiseta_doblada,camiseta_doblada,0.2229,1
intento_135405_camiseta_doblada,camiseta_doblada,0.0145,0
intento_135405_camiseta_doblada,camiseta_doblada,0.0056,1
intento_135405_camiseta_doblada,camiseta_doblada,0.0074,0
intento_135405_camiseta_doblada,camiseta_doblada,0.0094,0
intento_135405_camiseta_doblada,camiseta_doblada,0.0259,0
intento_135405_camiseta_doblada,camiseta_doblada,0.1278,0
intento_135405_camiseta_doblada,camiseta_doblada,0.0852,0
intento_135405_camiseta_doblada,camiseta_doblada,0.0632,1
intento_135405_camiseta_doblada,camiseta_doblada,0.0759,0
intento_135405_camiseta_doblada,camiseta_doblada,0.184,1
intento_135405_camiseta_doblada,camiseta_doblada,0.0313,0
intento_135405_camiseta_doblada,camiseta_doblada,0.1636,1
intento_135405_camiseta_doblada,camiseta_doblada,0.0064,0
intento_135405_camiseta_doblada,camiseta_doblada,0.0348,0
intento_135405_camiseta_doblada,camiseta_doblada,0.0684,0
intento_135405_camiseta_doblada,camiseta_doblada,0.0012,1
intento_135405_camiseta_doblada,camiseta_doblada,0.0279,0
intento_135405_camiseta_doblada,camiseta_doblada,0.0012,1
intento_135405_camiseta_doblada,camiseta_doblada,0.0127,0
intento_135405_camiseta_doblada,camiseta_doblada,0.2915,1
intento_135405_camiseta_doblada,camiseta_doblada,0.0673,0
intento_135405_camiseta_doblada,camiseta_doblada,0.1843,0
intento_135405_camiseta_doblada,camiseta_doblada,0.0995,1
intento_135405_camiseta_doblada,camiseta_doblada,0.3299,0
intento_135405_camiseta_doblada,camiseta_doblada,0.0403,0
intento_135405_camiseta_doblada,camiseta_doblada,0.0089,0
intento_135405_camiseta_doblada,camiseta_doblada,0.0383,0
intento_135405_camiseta_doblada,camiseta_doblada,0.0104,0
intento_135405_camiseta_doblada,camiseta_doblada,0.0016,0
intento_135405_camiseta_doblada,camiseta_doblada,0.2169,1
intento_135405_camiseta_doblada,camiseta_doblada,0.0935,1
intento_135405_camiseta_doblada,camiseta_doblada,0.0481,0
intento_135405_camiseta_doblada,camiseta_doblada,0.1266,1
intento_135405_camiseta_doblada,camiseta_doblada,0.0852,0
intento_135405_camiseta_doblada,camiseta_doblada,0.001,0
intento_135405_camiseta_doblada,camiseta_doblada,0.0149,1
intento_135405_camiseta_doblada,camiseta_doblada,0.3028,1
intento_135405_camiseta_doblada,camiseta_doblada,0.0232,0
intento_135405_camiseta_doblada,camiseta_doblada,0.006,0
intento_135405_camiseta_doblada,camiseta_doblada,0.0436,0
intento_135405_camiseta_doblada,camiseta_doblada,0.0271,0
intento_135405_camiseta_doblada,camiseta_doblada,0.0016,0
intento_135405_camiseta_doblada,camiseta_doblada,0.0213,0
intento_135405_camiseta_doblada,camiseta_doblada,0.0373,0
intento_135405_camiseta_doblada,camiseta_doblada,0.007,0
intento_135405_camiseta_doblada,camiseta_doblada,0.0849,0
intento_135405_camiseta_doblada,camiseta_doblada,0.0137,0
intento_135405_camiseta_doblada,camiseta_doblada,0.0147,0
intento_135405_camiseta_doblada,camiseta_doblada,0.2203,0
intento_135405_camiseta_doblada,camiseta_doblada,0.0256,0
intento_135405_camiseta_doblada,camiseta_doblada,0.0638,0
intento_135405_camiseta_doblada,camiseta_doblada,0.1675,0
intento_135405_camiseta_doblada,camiseta_doblada,0.1582,1
intento_135405_camiseta_doblada,camiseta_doblada,0.035,0
intento_135405_camiseta_doblada,camiseta_doblada,0.0152,0
intento_135405_camiseta_doblada,camiseta_doblada,0.0692,0
intento_135405_camiseta_doblada,camiseta_doblada,0.0348,0
intento_135405_camiseta_doblada,camiseta_doblada,0.0038,0
intento_135405_camiseta_doblada,camiseta_doblada,0.0761,0
intento_135405_camiseta_doblada,camiseta_doblada,0.0052,1
intento_135405_camiseta_doblada,camiseta_doblada,0.0931,1
intento_135405_camiseta_doblada,camiseta_doblada,0.0067,0
intento_135405_camiseta_doblada,camiseta_doblada,0.272,0
intento_135405_camiseta_doblada,camiseta_doblada,0.0971,0
intento_135405_camiseta_doblada,camiseta_doblada,0.6716,0
intento_135405_camiseta_doblada,camiseta_doblada,0.0169,0
intento_135405_camiseta_doblada,camiseta_doblada,0.0937,0
intento_135405_camiseta_doblada,camiseta_doblada,0.0432,0
intento_135405_camiseta_doblada,camiseta_doblada,0.2241,0
intento_135405_camiseta_doblada,camiseta_doblada,0.1384,0
intento_135405_camiseta_doblada,camiseta_doblada,0.1042,1
intento_135405_camiseta_doblada,camiseta_doblada,0.0267,0
intento_135405_camiseta_doblada,camiseta_doblada,0.4108,0
intento_135405_camiseta_doblada,camiseta_doblada,0.0394,0
intento_135405_camiseta_doblada,camiseta_doblada,0.0032,1
intento_135405_camiseta_doblada,camiseta_doblada,0.0702,0
intento_135405_camiseta_doblada,camiseta_doblada,0.0633,0
intento_135405_camiseta_doblada,camiseta_doblada,0.0679,0
intento_135405_camiseta_doblada,camiseta_doblada,0.0034,1
intento_135405_camiseta_doblada,camiseta_doblada,0.0492,0
intento_135405_camiseta_doblada,camiseta_doblada,0.4693,1
intento_135405_camiseta_doblada,camiseta_doblada,0.0009,1
intento_135414_camiseta_doblada,camiseta_doblada,0.0751,0
intento_135414_camiseta_doblada,camiseta_doblada,0.0644,0
intento_135414_camiseta_doblada,camiseta_doblada,0.0361,0
intento_135414_camiseta_doblada,camiseta_doblada,0.3364,0
intento_135414_camiseta_doblada,camiseta_doblada,0.1959,0
intento_135414_camiseta_doblada,camiseta_doblada,0.0437,0
intento_135414_camiseta_doblada,camiseta_doblada,0.0953,0
intento_135414_camiseta_doblada,camiseta_doblada,0.3419,0
intento_135414_camiseta_doblada,camiseta_doblada,0.1247,1
intento_135414_camiseta_doblada,camiseta_doblada,0.2024,0
intento_135414_camiseta_doblada,camiseta_doblada,0.3609,0
intento_135414_camiseta_doblada,camiseta_doblada,0.7108,0
intento_135414_camiseta_doblada,camiseta_doblada,0.1373,0
intento_135414_camiseta_doblada,camiseta_doblada,0.2589,0
intento_135414_camiseta_doblada,camiseta_doblada,0.4649,0
intento_135414_camiseta_doblada,camiseta_doblada,0.1157,0
intento_135414_camiseta_doblada,camiseta_doblada,0.1643,0
intento_135414_camiseta_doblada,camiseta_doblada,0.2701,0
intento_135414_camiseta_doblada,camiseta_doblada,0.0761,0
intento_135414_camiseta_doblada,camiseta_doblada,0.698,0
intento_135414_camiseta_doblada,camiseta_doblada,0.2206,0
intento_135414_camiseta_doblada,camiseta_doblada,0.2702,0
intento_135414_camiseta_doblada,camiseta_doblada,0.3422,0
intento_135414_camiseta_doblada,camiseta_doblada,0.0619,0
intento_135414_camiseta_doblada,camiseta_doblada,0.1048,0
intento_135414_camiseta_doblada,camiseta_doblada,0.0322,0
intento_135414_camiseta_doblada,camiseta_doblada,0.2689,0
intento_135414_camiseta_doblada,camiseta_doblada,0.0274,0
intento_135414_camiseta_doblada,camiseta_doblada,0.0489,0
intento_135414_camiseta_doblada,camiseta_doblada,0.2842,0
intento_135414_camiseta_doblada,camiseta_doblada,0.4054,0
intento_135414_camiseta_doblada,camiseta_doblada,0.1893,0
intento_135414_camiseta_doblada,camiseta_doblada,0.0607,0
intento_135414_camiseta_doblada,camiseta_doblada,0.0869,0
intento_135414_camiseta_doblada,camiseta_doblada,0.1214,0
intento_135414_camiseta_doblada,camiseta_doblada,0.1002,0
intento_135414_camiseta_doblada,camiseta_doblada,0.0809,0
intento_135414_camiseta_doblada,camiseta_doblada,0.0505,0
intento_135414_camiseta_doblada,camiseta_doblada,0.0519,0
intento_135414_camiseta_doblada,camiseta_doblada,0.0484,0
intento_135414_camiseta_doblada,camiseta_doblada,0.195,0
intento_135414_camiseta_doblada,camiseta_doblada,0.0547,0
intento_135414_camiseta_doblada,camiseta_doblada,0.107,0
intento_135414_camiseta_doblada,camiseta_doblada,0.3955,0
intento_135414_camiseta_doblada,camiseta_doblada,0.0554,0
intento_135414_camiseta_doblada,camiseta_doblada,0.4267,0
intento_135414_camiseta_doblada,camiseta_doblada,0.2169,0
intento_135414_camiseta_doblada,camiseta_doblada,0.2538,0
intento_135414_camiseta_doblada,camiseta_doblada,0.3711,0
intento_135414_camiseta_doblada,camiseta_doblada,0.6456,0
intento_135414_camiseta_doblada,camiseta_doblada,0.1157,0
intento_135414_camiseta_doblada,camiseta_doblada,0.0416,0
intento_135414_camiseta_doblada,camiseta_doblada,0.0384,0
intento_135414_camiseta_doblada,camiseta_doblada,0.0151,0
intento_135414_camiseta_doblada,camiseta_doblada,0.713,0
intento_135414_camiseta_doblada,camiseta_doblada,0.0474,0
intento_135414_camiseta_doblada,camiseta_doblada,0.3142,1
intento_135414_camiseta_doblada,camiseta_doblada,0.0341,0
intento_135414_camiseta_doblada,camiseta_doblada,0.2157,1
intento_135414_camiseta_doblada,camiseta_doblada,0.0162,1
intento_135414_camiseta_doblada,camiseta_doblada,0.1525,0
intento_135414_camiseta_doblada,camiseta_doblada,0.0387,1
intento_135414_camiseta_doblada,camiseta_doblada,0.0371,0
intento_135414_camiseta_doblada,camiseta_doblada,0.6431,0
intento_135414_camiseta_doblada,camiseta_doblada,0.0608,0
intento_135414_camiseta_doblada,camiseta_doblada,0.1204,0
intento_135414_camiseta_doblada,camiseta_doblada,0.1918,0
intento_135414_camiseta_doblada,camiseta_doblada,0.0497,0
intento_135414_camiseta_doblada,camiseta_doblada,0.078,0
intento_135414_camiseta_doblada,camiseta_doblada,0.0963,1
intento_135414_camiseta_doblada,camiseta_doblada,0.1139,0
intento_135414_camiseta_doblada,camiseta_doblada,0.1592,0
intento_135414_camiseta_doblada,camiseta_doblada,0.0764,0
intento_135414_camiseta_doblada,camiseta_doblada,0.2256,0
intento_135414_camiseta_doblada,camiseta_doblada,0.1686,0
intento_135414_camiseta_doblada,camiseta_doblada,0.1317,0
intento_135414_camiseta_doblada,camiseta_doblada,0.0983,0
intento_135414_camiseta_doblada,camiseta_doblada,0.2659,0
intento_135414_camiseta_doblada,camiseta_doblada,0.3897,0
intento_135414_camiseta_doblada,camiseta_doblada,0.0456,0
intento_135414_camiseta_doblada,camiseta_doblada,0.5613,0
intento_135414_camiseta_doblada,camiseta_doblada,0.0278,0
intento_135414_camiseta_doblada,camiseta_doblada,0.107,1
intento_135414_camiseta_doblada,camiseta_doblada,0.0756,1
intento_135414_camiseta_doblada,camiseta_doblada,0.1121,0
intento_135414_camiseta_doblada,camiseta_doblada,0.0209,0
intento_135414_camiseta_doblada,camiseta_doblada,0.2839,0
intento_135414_camiseta_doblada,camiseta_doblada,0.1316,0
intento_135414_camiseta_doblada,camiseta_doblada,0.642,0
intento_135414_camiseta_doblada,camiseta_doblada,0.0443,0
intento_135414_camiseta_doblada,camiseta_doblada,0.1014,0
intento_135414_camiseta_doblada,camiseta_doblada,0.2875,0
intento_135414_camiseta_doblada,camiseta_doblada,0.0911,0
intento_135414_camiseta_doblada,camiseta_doblada,0.0518,0
intento_135414_camiseta_doblada,camiseta_doblada,0.2049,0
intento_135414_camiseta_doblada,camiseta_doblada,0.1955,0
intento_135414_camiseta_doblada,camiseta_doblada,0.066,0
intento_135414_camiseta_doblada,camiseta_doblada,0.0991,0
intento_135414_camiseta_doblada,camiseta_doblada,0.1537,0
intento_135414_camiseta_doblada,camiseta_doblada,0.0472,0
intento_135414_camiseta_doblada,camiseta_doblada,0.1634,0
intento_135414_camiseta_doblada,camiseta_doblada,0.0626,0
intento_135414_camiseta_doblada,camiseta_doblada,0.0558,1
intento_135414_camiseta_doblada,camiseta_doblada,0.4507,0
intento_135414_camiseta_doblada,camiseta_doblada,0.0453,1
intento_135414_camiseta_doblada,camiseta_doblada,0.2027,0
intento_135414_camiseta_doblada,camiseta_doblada,0.1578,0
intento_135414_camiseta_doblada,camiseta_doblada,0.1909,0
intento_135414_camiseta_doblada,camiseta_doblada,0.662,0
intento_135414_camiseta_doblada,camiseta_doblada,0.5352,0
intento_135414_camiseta_doblada,camiseta_doblada,0.0737,1
intento_135414_camiseta_doblada,camiseta_doblada,0.088,0
intento_135414_camiseta_doblada,camiseta_doblada,0.5921,1
intento_135414_camiseta_doblada,camiseta_doblada,0.1519,0
intento_135414_camiseta_doblada,camiseta_doblada,0.1103,0
intento_135414_camiseta_doblada,camiseta_doblada,0.0882,0
intento_135414_camiseta_doblada,camiseta_doblada,0.1698,0
intento_135414_camiseta_doblada,camiseta_doblada,0.2485,0
intento_135414_camiseta_doblada,camiseta_doblada,0.0979,0
intento_135414_camiseta_doblada,camiseta_doblada,0.1272,0
intento_135414_camiseta_doblada,camiseta_doblada,0.138,0
intento_135414_camiseta_doblada,camiseta_doblada,0.044,1
intento_135414_camiseta_doblada,camiseta_doblada,0.2072,0
intento_135414_camiseta_doblada,camiseta_doblada,0.2801,0
intento_135414_camiseta_doblada,camiseta_doblada,0.2381,0
intento_135414_camiseta_doblada,camiseta_doblada,0.4586,1
intento_135414_camiseta_doblada,camiseta_doblada,0.0667,0
intento_135414_camiseta_doblada,camiseta_doblada,0.656,0
intento_135414_camiseta_doblada,camiseta_doblada,0.1454,0
intento_135414_camiseta_doblada,camiseta_doblada,0.1227,0
intento_135414_camiseta_doblada,camiseta_doblada,0.2587,0
intento_135414_camiseta_doblada,camiseta_doblada,0.0381,0
intento_135414_camiseta_doblada,camiseta_doblada,0.1313,0
intento_135414_camiseta_doblada,camiseta_doblada,0.1855,0
intento_135414_camiseta_doblada,camiseta_doblada,0.076,1
intento_135414_camiseta_doblada,camiseta_doblada,0.0605,1
intento_135414_camiseta_doblada,camiseta_doblada,0.1488,0
intento_135414_camiseta_doblada,camiseta_doblada,0.1706,0
intento_135414_camiseta_doblada,camiseta_doblada,0.4475,0
intento_135414_camiseta_doblada,camiseta_doblada,0.0577,0
intento_135414_camiseta_doblada,camiseta_doblada,0.1043,1
intento_135414_camiseta_doblada,camiseta_doblada,0.405,0
intento_135414_camiseta_doblada,camiseta_doblada,0.0781,0
intento_135414_camiseta_doblada,camiseta_doblada,0.0833,0
intento_135414_camiseta_doblada,camiseta_doblada,0.1269,0
intento_135414_camiseta_doblada,camiseta_doblada,0.5639,1
intento_135414_camiseta_doblada,camiseta_doblada,0.021,0
intento_135414_camiseta_doblada,camiseta_doblada,0.0342,0
intento_135414_camiseta_doblada,camiseta_doblada,0.2238,0
intento_135414_camiseta_doblada,camiseta_doblada,0.1216,0
intento_135414_camiseta_doblada,camiseta_doblada,0.098,0
intento_135414_camiseta_doblada,camiseta_doblada,0.2241,0
intento_135414_camiseta_doblada,camiseta_doblada,0.5535,1
intento_135414_camiseta_doblada,camiseta_doblada,0.0586,0
intento_135414_camiseta_doblada,camiseta_doblada,0.0552,0
intento_135414_camiseta_doblada,camiseta_doblada,0.0348,1
intento_135414_camiseta_doblada,camiseta_doblada,0.1041,1
intento_135414_camiseta_doblada,camiseta_doblada,0.1528,1
intento_135414_camiseta_doblada,camiseta_doblada,0.0132,1
intento_135414_camiseta_doblada,camiseta_doblada,0.2545,0
intento_135414_camiseta_doblada,camiseta_doblada,0.1215,1
intento_135414_camiseta_doblada,camiseta_doblada,0.1247,0
intento_135414_camiseta_doblada,camiseta_doblada,0.1589,0
intento_135414_camiseta_doblada,camiseta_doblada,0.0514,0
intento_135414_camiseta_doblada,camiseta_doblada,0.1833,1
intento_135414_camiseta_doblada,camiseta_doblada,0.0311,1
intento_135414_camiseta_doblada,camiseta_doblada,0.028,1
intento_135414_camiseta_doblada,camiseta_doblada,0.0348,1
intento_135414_camiseta_doblada,camiseta_doblada,0.0111,1
intento_135414_camiseta_doblada,camiseta_doblada,0.0893,0
intento_135426_camiseta_doblada,camiseta_doblada,0.3058,0
intento_135426_camiseta_doblada,camiseta_doblada,0.6768,0
intento_135426_camiseta_doblada,camiseta_doblada,0.0713,1
intento_135426_camiseta_doblada,camiseta_doblada,0.5652,0
intento_135426_camiseta_doblada,camiseta_doblada,0.6034,0
intento_135426_camiseta_doblada,camiseta_doblada,0.2194,0
intento_135426_camiseta_doblada,camiseta_doblada,0.2271,1
intento_135426_camiseta_doblada,camiseta_doblada,0.2513,0
intento_135426_camiseta_doblada,camiseta_doblada,0.6587,0
intento_135426_camiseta_doblada,camiseta_doblada,0.3772,0
intento_135426_camiseta_doblada,camiseta_doblada,0.556,0
intento_135426_camiseta_doblada,camiseta_doblada,0.0811,0
intento_135426_camiseta_doblada,camiseta_doblada,0.1222,0
intento_135426_camiseta_doblada,camiseta_doblada,0.2627,0
intento_135426_camiseta_doblada,camiseta_doblada,0.2123,0
intento_135426_camiseta_doblada,camiseta_doblada,0.396,0
intento_135426_camiseta_doblada,camiseta_doblada,0.1456,0
intento_135426_camiseta_doblada,camiseta_doblada,0.1465,1
intento_135426_camiseta_doblada,camiseta_doblada,0.1346,0
intento_135426_camiseta_doblada,camiseta_doblada,0.3015,0
intento_135426_camiseta_doblada,camiseta_doblada,0.3286,0
intento_135426_camiseta_doblada,camiseta_doblada,0.029,0
intento_135426_camiseta_doblada,camiseta_doblada,0.1253,0
intento_135426_camiseta_doblada,camiseta_doblada,0.0531,0
intento_135426_camiseta_doblada,camiseta_doblada,0.4504,0
intento_135426_camiseta_doblada,camiseta_doblada,0.6868,0
intento_135426_camiseta_doblada,camiseta_doblada,0.3135,0
intento_135426_camiseta_doblada,camiseta_doblada,0.0575,1
intento_135426_camiseta_doblada,camiseta_doblada,0.7014,0
intento_135426_camiseta_doblada,camiseta_doblada,0.6645,0
intento_135426_camiseta_doblada,camiseta_doblada,0.3733,0
intento_135426_camiseta_doblada,camiseta_doblada,0.1139,0
intento_135426_camiseta_doblada,camiseta_doblada,0.3528,0
intento_135426_camiseta_doblada,camiseta_doblada,0.1546,0
intento_135426_camiseta_doblada,camiseta_doblada,0.2715,0
intento_135426_camiseta_doblada,camiseta_doblada,0.1876,0
intento_135426_camiseta_doblada,camiseta_doblada,0.0245,0
intento_135426_camiseta_doblada,camiseta_doblada,0.3784,0
intento_135426_camiseta_doblada,camiseta_doblada,0.0573,0
intento_135426_camiseta_doblada,camiseta_doblada,0.4832,0
intento_135426_camiseta_doblada,camiseta_doblada,0.0385,0
intento_135426_camiseta_doblada,camiseta_doblada,0.0079,0
intento_135426_camiseta_doblada,camiseta_doblada,0.136,1
intento_135426_camiseta_doblada,camiseta_doblada,0.2783,0
intento_135426_camiseta_doblada,camiseta_doblada,0.3057,0
intento_135426_camiseta_doblada,camiseta_doblada,0.1529,0
intento_135426_camiseta_doblada,camiseta_doblada,0.0737,1
intento_135426_camiseta_doblada,camiseta_doblada,0.357,0
intento_135426_camiseta_doblada,camiseta_doblada,0.251,0
intento_135426_camiseta_doblada,camiseta_doblada,0.0826,1
intento_135426_camiseta_doblada,camiseta_doblada,0.1256,1
intento_135426_camiseta_doblada,camiseta_doblada,0.2646,1
intento_135426_camiseta_doblada,camiseta_doblada,0.1104,1
intento_135426_camiseta_doblada,camiseta_doblada,0.3569,0
intento_135426_camiseta_doblada,camiseta_doblada,0.127,0
intento_135426_camiseta_doblada,camiseta_doblada,0.0132,0
intento_135426_camiseta_doblada,camiseta_doblada,0.2977,0
intento_135426_camiseta_doblada,camiseta_doblada,0.0559,0
intento_135426_camiseta_doblada,camiseta_doblada,0.3955,0
intento_135426_camiseta_doblada,camiseta_doblada,0.5968,1
intento_135426_camiseta_doblada,camiseta_doblada,0.035,1
intento_135426_camiseta_doblada,camiseta_doblada,0.0665,1
intento_135426_camiseta_doblada,camiseta_doblada,0.1095,1
intento_135426_camiseta_doblada,camiseta_doblada,0.0375,0
intento_135426_camiseta_doblada,camiseta_doblada,0.0699,1
intento_135426_camiseta_doblada,camiseta_doblada,0.3998,0
intento_135426_camiseta_doblada,camiseta_doblada,0.1209,0
intento_135426_camiseta_doblada,camiseta_doblada,0.6316,0
intento_135426_camiseta_doblada,camiseta_doblada,0.0502,0
intento_135426_camiseta_doblada,camiseta_doblada,0.0055,0
intento_135426_camiseta_doblada,camiseta_doblada,0.3697,0
intento_135426_camiseta_doblada,camiseta_doblada,0.4612,0
intento_135426_camiseta_doblada,camiseta_doblada,0.3933,0
intento_135426_camiseta_doblada,camiseta_doblada,0.1157,1
intento_135426_camiseta_doblada,camiseta_doblada,0.075,0
intento_135426_camiseta_doblada,camiseta_doblada,0.093,0
intento_135426_camiseta_doblada,camiseta_doblada,0.4366,0
intento_135426_camiseta_doblada,camiseta_doblada,0.1845,0
intento_135426_camiseta_doblada,camiseta_doblada,0.3576,0
intento_135426_camiseta_doblada,camiseta_doblada,0.2969,1
intento_135426_camiseta_doblada,camiseta_doblada,0.1368,0
intento_135426_camiseta_doblada,camiseta_doblada,0.0114,0
intento_135426_camiseta_doblada,camiseta_doblada,0.217,0
intento_135426_camiseta_doblada,camiseta_doblada,0.1967,0
intento_135426_camiseta_doblada,camiseta_doblada,0.1294,1
intento_135426_camiseta_doblada,camiseta_doblada,0.0413,0
intento_135426_camiseta_doblada,camiseta_doblada,0.0768,1
intento_135426_camiseta_doblada,camiseta_doblada,0.0309,0
intento_135426_camiseta_doblada,camiseta_doblada,0.0353,1
intento_135426_camiseta_doblada,camiseta_doblada,0.2447,0
intento_135426_camiseta_doblada,camiseta_doblada,0.1114,0
intento_135426_camiseta_doblada,camiseta_doblada,0.0642,0
intento_135426_camiseta_doblada,camiseta_doblada,0.2023,1
intento_135426_camiseta_doblada,camiseta_doblada,0.1184,0
intento_135426_camiseta_doblada,camiseta_doblada,0.1022,0
intento_135426_camiseta_doblada,camiseta_doblada,0.1452,0
intento_135426_camiseta_doblada,camiseta_doblada,0.05,1
intento_135426_camiseta_doblada,camiseta_doblada,0.0517,1
intento_135426_camiseta_doblada,camiseta_doblada,0.21,0
intento_135426_camiseta_doblada,camiseta_doblada,0.3649,0
intento_135426_camiseta_doblada,camiseta_doblada,0.2495,0
intento_135426_camiseta_doblada,camiseta_doblada,0.5248,0
intento_135426_camiseta_doblada,camiseta_doblada,0.0396,1
intento_135426_camiseta_doblada,camiseta_doblada,0.142,0
intento_135426_camiseta_doblada,camiseta_doblada,0.0971,1
intento_135426_camiseta_doblada,camiseta_doblada,0.2112,0
intento_135426_camiseta_doblada,camiseta_doblada,0.2452,0
intento_135426_camiseta_doblada,camiseta_doblada,0.0993,0
intento_135426_camiseta_doblada,camiseta_doblada,0.0727,0
intento_135426_camiseta_doblada,camiseta_doblada,0.0664,0
intento_135426_camiseta_doblada,camiseta_doblada,0.2072,0
intento_135426_camiseta_doblada,camiseta_doblada,0.3834,0
intento_135426_camiseta_doblada,camiseta_doblada,0.0283,0
intento_135426_camiseta_doblada,camiseta_doblada,0.1865,0
intento_135426_camiseta_doblada,camiseta_doblada,0.0092,0
intento_135426_camiseta_doblada,camiseta_doblada,0.0802,1
intento_135426_camiseta_doblada,camiseta_doblada,0.0244,0
intento_135426_camiseta_doblada,camiseta_doblada,0.012,0
intento_135426_camiseta_doblada,camiseta_doblada,0.0165,1
intento_135426_camiseta_doblada,camiseta_doblada,0.6473,0
intento_135426_camiseta_doblada,camiseta_doblada,0.1755,0
intento_135426_camiseta_doblada,camiseta_doblada,0.0804,1
intento_135426_camiseta_doblada,camiseta_doblada,0.2439,0
intento_135426_camiseta_doblada,camiseta_doblada,0.0308,0
intento_135426_camiseta_doblada,camiseta_doblada,0.1388,0
intento_135426_camiseta_doblada,camiseta_doblada,0.0628,0
intento_135426_camiseta_doblada,camiseta_doblada,0.0422,0
intento_135426_camiseta_doblada,camiseta_doblada,0.0893,1
intento_135426_camiseta_doblada,camiseta_doblada,0.0253,1
intento_135426_camiseta_doblada,camiseta_doblada,0.1255,0
intento_135426_camiseta_doblada,camiseta_doblada,0.3079,0
intento_135426_camiseta_doblada,camiseta_doblada,0.2697,0
intento_135426_camiseta_doblada,camiseta_doblada,0.1568,0
intento_135426_camiseta_doblada,camiseta_doblada,0.1441,0
intento_135426_camiseta_doblada,camiseta_doblada,0.2198,0
intento_135426_camiseta_doblada,camiseta_doblada,0.032,1
intento_135426_camiseta_doblada,camiseta_doblada,0.0637,0
intento_135426_camiseta_doblada,camiseta_doblada,0.0079,0
intento_135426_camiseta_doblada,camiseta_doblada,0.1757,0
intento_135426_camiseta_doblada,camiseta_doblada,0.123,1
intento_135426_camiseta_doblada,camiseta_doblada,0.1886,0
intento_135426_camiseta_doblada,camiseta_doblada,0.1752,0
intento_135426_camiseta_doblada,camiseta_doblada,0.2754,0
intento_135426_camiseta_doblada,camiseta_doblada,0.184,0
intento_135426_camiseta_doblada,camiseta_doblada,0.4799,0
intento_135426_camiseta_doblada,camiseta_doblada,0.0995,0
intento_135426_camiseta_doblada,camiseta_doblada,0.0585,0
intento_135426_camiseta_doblada,camiseta_doblada,0.1372,1
intento_135426_camiseta_doblada,camiseta_doblada,0.1372,0
intento_135426_camiseta_doblada,camiseta_doblada,0.1539,1
intento_135426_camiseta_doblada,camiseta_doblada,0.2607,0
intento_135426_camiseta_doblada,camiseta_doblada,0.2,0
intento_135426_camiseta_doblada,camiseta_doblada,0.1979,1
intento_135426_camiseta_doblada,camiseta_doblada,0.4617,0
intento_135426_camiseta_doblada,camiseta_doblada,0.3931,0
intento_135426_camiseta_doblada,camiseta_doblada,0.3935,1
intento_135426_camiseta_doblada,camiseta_doblada,0.1737,1
intento_135426_camiseta_doblada,camiseta_doblada,0.5475,0
intento_135426_camiseta_doblada,camiseta_doblada,0.0859,0
intento_135426_camiseta_doblada,camiseta_doblada,0.107,0
intento_135426_camiseta_doblada,camiseta_doblada,0.3143,0
intento_135426_camiseta_doblada,camiseta_doblada,0.1134,0
intento_135426_camiseta_doblada,camiseta_doblada,0.0899,0
intento_135426_camiseta_doblada,camiseta_doblada,0.2143,0
intento_135426_camiseta_doblada,camiseta_doblada,0.1338,0
intento_135426_camiseta_doblada,camiseta_doblada,0.1717,0
intento_135426_camiseta_doblada,camiseta_doblada,0.626,1
intento_135426_camiseta_doblada,camiseta_doblada,0.1861,0
intento_135426_camiseta_doblada,camiseta_doblada,0.1598,0
intento_135426_camiseta_doblada,camiseta_doblada,0.0442,0
intento_135426_camiseta_doblada,camiseta_doblada,0.0994,0
intento_135426_camiseta_doblada,camiseta_doblada,0.1709,0
intento_135426_camiseta_doblada,camiseta_doblada,0.036,0
intento_135426_camiseta_doblada,camiseta_doblada,0.1224,0
intento_135426_camiseta_doblada,camiseta_doblada,0.078,0
intento_135426_camiseta_doblada,camiseta_doblada,0.2526,0
intento_135426_camiseta_doblada,camiseta_doblada,0.3759,0
intento_135426_camiseta_doblada,camiseta_doblada,0.1074,1
intento_135426_camiseta_doblada,camiseta_doblada,0.0668,1
intento_135426_camiseta_doblada,camiseta_doblada,0.0893,1
intento_135426_camiseta_doblada,camiseta_doblada,0.225,0
intento_135426_camiseta_doblada,camiseta_doblada,0.1736,0
intento_135426_camiseta_doblada,camiseta_doblada,0.4432,0
intento_135426_camiseta_doblada,camiseta_doblada,0.153,0
intento_135426_camiseta_doblada,camiseta_doblada,0.1294,1
intento_135426_camiseta_doblada,camiseta_doblada,0.1995,0
intento_135426_camiseta_doblada,camiseta_doblada,0.1406,1
intento_135426_camiseta_doblada,camiseta_doblada,0.0785,0
intento_135426_camiseta_doblada,camiseta_doblada,0.1541,0
intento_135426_camiseta_doblada,camiseta_doblada,0.2426,0
intento_135426_camiseta_doblada,camiseta_doblada,0.0562,0
intento_135426_camiseta_doblada,camiseta_doblada,0.1325,0
intento_135426_camiseta_doblada,camiseta_doblada,0.1353,0
intento_135426_camiseta_doblada,camiseta_doblada,0.0208,0
intento_135426_camiseta_doblada,camiseta_doblada,0.3629,0
intento_135426_camiseta_doblada,camiseta_doblada,0.175,1
intento_135426_camiseta_doblada,camiseta_doblada,0.0402,0
intento_135426_camiseta_doblada,camiseta_doblada,0.0721,0
intento_135426_camiseta_doblada,camiseta_doblada,0.1191,0
intento_135426_camiseta_doblada,camiseta_doblada,0.3997,0
intento_135426_camiseta_doblada,camiseta_doblada,0.053,0
intento_135426_camiseta_doblada,camiseta_doblada,0.0577,0
intento_135426_camiseta_doblada,camiseta_doblada,0.2196,1
intento_135426_camiseta_doblada,camiseta_doblada,0.3807,0
intento_135426_camiseta_doblada,camiseta_doblada,0.0526,0
intento_135426_camiseta_doblada,camiseta_doblada,0.1023,1
intento_135426_camiseta_doblada,camiseta_doblada,0.5075,0
intento_135426_camiseta_doblada,camiseta_doblada,0.0447,0
intento_135426_camiseta_doblada,camiseta_doblada,0.0559,1
intento_135426_camiseta_doblada,camiseta_doblada,0.2379,0
intento_135426_camiseta_doblada,camiseta_doblada,0.0691,0
intento_135426_camiseta_doblada,camiseta_doblada,0.1052,0
intento_135426_camiseta_doblada,camiseta_doblada,0.0051,0
intento_135426_camiseta_doblada,camiseta_doblada,0.0776,1
intento_135426_camiseta_doblada,camiseta_doblada,0.0906,1
intento_135426_camiseta_doblada,camiseta_doblada,0.607,0
intento_135426_camiseta_doblada,camiseta_doblada,0.0439,1
intento_135426_camiseta_doblada,camiseta_doblada,0.5561,0
intento_135426_camiseta_doblada,camiseta_doblada,0.2741,0
intento_135426_camiseta_doblada,camiseta_doblada,0.0797,0
intento_135426_camiseta_doblada,camiseta_doblada,0.0917,0
intento_135426_camiseta_doblada,camiseta_doblada,0.095,0
intento_135426_camiseta_doblada,camiseta_doblada,0.071,0
intento_135426_camiseta_doblada,camiseta_doblada,0.2324,0
intento_135426_camiseta_doblada,camiseta_doblada,0.6319,0
intento_135426_camiseta_doblada,camiseta_doblada,0.0623,1
intento_135426_camiseta_doblada,camiseta_doblada,0.012,0
intento_135426_camiseta_doblada,camiseta_doblada,0.5332,0
intento_135426_camiseta_doblada,camiseta_doblada,0.5251,0
intento_135426_camiseta_doblada,camiseta_doblada,0.0664,0
intento_135426_camiseta_doblada,camiseta_doblada,0.0766,1
intento_135426_camiseta_doblada,camiseta_doblada,0.0832,0
intento_135426_camiseta_doblada,camiseta_doblada,0.2486,0
intento_135426_camiseta_doblada,camiseta_doblada,0.1231,0
intento_135426_camiseta_doblada,camiseta_doblada,0.1813,0
intento_135426_camiseta_doblada,camiseta_doblada,0.2483,0
intento_135426_camiseta_doblada,camiseta_doblada,0.0287,0
intento_135426_camiseta_doblada,camiseta_doblada,0.1722,0
intento_135426_camiseta_doblada,camiseta_doblada,0.1136,1
intento_135426_camiseta_doblada,camiseta_doblada,0.3184,0
intento_135426_camiseta_doblada,camiseta_doblada,0.2878,0
intento_135426_camiseta_doblada,camiseta_doblada,0.5458,1
intento_135426_camiseta_doblada,camiseta_doblada,0.2564,0
intento_135426_camiseta_doblada,camiseta_doblada,0.4495,0
intento_135426_camiseta_doblada,camiseta_doblada,0.0893,0
intento_135426_camiseta_doblada,camiseta_doblada,0.1413,0
intento_135444_camiseta_doblada,camiseta_doblada,0.6705,0
intento_135444_camiseta_doblada,camiseta_doblada,0.0605,0
intento_135444_camiseta_doblada,camiseta_doblada,0.4803,0
intento_135444_camiseta_doblada,camiseta_doblada,0.0686,0
intento_135444_camiseta_doblada,camiseta_doblada,0.3684,0
intento_135444_camiseta_doblada,camiseta_doblada,0.1491,0
intento_135444_camiseta_doblada,camiseta_doblada,0.3578,0
intento_135444_camiseta_doblada,camiseta_doblada,0.6902,0
intento_135444_camiseta_doblada,camiseta_doblada,0.0798,0
intento_135444_camiseta_doblada,camiseta_doblada,0.618,0
intento_135444_camiseta_doblada,camiseta_doblada,0.4903,0
intento_135444_camiseta_doblada,camiseta_doblada,0.3588,0
intento_135444_camiseta_doblada,camiseta_doblada,0.6178,0
intento_135444_camiseta_doblada,camiseta_doblada,0.0998,0
intento_135444_camiseta_doblada,camiseta_doblada,0.1962,0
intento_135444_camiseta_doblada,camiseta_doblada,0.4376,0
intento_135444_camiseta_doblada,camiseta_doblada,0.6387,0
intento_135444_camiseta_doblada,camiseta_doblada,0.3153,0
intento_135444_camiseta_doblada,camiseta_doblada,0.4819,0
intento_135444_camiseta_doblada,camiseta_doblada,0.2549,0
intento_135444_camiseta_doblada,camiseta_doblada,0.4524,0
intento_135444_camiseta_doblada,camiseta_doblada,0.4538,0
intento_135444_camiseta_doblada,camiseta_doblada,0.3508,0
intento_135444_camiseta_doblada,camiseta_doblada,0.2855,0
intento_135444_camiseta_doblada,camiseta_doblada,0.2991,0
intento_135444_camiseta_doblada,camiseta_doblada,0.1713,0
intento_135444_camiseta_doblada,camiseta_doblada,0.5786,0
intento_135444_camiseta_doblada,camiseta_doblada,0.1784,0
intento_135444_camiseta_doblada,camiseta_doblada,0.3557,0
intento_135444_camiseta_doblada,camiseta_doblada,0.5062,0
intento_135444_camiseta_doblada,camiseta_doblada,0.2786,0
intento_135444_camiseta_doblada,camiseta_doblada,0.365,0
intento_135444_camiseta_doblada,camiseta_doblada,0.1298,0
intento_135444_camiseta_doblada,camiseta_doblada,0.1952,0
intento_135444_camiseta_doblada,camiseta_doblada,0.2331,0
intento_135444_camiseta_doblada,camiseta_doblada,0.1493,1
intento_135444_camiseta_doblada,camiseta_doblada,0.0865,0
intento_135444_camiseta_doblada,camiseta_doblada,0.276,0
intento_135444_camiseta_doblada,camiseta_doblada,0.2953,0
intento_135444_camiseta_doblada,camiseta_doblada,0.0171,0
intento_135444_camiseta_doblada,camiseta_doblada,0.3546,0
intento_135444_camiseta_doblada,camiseta_doblada,0.4912,0
intento_135444_camiseta_doblada,camiseta_doblada,0.1532,0
intento_135444_camiseta_doblada,camiseta_doblada,0.2721,0
intento_135444_camiseta_doblada,camiseta_doblada,0.1866,0
intento_135444_camiseta_doblada,camiseta_doblada,0.4572,0
intento_135444_camiseta_doblada,camiseta_doblada,0.3097,0
intento_135444_camiseta_doblada,camiseta_doblada,0.1381,0
intento_135444_camiseta_doblada,camiseta_doblada,0.1863,0
intento_135444_camiseta_doblada,camiseta_doblada,0.0166,0
intento_135444_camiseta_doblada,camiseta_doblada,0.0322,0
intento_135444_camiseta_doblada,camiseta_doblada,0.3908,0
intento_135444_camiseta_doblada,camiseta_doblada,0.0308,0
intento_135444_camiseta_doblada,camiseta_doblada,0.3435,0
intento_135444_camiseta_doblada,camiseta_doblada,0.1723,0
intento_135444_camiseta_doblada,camiseta_doblada,0.0983,0
intento_135444_camiseta_doblada,camiseta_doblada,0.1071,0
intento_135444_camiseta_doblada,camiseta_doblada,0.1276,0
intento_135444_camiseta_doblada,camiseta_doblada,0.5139,0
intento_135444_camiseta_doblada,camiseta_doblada,0.106,1
intento_135444_camiseta_doblada,camiseta_doblada,0.1326,0
intento_135444_camiseta_doblada,camiseta_doblada,0.2183,0
intento_135444_camiseta_doblada,camiseta_doblada,0.0268,0
intento_135444_camiseta_doblada,camiseta_doblada,0.0671,0
intento_135444_camiseta_doblada,camiseta_doblada,0.0624,1
intento_135444_camiseta_doblada,camiseta_doblada,0.2039,0
intento_135444_camiseta_doblada,camiseta_doblada,0.0518,0
intento_135444_camiseta_doblada,camiseta_doblada,0.1533,1
intento_135444_camiseta_doblada,camiseta_doblada,0.2837,1
intento_135444_camiseta_doblada,camiseta_doblada,0.3554,0
intento_135444_camiseta_doblada,camiseta_doblada,0.4408,0
intento_135444_camiseta_doblada,camiseta_doblada,0.2329,0
intento_135444_camiseta_doblada,camiseta_doblada,0.0841,0
intento_135444_camiseta_doblada,camiseta_doblada,0.0545,0
intento_135444_camiseta_doblada,camiseta_doblada,0.0826,0
intento_135444_camiseta_doblada,camiseta_doblada,0.308,0
intento_135444_camiseta_doblada,camiseta_doblada,0.0817,0
intento_135444_camiseta_doblada,camiseta_doblada,0.0854,0
intento_135444_camiseta_doblada,camiseta_doblada,0.1047,0
intento_135444_camiseta_doblada,camiseta_doblada,0.2025,0
intento_135444_camiseta_doblada,camiseta_doblada,0.0692,0
intento_135444_camiseta_doblada,camiseta_doblada,0.0279,1
intento_135444_camiseta_doblada,camiseta_doblada,0.0387,0
intento_135444_camiseta_doblada,camiseta_doblada,0.2154,0
intento_135444_camiseta_doblada,camiseta_doblada,0.1217,0
intento_135444_camiseta_doblada,camiseta_doblada,0.1959,0
intento_135444_camiseta_doblada,camiseta_doblada,0.0591,0
intento_135444_camiseta_doblada,camiseta_doblada,0.0377,0
intento_135444_camiseta_doblada,camiseta_doblada,0.1785,0
intento_135444_camiseta_doblada,camiseta_doblada,0.1344,0
intento_135444_camiseta_doblada,camiseta_doblada,0.0999,0
intento_135444_camiseta_doblada,camiseta_doblada,0.0495,0
intento_135444_camiseta_doblada,camiseta_doblada,0.0759,0
intento_135444_camiseta_doblada,camiseta_doblada,0.0076,0
intento_135444_camiseta_doblada,camiseta_doblada,0.0417,0
intento_135444_camiseta_doblada,camiseta_doblada,0.005,0
intento_135444_camiseta_doblada,camiseta_doblada,0.0231,0
intento_135444_camiseta_doblada,camiseta_doblada,0.019,0
intento_135444_camiseta_doblada,camiseta_doblada,0.0032,0
intento_135444_camiseta_doblada,camiseta_doblada,0.0179,0
intento_135444_camiseta_doblada,camiseta_doblada,0.0329,0
intento_135444_camiseta_doblada,camiseta_doblada,0.0555,0
intento_135444_camiseta_doblada,camiseta_doblada,0.002,0
intento_135444_camiseta_doblada,camiseta_doblada,0.0176,0
intento_135454_camiseta_doblada,camiseta_doblada,0.0567,0
intento_135454_camiseta_doblada,camiseta_doblada,0.0246,0
intento_135454_camiseta_doblada,camiseta_doblada,0.1108,0
intento_135454_camiseta_doblada,camiseta_doblada,0.4766,0
intento_135454_camiseta_doblada,camiseta_doblada,0.0335,0
intento_135454_camiseta_doblada,camiseta_doblada,0.0351,0
intento_135454_camiseta_doblada,camiseta_doblada,0.6625,0
intento_135454_camiseta_doblada,camiseta_doblada,0.0531,0
intento_135454_camiseta_doblada,camiseta_doblada,0.245,0
intento_135454_camiseta_doblada,camiseta_doblada,0.0588,0
intento_135454_camiseta_doblada,camiseta_doblada,0.01,0
intento_135454_camiseta_doblada,camiseta_doblada,0.3165,0
intento_135454_camiseta_doblada,camiseta_doblada,0.1756,0
intento_135454_camiseta_doblada,camiseta_doblada,0.1915,0
intento_135454_camiseta_doblada,camiseta_doblada,0.153,0
intento_135454_camiseta_doblada,camiseta_doblada,0.0649,0
intento_135454_camiseta_doblada,camiseta_doblada,0.4388,0
intento_135454_camiseta_doblada,camiseta_doblada,0.0272,0
intento_135454_camiseta_doblada,camiseta_doblada,0.4845,0
intento_135454_camiseta_doblada,camiseta_doblada,0.1184,0
intento_135454_camiseta_doblada,camiseta_doblada,0.0857,0
intento_135454_camiseta_doblada,camiseta_doblada,0.2542,0
intento_135454_camiseta_doblada,camiseta_doblada,0.0584,0
intento_135454_camiseta_doblada,camiseta_doblada,0.1871,0
intento_135454_camiseta_doblada,camiseta_doblada,0.344,0
intento_135454_camiseta_doblada,camiseta_doblada,0.0416,0
intento_135454_camiseta_doblada,camiseta_doblada,0.1193,0
intento_135454_camiseta_doblada,camiseta_doblada,0.7399,0
intento_135454_camiseta_doblada,camiseta_doblada,0.0465,1
intento_135454_camiseta_doblada,camiseta_doblada,0.1919,0
intento_135454_camiseta_doblada,camiseta_doblada,0.2441,1
intento_135454_camiseta_doblada,camiseta_doblada,0.1549,0
intento_135454_camiseta_doblada,camiseta_doblada,0.2415,0
intento_135454_camiseta_doblada,camiseta_doblada,0.7252,1
intento_135454_camiseta_doblada,camiseta_doblada,0.4218,1
intento_135454_camiseta_doblada,camiseta_doblada,0.6277,0
intento_135454_camiseta_doblada,camiseta_doblada,0.0884,0
intento_135454_camiseta_doblada,camiseta_doblada,0.1108,0
intento_135454_camiseta_doblada,camiseta_doblada,0.2413,1
intento_135454_camiseta_doblada,camiseta_doblada,0.1378,0
intento_135454_camiseta_doblada,camiseta_doblada,0.0461,0
intento_135454_camiseta_doblada,camiseta_doblada,0.0624,0
intento_135454_camiseta_doblada,camiseta_doblada,0.2796,0
intento_135454_camiseta_doblada,camiseta_doblada,0.2521,0
intento_135454_camiseta_doblada,camiseta_doblada,0.3997,0
intento_135454_camiseta_doblada,camiseta_doblada,0.0906,0
intento_135454_camiseta_doblada,camiseta_doblada,0.0249,0
intento_135454_camiseta_doblada,camiseta_doblada,0.2219,1
intento_135454_camiseta_doblada,camiseta_doblada,0.2573,1
intento_135454_camiseta_doblada,camiseta_doblada,0.7565,1
intento_135454_camiseta_doblada,camiseta_doblada,0.1557,0
intento_135454_camiseta_doblada,camiseta_doblada,0.0818,1
intento_135454_camiseta_doblada,camiseta_doblada,0.0115,0
intento_135454_camiseta_doblada,camiseta_doblada,0.0668,0
intento_135454_camiseta_doblada,camiseta_doblada,0.0363,0
intento_135454_camiseta_doblada,camiseta_doblada,0.217,0
intento_135454_camiseta_doblada,camiseta_doblada,0.131,0
intento_135454_camiseta_doblada,camiseta_doblada,0.0857,0
intento_135454_camiseta_doblada,camiseta_doblada,0.3204,0
intento_135454_camiseta_doblada,camiseta_doblada,0.0088,0
intento_135454_camiseta_doblada,camiseta_doblada,0.0104,1
intento_135454_camiseta_doblada,camiseta_doblada,0.0462,0
intento_135454_camiseta_doblada,camiseta_doblada,0.0913,0
intento_135454_camiseta_doblada,camiseta_doblada,0.3382,1
intento_135454_camiseta_doblada,camiseta_doblada,0.3697,1
intento_135454_camiseta_doblada,camiseta_doblada,0.0864,0
intento_135454_camiseta_doblada,camiseta_doblada,0.3701,0
intento_135454_camiseta_doblada,camiseta_doblada,0.167,0
intento_135454_camiseta_doblada,camiseta_doblada,0.0832,0
intento_135454_camiseta_doblada,camiseta_doblada,0.0085,0
intento_135454_camiseta_doblada,camiseta_doblada,0.0753,0
intento_135454_camiseta_doblada,camiseta_doblada,0.1736,0
intento_135454_camiseta_doblada,camiseta_doblada,0.32,0
intento_135454_camiseta_doblada,camiseta_doblada,0.0948,1
intento_135454_camiseta_doblada,camiseta_doblada,0.5062,0
intento_135454_camiseta_doblada,camiseta_doblada,0.0771,0
intento_135454_camiseta_doblada,camiseta_doblada,0.2128,1
intento_135454_camiseta_doblada,camiseta_doblada,0.669,0
intento_135454_camiseta_doblada,camiseta_doblada,0.1233,0
intento_135454_camiseta_doblada,camiseta_doblada,0.0683,1
intento_135454_camiseta_doblada,camiseta_doblada,0.1008,0
intento_135454_camiseta_doblada,camiseta_doblada,0.1137,1
intento_135454_camiseta_doblada,camiseta_doblada,0.15,0
intento_135454_camiseta_doblada,camiseta_doblada,0.1709,0
intento_135454_camiseta_doblada,camiseta_doblada,0.3582,0
intento_135454_camiseta_doblada,camiseta_doblada,0.0847,0
intento_135454_camiseta_doblada,camiseta_doblada,0.5034,0
intento_135454_camiseta_doblada,camiseta_doblada,0.0903,0
intento_135454_camiseta_doblada,camiseta_doblada,0.1361,1
intento_135454_camiseta_doblada,camiseta_doblada,0.171,0
intento_135454_camiseta_doblada,camiseta_doblada,0.1913,0
intento_135454_camiseta_doblada,camiseta_doblada,0.4553,0
intento_135454_camiseta_doblada,camiseta_doblada,0.1396,0
intento_135454_camiseta_doblada,camiseta_doblada,0.0774,0
intento_135454_camiseta_doblada,camiseta_doblada,0.1898,1
intento_135454_camiseta_doblada,camiseta_doblada,0.6707,0
intento_135454_camiseta_doblada,camiseta_doblada,0.148,1
intento_135454_camiseta_doblada,camiseta_doblada,0.0497,0
intento_135454_camiseta_doblada,camiseta_doblada,0.1524,0
intento_135454_camiseta_doblada,camiseta_doblada,0.3636,0
intento_135454_camiseta_doblada,camiseta_doblada,0.3989,0
intento_135454_camiseta_doblada,camiseta_doblada,0.1137,0
intento_135454_camiseta_doblada,camiseta_doblada,0.1016,0
intento_135454_camiseta_doblada,camiseta_doblada,0.0265,0
intento_135454_camiseta_doblada,camiseta_doblada,0.1539,0
intento_135454_camiseta_doblada,camiseta_doblada,0.2671,0
intento_135454_camiseta_doblada,camiseta_doblada,0.2183,0
intento_135454_camiseta_doblada,camiseta_doblada,0.0781,0
intento_135454_camiseta_doblada,camiseta_doblada,0.7851,0
intento_135454_camiseta_doblada,camiseta_doblada,0.0248,0
intento_135454_camiseta_doblada,camiseta_doblada,0.1321,0
intento_135454_camiseta_doblada,camiseta_doblada,0.0366,0
intento_135454_camiseta_doblada,camiseta_doblada,0.121,0
intento_135454_camiseta_doblada,camiseta_doblada,0.3458,0
intento_135454_camiseta_doblada,camiseta_doblada,0.2831,0
intento_135454_camiseta_doblada,camiseta_doblada,0.1393,0
intento_135454_camiseta_doblada,camiseta_doblada,0.2236,0
intento_135454_camiseta_doblada,camiseta_doblada,0.1194,1
intento_135454_camiseta_doblada,camiseta_doblada,0.1157,0
intento_135454_camiseta_doblada,camiseta_doblada,0.2792,0
intento_135454_camiseta_doblada,camiseta_doblada,0.1035,0
intento_135454_camiseta_doblada,camiseta_doblada,0.2413,0
intento_135454_camiseta_doblada,camiseta_doblada,0.0606,0
intento_135454_camiseta_doblada,camiseta_doblada,0.0022,0
intento_135454_camiseta_doblada,camiseta_doblada,0.0311,0
intento_135454_camiseta_doblada,camiseta_doblada,0.1287,0
intento_135454_camiseta_doblada,camiseta_doblada,0.2678,0
intento_135454_camiseta_doblada,camiseta_doblada,0.1592,1
intento_135454_camiseta_doblada,camiseta_doblada,0.0803,0
intento_135454_camiseta_doblada,camiseta_doblada,0.0233,0
intento_135454_camiseta_doblada,camiseta_doblada,0.0043,0
intento_135454_camiseta_doblada,camiseta_doblada,0.2546,0
intento_135454_camiseta_doblada,camiseta_doblada,0.1297,0
intento_135454_camiseta_doblada,camiseta_doblada,0.1775,0
intento_135454_camiseta_doblada,camiseta_doblada,0.1643,0
intento_135454_camiseta_doblada,camiseta_doblada,0.0034,0
intento_135454_camiseta_doblada,camiseta_doblada,0.2871,0
intento_135454_camiseta_doblada,camiseta_doblada,0.2283,0
intento_135454_camiseta_doblada,camiseta_doblada,0.0057,0
intento_135454_camiseta_doblada,camiseta_doblada,0.145,0
intento_135454_camiseta_doblada,camiseta_doblada,0.1342,0
intento_135454_camiseta_doblada,camiseta_doblada,0.2786,0
intento_135454_camiseta_doblada,camiseta_doblada,0.6145,0
intento_135454_camiseta_doblada,camiseta_doblada,0.0923,0
intento_135454_camiseta_doblada,camiseta_doblada,0.0625,0
intento_135454_camiseta_doblada,camiseta_doblada,0.0818,0
intento_135454_camiseta_doblada,camiseta_doblada,0.3385,1
intento_135454_camiseta_doblada,camiseta_doblada,0.3595,0
intento_135454_camiseta_doblada,camiseta_doblada,0.1108,0
intento_135454_camiseta_doblada,camiseta_doblada,0.1118,0
intento_135454_camiseta_doblada,camiseta_doblada,0.2122,0
intento_135454_camiseta_doblada,camiseta_doblada,0.3364,0
intento_135454_camiseta_doblada,camiseta_doblada,0.0099,0
intento_135454_camiseta_doblada,camiseta_doblada,0.1811,0
intento_135454_camiseta_doblada,camiseta_doblada,0.0607,0
intento_135454_camiseta_doblada,camiseta_doblada,0.3816,0
intento_135454_camiseta_doblada,camiseta_doblada,0.0194,0
intento_135454_camiseta_doblada,camiseta_doblada,0.5606,0
intento_135454_camiseta_doblada,camiseta_doblada,0.4868,1
intento_135454_camiseta_doblada,camiseta_doblada,0.2986,0
intento_135454_camiseta_doblada,camiseta_doblada,0.087,0
intento_135454_camiseta_doblada,camiseta_doblada,0.4679,0
intento_135454_camiseta_doblada,camiseta_doblada,0.0426,0
intento_135454_camiseta_doblada,camiseta_doblada,0.1546,0
intento_135454_camiseta_doblada,camiseta_doblada,0.2465,0
intento_135454_camiseta_doblada,camiseta_doblada,0.2366,0
intento_135454_camiseta_doblada,camiseta_doblada,0.0855,1
intento_135454_camiseta_doblada,camiseta_doblada,0.1596,0
intento_135454_camiseta_doblada,camiseta_doblada,0.1742,0
intento_135454_camiseta_doblada,camiseta_doblada,0.3366,0
intento_135454_camiseta_doblada,camiseta_doblada,0.178,0
intento_135454_camiseta_doblada,camiseta_doblada,0.399,0
intento_135454_camiseta_doblada,camiseta_doblada,0.7953,0
intento_135454_camiseta_doblada,camiseta_doblada,0.0034,0
intento_135454_camiseta_doblada,camiseta_doblada,0.1229,0
intento_135454_camiseta_doblada,camiseta_doblada,0.0863,0
intento_135454_camiseta_doblada,camiseta_doblada,0.4272,0
intento_135454_camiseta_doblada,camiseta_doblada,0.2058,0
intento_135454_camiseta_doblada,camiseta_doblada,0.0099,0
intento_135508_camiseta_doblada,camiseta_doblada,0.0751,0
intento_135508_camiseta_doblada,camiseta_doblada,0.0195,0
intento_135508_camiseta_doblada,camiseta_doblada,0.0463,0
intento_135508_camiseta_doblada,camiseta_doblada,0.0518,0
intento_135508_camiseta_doblada,camiseta_doblada,0.2395,0
intento_135508_camiseta_doblada,camiseta_doblada,0.2405,0
intento_135508_camiseta_doblada,camiseta_doblada,0.0812,0
intento_135508_camiseta_doblada,camiseta_doblada,0.0969,0
intento_135508_camiseta_doblada,camiseta_doblada,0.1021,1
intento_135508_camiseta_doblada,camiseta_doblada,0.0204,0
intento_135508_camiseta_doblada,camiseta_doblada,0.1509,0
intento_135508_camiseta_doblada,camiseta_doblada,0.0495,0
intento_135508_camiseta_doblada,camiseta_doblada,0.0859,1
intento_135508_camiseta_doblada,camiseta_doblada,0.2584,0
intento_135508_camiseta_doblada,camiseta_doblada,0.1592,0
intento_135508_camiseta_doblada,camiseta_doblada,0.1486,0
intento_135508_camiseta_doblada,camiseta_doblada,0.3304,0
intento_135508_camiseta_doblada,camiseta_doblada,0.022,0
intento_135508_camiseta_doblada,camiseta_doblada,0.0534,0
intento_135508_camiseta_doblada,camiseta_doblada,0.0717,0
intento_135508_camiseta_doblada,camiseta_doblada,0.0823,0
intento_135508_camiseta_doblada,camiseta_doblada,0.0801,0
intento_135508_camiseta_doblada,camiseta_doblada,0.3486,1
intento_135508_camiseta_doblada,camiseta_doblada,0.1023,0
intento_135508_camiseta_doblada,camiseta_doblada,0.0592,0
intento_135508_camiseta_doblada,camiseta_doblada,0.0526,0
intento_135508_camiseta_doblada,camiseta_doblada,0.0538,0
intento_135508_camiseta_doblada,camiseta_doblada,0.1182,0
intento_135508_camiseta_doblada,camiseta_doblada,0.0526,0
intento_135508_camiseta_doblada,camiseta_doblada,0.0605,1
intento_135508_camiseta_doblada,camiseta_doblada,0.0653,0
intento_135508_camiseta_doblada,camiseta_doblada,0.0411,0
intento_135508_camiseta_doblada,camiseta_doblada,0.0955,0
intento_135508_camiseta_doblada,camiseta_doblada,0.1633,0
intento_135508_camiseta_doblada,camiseta_doblada,0.0887,0
intento_135508_camiseta_doblada,camiseta_doblada,0.106,0
intento_135508_camiseta_doblada,camiseta_doblada,0.1064,0
intento_135508_camiseta_doblada,camiseta_doblada,0.5094,1
intento_135508_camiseta_doblada,camiseta_doblada,0.1716,0
intento_135508_camiseta_doblada,camiseta_doblada,0.2915,0
intento_135508_camiseta_doblada,camiseta_doblada,0.4634,0
intento_135508_camiseta_doblada,camiseta_doblada,0.1202,0
intento_135508_camiseta_doblada,camiseta_doblada,0.2624,0
intento_135508_camiseta_doblada,camiseta_doblada,0.4804,0
intento_135508_camiseta_doblada,camiseta_doblada,0.4483,0
intento_135508_camiseta_doblada,camiseta_doblada,0.0921,0
intento_135508_camiseta_doblada,camiseta_doblada,0.0082,0
intento_135508_camiseta_doblada,camiseta_doblada,0.0868,0
intento_135508_camiseta_doblada,camiseta_doblada,0.3655,0
intento_135512_camiseta_doblada,camiseta_doblada,0.2562,1
intento_135512_camiseta_doblada,camiseta_doblada,0.3762,0
intento_135512_camiseta_doblada,camiseta_doblada,0.1853,0
intento_135512_camiseta_doblada,camiseta_doblada,0.2159,0
intento_135512_camiseta_doblada,camiseta_doblada,0.0878,0
intento_135512_camiseta_doblada,camiseta_doblada,0.4813,0
intento_135512_camiseta_doblada,camiseta_doblada,0.272,0
intento_135512_camiseta_doblada,camiseta_doblada,0.2075,0
intento_135512_camiseta_doblada,camiseta_doblada,0.4541,0
intento_135512_camiseta_doblada,camiseta_doblada,0.3101,0
intento_135512_camiseta_doblada,camiseta_doblada,0.1812,0
intento_135512_camiseta_doblada,camiseta_doblada,0.2934,0
intento_135512_camiseta_doblada,camiseta_doblada,0.3143,0
intento_135512_camiseta_doblada,camiseta_doblada,0.4583,0
intento_135512_camiseta_doblada,camiseta_doblada,0.1146,0
intento_135512_camiseta_doblada,camiseta_doblada,0.2112,0
intento_135512_camiseta_doblada,camiseta_doblada,0.217,0
intento_135512_camiseta_doblada,camiseta_doblada,0.3959,0
intento_135512_camiseta_doblada,camiseta_doblada,0.2706,0
intento_135512_camiseta_doblada,camiseta_doblada,0.4867,0
intento_135512_camiseta_doblada,camiseta_doblada,0.34,0
intento_135512_camiseta_doblada,camiseta_doblada,0.1943,0
intento_135512_camiseta_doblada,camiseta_doblada,0.3793,0
intento_135512_camiseta_doblada,camiseta_doblada,0.7911,0
intento_135512_camiseta_doblada,camiseta_doblada,0.384,0
intento_135512_camiseta_doblada,camiseta_doblada,0.082,0
intento_135512_camiseta_doblada,camiseta_doblada,0.6607,1
intento_135512_camiseta_doblada,camiseta_doblada,0.2751,0
intento_135512_camiseta_doblada,camiseta_doblada,0.5551,1
intento_135512_camiseta_doblada,camiseta_doblada,0.5276,0
intento_135512_camiseta_doblada,camiseta_doblada,0.2092,0
intento_135512_camiseta_doblada,camiseta_doblada,0.2725,0
intento_135512_camiseta_doblada,camiseta_doblada,0.2168,0
intento_135512_camiseta_doblada,camiseta_doblada,0.2778,0
intento_135512_camiseta_doblada,camiseta_doblada,0.4467,0
intento_135512_camiseta_doblada,camiseta_doblada,0.6119,1
intento_135512_camiseta_doblada,camiseta_doblada,0.4213,0
intento_135512_camiseta_doblada,camiseta_doblada,0.5622,0
intento_135512_camiseta_doblada,camiseta_doblada,0.2133,0
intento_135512_camiseta_doblada,camiseta_doblada,0.3763,0
intento_135512_camiseta_doblada,camiseta_doblada,0.402,1
intento_135512_camiseta_doblada,camiseta_doblada,0.3034,1
intento_135512_camiseta_doblada,camiseta_doblada,0.1454,1
intento_135512_camiseta_doblada,camiseta_doblada,0.4173,0
intento_135512_camiseta_doblada,camiseta_doblada,0.357,0
intento_135512_camiseta_doblada,camiseta_doblada,0.2867,0
intento_135512_camiseta_doblada,camiseta_doblada,0.1031,0
intento_135512_camiseta_doblada,camiseta_doblada,0.1378,0
intento_135512_camiseta_doblada,camiseta_doblada,0.5604,0
intento_135512_camiseta_doblada,camiseta_doblada,0.1514,0
intento_135512_camiseta_doblada,camiseta_doblada,0.2349,1
intento_135512_camiseta_doblada,camiseta_doblada,0.4134,1
intento_135512_camiseta_doblada,camiseta_doblada,0.0413,0
intento_135512_camiseta_doblada,camiseta_doblada,0.5242,0
intento_135512_camiseta_doblada,camiseta_doblada,0.1956,0
intento_135512_camiseta_doblada,camiseta_doblada,0.5304,1
intento_135512_camiseta_doblada,camiseta_doblada,0.4026,0
intento_135512_camiseta_doblada,camiseta_doblada,0.4021,1
intento_135512_camiseta_doblada,camiseta_doblada,0.2635,0
intento_135512_camiseta_doblada,camiseta_doblada,0.1083,0
intento_135512_camiseta_doblada,camiseta_doblada,0.1932,0
intento_135512_camiseta_doblada,camiseta_doblada,0.0822,0
intento_135512_camiseta_doblada,camiseta_doblada,0.5034,0
intento_135512_camiseta_doblada,camiseta_doblada,0.2012,0
intento_135512_camiseta_doblada,camiseta_doblada,0.2595,0
intento_135512_camiseta_doblada,camiseta_doblada,0.3419,1
intento_135512_camiseta_doblada,camiseta_doblada,0.1388,0
intento_135512_camiseta_doblada,camiseta_doblada,0.2654,0
intento_135512_camiseta_doblada,camiseta_doblada,0.299,0
intento_135512_camiseta_doblada,camiseta_doblada,0.5199,0
intento_135512_camiseta_doblada,camiseta_doblada,0.3735,0
intento_135512_camiseta_doblada,camiseta_doblada,0.8228,0
intento_135512_camiseta_doblada,camiseta_doblada,0.6359,0
intento_135512_camiseta_doblada,camiseta_doblada,0.0167,0
intento_135512_camiseta_doblada,camiseta_doblada,0.4647,0
intento_135512_camiseta_doblada,camiseta_doblada,0.5469,1
intento_135512_camiseta_doblada,camiseta_doblada,0.4775,0
intento_135512_camiseta_doblada,camiseta_doblada,0.1837,1
intento_135512_camiseta_doblada,camiseta_doblada,0.3526,0
intento_135512_camiseta_doblada,camiseta_doblada,0.5165,1
intento_135512_camiseta_doblada,camiseta_doblada,0.0909,0
intento_135512_camiseta_doblada,camiseta_doblada,0.2729,0
intento_135512_camiseta_doblada,camiseta_doblada,0.4352,0
intento_135512_camiseta_doblada,camiseta_doblada,0.6554,0
intento_135512_camiseta_doblada,camiseta_doblada,0.6311,0
intento_135512_camiseta_doblada,camiseta_doblada,0.6564,0
intento_135512_camiseta_doblada,camiseta_doblada,0.2769,0
intento_135512_camiseta_doblada,camiseta_doblada,0.6375,0
intento_135512_camiseta_doblada,camiseta_doblada,0.056,0
intento_135512_camiseta_doblada,camiseta_doblada,0.2691,1
intento_135512_camiseta_doblada,camiseta_doblada,0.1402,0
intento_135512_camiseta_doblada,camiseta_doblada,0.2886,1
intento_135512_camiseta_doblada,camiseta_doblada,0.3983,0
intento_135512_camiseta_doblada,camiseta_doblada,0.4861,0
intento_135512_camiseta_doblada,camiseta_doblada,0.4962,0
intento_135512_camiseta_doblada,camiseta_doblada,0.3784,0
intento_135512_camiseta_doblada,camiseta_doblada,0.5067,1
intento_135512_camiseta_doblada,camiseta_doblada,0.2642,0
intento_135512_camiseta_doblada,camiseta_doblada,0.2909,0
intento_135512_camiseta_doblada,camiseta_doblada,0.1023,0
intento_135512_camiseta_doblada,camiseta_doblada,0.2655,0
intento_135512_camiseta_doblada,camiseta_doblada,0.7049,1
intento_135512_camiseta_doblada,camiseta_doblada,0.3905,0
intento_135512_camiseta_doblada,camiseta_doblada,0.0982,0
intento_135512_camiseta_doblada,camiseta_doblada,0.6894,0
intento_135512_camiseta_doblada,camiseta_doblada,0.0833,0
intento_135512_camiseta_doblada,camiseta_doblada,0.5047,0
intento_135512_camiseta_doblada,camiseta_doblada,0.2664,0
intento_135512_camiseta_doblada,camiseta_doblada,0.0209,0
intento_135512_camiseta_doblada,camiseta_doblada,0.1938,0
intento_135512_camiseta_doblada,camiseta_doblada,0.0416,0
intento_135512_camiseta_doblada,camiseta_doblada,0.4428,0
intento_135512_camiseta_doblada,camiseta_doblada,0.2122,0
intento_135512_camiseta_doblada,camiseta_doblada,0.0352,0
intento_135512_camiseta_doblada,camiseta_doblada,0.2743,0
intento_135512_camiseta_doblada,camiseta_doblada,0.0716,0
intento_135512_camiseta_doblada,camiseta_doblada,0.5295,0
intento_135512_camiseta_doblada,camiseta_doblada,0.0147,0
intento_135512_camiseta_doblada,camiseta_doblada,0.1648,0
intento_135512_camiseta_doblada,camiseta_doblada,0.277,0
intento_135512_camiseta_doblada,camiseta_doblada,0.0144,0
intento_135512_camiseta_doblada,camiseta_doblada,0.0984,0
intento_135512_camiseta_doblada,camiseta_doblada,0.1637,0
intento_135512_camiseta_doblada,camiseta_doblada,0.0779,0
intento_135512_camiseta_doblada,camiseta_doblada,0.4078,1
intento_135512_camiseta_doblada,camiseta_doblada,0.4328,0
intento_135512_camiseta_doblada,camiseta_doblada,0.0466,0
intento_135512_camiseta_doblada,camiseta_doblada,0.2719,0
intento_135512_camiseta_doblada,camiseta_doblada,0.4336,1
intento_135512_camiseta_doblada,camiseta_doblada,0.0721,1
intento_135512_camiseta_doblada,camiseta_doblada,0.0615,0
intento_135512_camiseta_doblada,camiseta_doblada,0.4045,1
intento_135512_camiseta_doblada,camiseta_doblada,0.4192,0
intento_135512_camiseta_doblada,camiseta_doblada,0.0356,1
intento_135512_camiseta_doblada,camiseta_doblada,0.1393,0
intento_135512_camiseta_doblada,camiseta_doblada,0.3783,0
intento_135512_camiseta_doblada,camiseta_doblada,0.1685,0
intento_135512_camiseta_doblada,camiseta_doblada,0.1561,0
intento_135512_camiseta_doblada,camiseta_doblada,0.215,0
intento_135512_camiseta_doblada,camiseta_doblada,0.0108,0
